2026-08-07T00:15:54.256+05:30  INFO 23584 --- [main] com.examind.ai.BackendApplication        : Starting BackendApplication using Java 21.0.10 with PID 23584 (F:\CDAC FINAL PROJECT DRAFT\Versions\removing unecessary code\examind-cleaned\examind-cleaned\backend\target\classes started by Dell in F:\CDAC FINAL PROJECT DRAFT\Versions\removing unecessary code\examind-cleaned\examind-cleaned\backend)
2026-08-07T00:15:54.259+05:30  INFO 23584 --- [main] com.examind.ai.BackendApplication        : No active profile set, falling back to 1 default profile: "default"
2026-08-07T00:15:55.316+05:30  INFO 23584 --- [main] .s.d.r.c.RepositoryConfigurationDelegate : Bootstrapping Spring Data JPA repositories in DEFAULT mode.
2026-08-07T00:15:55.464+05:30  INFO 23584 --- [main] .s.d.r.c.RepositoryConfigurationDelegate : Finished Spring Data repository scanning in 134 ms. Found 18 JPA repository interfaces.
2026-08-07T00:15:56.241+05:30  INFO 23584 --- [main] o.s.b.w.embedded.tomcat.TomcatWebServer  : Tomcat initialized with port 5000 (http)
2026-08-07T00:15:56.257+05:30  INFO 23584 --- [main] o.apache.catalina.core.StandardService   : Starting service [Tomcat]
2026-08-07T00:15:56.258+05:30  INFO 23584 --- [main] o.apache.catalina.core.StandardEngine    : Starting Servlet engine: [Apache Tomcat/10.1.26]
2026-08-07T00:15:56.358+05:30  INFO 23584 --- [main] o.a.c.c.C.[Tomcat].[localhost].[/api]    : Initializing Spring embedded WebApplicationContext
2026-08-07T00:15:56.359+05:30  INFO 23584 --- [main] w.s.c.ServletWebServerApplicationContext : Root WebApplicationContext: initialization completed in 2034 ms
2026-08-07T00:15:56.552+05:30  INFO 23584 --- [main] o.hibernate.jpa.internal.util.LogHelper  : HHH000204: Processing PersistenceUnitInfo [name: default]
2026-08-07T00:15:56.635+05:30  INFO 23584 --- [main] org.hibernate.Version                    : HHH000412: Hibernate ORM core version 6.5.2.Final
2026-08-07T00:15:56.682+05:30  INFO 23584 --- [main] o.h.c.internal.RegionFactoryInitiator    : HHH000026: Second-level cache disabled
2026-08-07T00:15:57.019+05:30  INFO 23584 --- [main] o.s.o.j.p.SpringPersistenceUnitInfo      : No LoadTimeWeaver setup: ignoring JPA class transformer
2026-08-07T00:15:57.054+05:30  INFO 23584 --- [main] com.zaxxer.hikari.HikariDataSource       : HikariPool-1 - Starting...
2026-08-07T00:15:57.254+05:30  INFO 23584 --- [main] com.zaxxer.hikari.pool.HikariPool        : HikariPool-1 - Added connection com.mysql.cj.jdbc.ConnectionImpl@40c28b0d
2026-08-07T00:15:57.258+05:30  INFO 23584 --- [main] com.zaxxer.hikari.HikariDataSource       : HikariPool-1 - Start completed.
2026-08-07T00:15:57.366+05:30  WARN 23584 --- [main] org.hibernate.orm.deprecation            : HHH90000025: MySQLDialect does not need to be specified explicitly using 'hibernate.dialect' (remove the property setting and it will be selected by default)
2026-08-07T00:15:59.265+05:30  INFO 23584 --- [main] o.h.e.t.j.p.i.JtaPlatformInitiator       : HHH000489: No JTA platform available (set 'hibernate.transaction.jta.platform' to enable JTA platform integration)
2026-08-07T00:16:00.225+05:30  INFO 23584 --- [main] j.LocalContainerEntityManagerFactoryBean : Initialized JPA EntityManagerFactory for persistence unit 'default'
2026-08-07T00:16:00.750+05:30  INFO 23584 --- [main] o.s.d.j.r.query.QueryEnhancerFactory     : Hibernate is in classpath; If applicable, HQL parser will be used.
2026-08-07T00:16:04.815+05:30  WARN 23584 --- [main] JpaBaseConfiguration$JpaWebConfiguration : spring.jpa.open-in-view is enabled by default. Therefore, database queries may be performed during view rendering. Explicitly configure spring.jpa.open-in-view to disable this warning
2026-08-07T00:16:04.882+05:30  INFO 23584 --- [main] r$InitializeUserDetailsManagerConfigurer : Global AuthenticationManager configured with UserDetailsService bean with name customUserDetailsService
2026-08-07T00:16:05.991+05:30  INFO 23584 --- [main] o.s.b.w.embedded.tomcat.TomcatWebServer  : Tomcat started on port 5000 (http) with context path '/api'
2026-08-07T00:16:06.008+05:30  INFO 23584 --- [main] com.examind.ai.BackendApplication        : Started BackendApplication in 12.372 seconds (process running for 12.916)
2026-08-07T00:17:18.890+05:30  INFO 23584 --- [http-nio-5000-exec-1] o.a.c.c.C.[Tomcat].[localhost].[/api]    : Initializing Spring DispatcherServlet 'dispatcherServlet'
2026-08-07T00:17:18.890+05:30  INFO 23584 --- [http-nio-5000-exec-1] o.s.web.servlet.DispatcherServlet        : Initializing Servlet 'dispatcherServlet'
2026-08-07T00:17:18.896+05:30  INFO 23584 --- [http-nio-5000-exec-1] o.s.web.servlet.DispatcherServlet        : Completed initialization in 6 ms
2026-08-07T00:17:19.208+05:30  INFO 23584 --- [http-nio-5000-exec-1] c.e.ai.service.impl.AuthServiceImpl      : User login attempt from IP: 0:0:0:0:0:0:0:1, email: pratiknavale21@gmail.com
2026-08-07T00:17:19.716+05:30  INFO 23584 --- [http-nio-5000-exec-1] c.e.ai.service.impl.AuthServiceImpl      : User logged in successfully: pratiknavale21@gmail.com
2026-08-07T00:17:19.945+05:30  INFO 23584 --- [http-nio-5000-exec-3] c.e.a.s.impl.NotificationServiceImpl     : Fetching notifications for user: pratiknavale21@gmail.com
2026-08-07T00:17:19.949+05:30  INFO 23584 --- [http-nio-5000-exec-4] c.e.a.service.impl.DashboardServiceImpl  : Loading student dashboard for: pratiknavale21@gmail.com
2026-08-07T00:17:20.040+05:30  INFO 23584 --- [http-nio-5000-exec-5] c.e.a.s.impl.NotificationServiceImpl     : Fetching notifications for user: pratiknavale21@gmail.com
2026-08-07T00:17:20.232+05:30  INFO 23584 --- [http-nio-5000-exec-6] c.e.a.service.impl.DashboardServiceImpl  : Loading student dashboard for: pratiknavale21@gmail.com
2026-08-07T00:17:23.351+05:30  INFO 23584 --- [http-nio-5000-exec-7] c.e.a.s.impl.NotificationServiceImpl     : Fetching notifications for user: pratiknavale21@gmail.com
2026-08-07T00:17:23.387+05:30  INFO 23584 --- [http-nio-5000-exec-9] c.e.a.s.impl.NotificationServiceImpl     : Fetching notifications for user: pratiknavale21@gmail.com
2026-08-07T00:17:24.747+05:30  INFO 23584 --- [http-nio-5000-exec-1] c.e.a.s.impl.NotificationServiceImpl     : Fetching notifications for user: pratiknavale21@gmail.com
2026-08-07T00:17:24.748+05:30  INFO 23584 --- [http-nio-5000-exec-3] c.e.ai.service.impl.AttemptServiceImpl   : Loading attempts list for student: pratiknavale21@gmail.com
2026-08-07T00:17:24.756+05:30  INFO 23584 --- [http-nio-5000-exec-2] c.e.ai.service.impl.QuizServiceImpl      : Loading quizzes for user: pratiknavale21@gmail.com, role: student
2026-08-07T00:17:24.774+05:30  INFO 23584 --- [http-nio-5000-exec-5] c.e.a.s.impl.NotificationServiceImpl     : Fetching notifications for user: pratiknavale21@gmail.com
2026-08-07T00:17:24.930+05:30  INFO 23584 --- [http-nio-5000-exec-4] c.e.ai.service.impl.QuizServiceImpl      : Loading quizzes for user: pratiknavale21@gmail.com, role: student
2026-08-07T00:17:24.948+05:30  INFO 23584 --- [http-nio-5000-exec-6] c.e.ai.service.impl.AttemptServiceImpl   : Loading attempts list for student: pratiknavale21@gmail.com
2026-08-07T00:17:25.869+05:30  INFO 23584 --- [http-nio-5000-exec-7] c.e.a.s.impl.NotificationServiceImpl     : Fetching notifications for user: pratiknavale21@gmail.com
2026-08-07T00:17:25.870+05:30  INFO 23584 --- [http-nio-5000-exec-9] c.e.ai.service.impl.AttemptServiceImpl   : Loading attempts list for student: pratiknavale21@gmail.com
2026-08-07T00:17:25.895+05:30  INFO 23584 --- [http-nio-5000-exec-8] c.e.a.s.impl.NotificationServiceImpl     : Fetching notifications for user: pratiknavale21@gmail.com
2026-08-07T00:17:25.960+05:30  INFO 23584 --- [http-nio-5000-exec-10] c.e.ai.service.impl.AttemptServiceImpl   : Loading attempts list for student: pratiknavale21@gmail.com
2026-08-07T00:17:26.835+05:30  INFO 23584 --- [http-nio-5000-exec-1] c.e.a.s.impl.NotificationServiceImpl     : Fetching notifications for user: pratiknavale21@gmail.com
2026-08-07T00:17:26.836+05:30  INFO 23584 --- [http-nio-5000-exec-5] c.e.a.service.impl.AnalyticsServiceImpl  : Loading personal analytics for student: pratiknavale21@gmail.com
2026-08-07T00:17:26.855+05:30  INFO 23584 --- [http-nio-5000-exec-2] c.e.a.s.impl.NotificationServiceImpl     : Fetching notifications for user: pratiknavale21@gmail.com
2026-08-07T00:17:26.906+05:30  INFO 23584 --- [http-nio-5000-exec-3] c.e.a.service.impl.AnalyticsServiceImpl  : Loading personal analytics for student: pratiknavale21@gmail.com
2026-08-07T00:17:27.518+05:30  INFO 23584 --- [http-nio-5000-exec-4] c.e.a.s.impl.NotificationServiceImpl     : Fetching notifications for user: pratiknavale21@gmail.com
2026-08-07T00:17:27.538+05:30  INFO 23584 --- [http-nio-5000-exec-7] c.e.a.s.impl.NotificationServiceImpl     : Fetching notifications for user: pratiknavale21@gmail.com
2026-08-07T00:17:28.390+05:30  INFO 23584 --- [http-nio-5000-exec-9] c.e.a.s.impl.NotificationServiceImpl     : Fetching notifications for user: pratiknavale21@gmail.com
2026-08-07T00:17:28.420+05:30  INFO 23584 --- [http-nio-5000-exec-5] c.e.a.s.impl.NotificationServiceImpl     : Fetching notifications for user: pratiknavale21@gmail.com
2026-08-07T00:17:29.573+05:30  INFO 23584 --- [http-nio-5000-exec-3] c.e.a.s.impl.NotificationServiceImpl     : Fetching notifications for user: pratiknavale21@gmail.com
2026-08-07T00:17:29.605+05:30  INFO 23584 --- [http-nio-5000-exec-3] c.e.a.s.impl.NotificationServiceImpl     : Fetching notifications for user: pratiknavale21@gmail.com
2026-08-07T00:17:31.456+05:30  INFO 23584 --- [http-nio-5000-exec-8] c.e.a.s.impl.NotificationServiceImpl     : Fetching notifications for user: pratiknavale21@gmail.com
2026-08-07T00:17:31.458+05:30  INFO 23584 --- [http-nio-5000-exec-10] c.e.ai.service.impl.AICoachServiceImpl   : Generating AI Coach insights for student: pratiknavale21@gmail.com
2026-08-07T00:17:31.477+05:30  INFO 23584 --- [http-nio-5000-exec-1] c.e.a.s.impl.NotificationServiceImpl     : Fetching notifications for user: pratiknavale21@gmail.com
2026-08-07T00:17:31.550+05:30  INFO 23584 --- [http-nio-5000-exec-9] c.e.ai.service.impl.AICoachServiceImpl   : Generating AI Coach insights for student: pratiknavale21@gmail.com
2026-08-07T00:17:46.604+05:30  INFO 23584 --- [http-nio-5000-exec-5] c.e.a.s.impl.NotificationServiceImpl     : Fetching notifications for user: pratiknavale21@gmail.com
2026-08-07T00:17:46.630+05:30  INFO 23584 --- [http-nio-5000-exec-7] c.e.a.s.impl.NotificationServiceImpl     : Fetching notifications for user: pratiknavale21@gmail.com
2026-08-07T00:17:47.959+05:30  INFO 23584 --- [http-nio-5000-exec-6] c.e.a.s.impl.NotificationServiceImpl     : Fetching notifications for user: pratiknavale21@gmail.com
2026-08-07T00:17:47.978+05:30  INFO 23584 --- [http-nio-5000-exec-6] c.e.a.s.impl.NotificationServiceImpl     : Fetching notifications for user: pratiknavale21@gmail.com
2026-08-07T00:17:51.276+05:30  INFO 23584 --- [http-nio-5000-exec-10] c.e.a.s.impl.NotificationServiceImpl     : Fetching notifications for user: pratiknavale21@gmail.com
2026-08-07T00:17:51.277+05:30  INFO 23584 --- [http-nio-5000-exec-9] c.e.ai.service.impl.AttemptServiceImpl   : Loading attempts list for student: pratiknavale21@gmail.com
2026-08-07T00:17:51.297+05:30  INFO 23584 --- [http-nio-5000-exec-10] c.e.a.s.impl.NotificationServiceImpl     : Fetching notifications for user: pratiknavale21@gmail.com
2026-08-07T00:17:51.379+05:30  INFO 23584 --- [http-nio-5000-exec-2] c.e.ai.service.impl.AttemptServiceImpl   : Loading attempts list for student: pratiknavale21@gmail.com
2026-08-07T00:17:53.390+05:30  INFO 23584 --- [http-nio-5000-exec-7] c.e.a.s.impl.NotificationServiceImpl     : Fetching notifications for user: pratiknavale21@gmail.com
2026-08-07T00:17:53.414+05:30  INFO 23584 --- [http-nio-5000-exec-7] c.e.a.s.impl.NotificationServiceImpl     : Fetching notifications for user: pratiknavale21@gmail.com
2026-08-07T00:17:56.415+05:30  INFO 23584 --- [http-nio-5000-exec-8] c.e.a.s.impl.NotificationServiceImpl     : Fetching notifications for user: pratiknavale21@gmail.com
2026-08-07T00:17:56.434+05:30  INFO 23584 --- [http-nio-5000-exec-6] c.e.a.s.impl.NotificationServiceImpl     : Fetching notifications for user: pratiknavale21@gmail.com
2026-08-07T00:18:11.501+05:30  INFO 23584 --- [http-nio-5000-exec-2] c.e.a.s.impl.NotificationServiceImpl     : Fetching notifications for user: pratiknavale21@gmail.com
2026-08-07T00:18:11.524+05:30  INFO 23584 --- [http-nio-5000-exec-4] c.e.a.s.impl.NotificationServiceImpl     : Fetching notifications for user: pratiknavale21@gmail.com
2026-08-07T00:18:14.182+05:30  INFO 23584 --- [http-nio-5000-exec-7] c.e.a.s.impl.NotificationServiceImpl     : Fetching notifications for user: pratiknavale21@gmail.com
2026-08-07T00:18:14.202+05:30  INFO 23584 --- [http-nio-5000-exec-8] c.e.a.s.impl.NotificationServiceImpl     : Fetching notifications for user: pratiknavale21@gmail.com
2026-08-07T00:18:24.941+05:30  INFO 23584 --- [http-nio-5000-exec-1] c.e.a.s.impl.NotificationServiceImpl     : Fetching notifications for user: pratiknavale21@gmail.com
2026-08-07T00:18:24.945+05:30  INFO 23584 --- [http-nio-5000-exec-7] c.e.a.controller.PaymentProxyController  : Proxying request [GET /api/payments/plans] -> target [http://localhost:5001/api/payments/plans]
2026-08-07T00:18:24.945+05:30  INFO 23584 --- [http-nio-5000-exec-4] c.e.a.controller.PaymentProxyController  : Proxying request [GET /api/payments/my] -> target [http://localhost:5001/api/payments/my]
2026-08-07T00:18:24.962+05:30  INFO 23584 --- [http-nio-5000-exec-8] c.e.a.s.impl.NotificationServiceImpl     : Fetching notifications for user: pratiknavale21@gmail.com
2026-08-07T00:18:26.490+05:30  INFO 23584 --- [http-nio-5000-exec-3] c.e.a.controller.PaymentProxyController  : Proxying request [GET /api/payments/plans] -> target [http://localhost:5001/api/payments/plans]
2026-08-07T00:18:26.645+05:30  INFO 23584 --- [http-nio-5000-exec-5] c.e.a.controller.PaymentProxyController  : Proxying request [GET /api/payments/my] -> target [http://localhost:5001/api/payments/my]
2026-08-07T00:18:30.644+05:30  INFO 23584 --- [http-nio-5000-exec-2] c.e.a.s.impl.NotificationServiceImpl     : Marking all notifications for user pratiknavale21@gmail.com as read
2026-08-07T00:18:32.595+05:30  INFO 23584 --- [http-nio-5000-exec-1] c.e.a.s.impl.NotificationServiceImpl     : Fetching notifications for user: pratiknavale21@gmail.com
2026-08-07T00:18:32.621+05:30  INFO 23584 --- [http-nio-5000-exec-6] c.e.a.s.impl.NotificationServiceImpl     : Fetching notifications for user: pratiknavale21@gmail.com
2026-08-07T00:18:57.169+05:30  INFO 23584 --- [http-nio-5000-exec-3] c.e.a.s.impl.NotificationServiceImpl     : Fetching notifications for user: pratiknavale21@gmail.com
2026-08-07T00:18:57.169+05:30  INFO 23584 --- [http-nio-5000-exec-4] c.e.a.service.impl.DashboardServiceImpl  : Loading student dashboard for: pratiknavale21@gmail.com
2026-08-07T00:18:57.186+05:30  INFO 23584 --- [http-nio-5000-exec-10] c.e.a.s.impl.NotificationServiceImpl     : Fetching notifications for user: pratiknavale21@gmail.com
2026-08-07T00:18:57.244+05:30  INFO 23584 --- [http-nio-5000-exec-5] c.e.a.service.impl.DashboardServiceImpl  : Loading student dashboard for: pratiknavale21@gmail.com
2026-08-07T00:18:59.949+05:30  INFO 23584 --- [http-nio-5000-exec-9] c.e.a.s.impl.NotificationServiceImpl     : Fetching notifications for user: pratiknavale21@gmail.com
2026-08-07T00:18:59.973+05:30  INFO 23584 --- [http-nio-5000-exec-1] c.e.a.s.impl.NotificationServiceImpl     : Fetching notifications for user: pratiknavale21@gmail.com
2026-08-07T00:19:00.617+05:30  INFO 23584 --- [http-nio-5000-exec-6] c.e.a.s.impl.NotificationServiceImpl     : Fetching notifications for user: pratiknavale21@gmail.com
2026-08-07T00:19:00.618+05:30  INFO 23584 --- [http-nio-5000-exec-3] c.e.ai.service.impl.AttemptServiceImpl   : Loading attempts list for student: pratiknavale21@gmail.com
2026-08-07T00:19:00.620+05:30  INFO 23584 --- [http-nio-5000-exec-7] c.e.ai.service.impl.QuizServiceImpl      : Loading quizzes for user: pratiknavale21@gmail.com, role: student
2026-08-07T00:19:00.634+05:30  INFO 23584 --- [http-nio-5000-exec-10] c.e.a.s.impl.NotificationServiceImpl     : Fetching notifications for user: pratiknavale21@gmail.com
2026-08-07T00:19:00.688+05:30  INFO 23584 --- [http-nio-5000-exec-4] c.e.ai.service.impl.QuizServiceImpl      : Loading quizzes for user: pratiknavale21@gmail.com, role: student
2026-08-07T00:19:00.691+05:30  INFO 23584 --- [http-nio-5000-exec-5] c.e.ai.service.impl.AttemptServiceImpl   : Loading attempts list for student: pratiknavale21@gmail.com
2026-08-07T00:19:08.618+05:30  INFO 23584 --- [http-nio-5000-exec-6] c.e.ai.service.impl.QuizServiceImpl      : Loading quiz ID: 16 for user: pratiknavale21@gmail.com
2026-08-07T00:19:08.665+05:30  INFO 23584 --- [http-nio-5000-exec-10] c.e.ai.service.impl.QuizServiceImpl      : Loading quiz ID: 16 for user: pratiknavale21@gmail.com
2026-08-07T00:19:14.912+05:30  INFO 23584 --- [http-nio-5000-exec-7] c.e.a.s.impl.NotificationServiceImpl     : Fetching notifications for user: pratiknavale21@gmail.com
2026-08-07T00:19:14.912+05:30  INFO 23584 --- [http-nio-5000-exec-4] c.e.ai.service.impl.AttemptServiceImpl   : Loading attempts list for student: pratiknavale21@gmail.com
2026-08-07T00:19:14.918+05:30  INFO 23584 --- [http-nio-5000-exec-3] c.e.ai.service.impl.QuizServiceImpl      : Loading quizzes for user: pratiknavale21@gmail.com, role: student
2026-08-07T00:19:14.945+05:30  INFO 23584 --- [http-nio-5000-exec-5] c.e.a.s.impl.NotificationServiceImpl     : Fetching notifications for user: pratiknavale21@gmail.com
2026-08-07T00:19:15.004+05:30  INFO 23584 --- [http-nio-5000-exec-9] c.e.ai.service.impl.QuizServiceImpl      : Loading quizzes for user: pratiknavale21@gmail.com, role: student
2026-08-07T00:19:15.009+05:30  INFO 23584 --- [http-nio-5000-exec-2] c.e.ai.service.impl.AttemptServiceImpl   : Loading attempts list for student: pratiknavale21@gmail.com
2026-08-07T00:19:26.075+05:30  INFO 23584 --- [http-nio-5000-exec-6] c.e.ai.service.impl.QuizServiceImpl      : Loading quiz ID: 16 for user: pratiknavale21@gmail.com
2026-08-07T00:19:26.106+05:30  INFO 23584 --- [http-nio-5000-exec-7] c.e.ai.service.impl.QuizServiceImpl      : Loading quiz ID: 16 for user: pratiknavale21@gmail.com
2026-08-07T00:19:31.370+05:30  INFO 23584 --- [http-nio-5000-exec-4] c.e.ai.service.impl.AttemptServiceImpl   : Student: pratiknavale21@gmail.com starting quiz ID: 16
2026-08-07T00:19:31.494+05:30  INFO 23584 --- [http-nio-5000-exec-2] c.e.ai.service.impl.AttemptServiceImpl   : Loading details for attempt ID: 69
2026-08-07T00:20:04.591+05:30  INFO 23584 --- [http-nio-5000-exec-8] c.e.ai.service.impl.AttemptServiceImpl   : Submitting quiz attempt ID: 69
2026-08-07T00:20:04.823+05:30  INFO 23584 --- [http-nio-5000-exec-8] c.e.ai.service.impl.AttemptServiceImpl   : Student pratiknavale21@gmail.com earned badge: 🔥 3-Day Streak
2026-08-07T00:20:09.964+05:30  INFO 23584 --- [http-nio-5000-exec-8] c.e.ai.service.impl.EmailServiceImpl     : HTML Email sent successfully to pratiknavale21@gmail.com
2026-08-07T00:20:10.882+05:30  INFO 23584 --- [http-nio-5000-exec-7] c.e.a.s.impl.NotificationServiceImpl     : Fetching notifications for user: pratiknavale21@gmail.com
2026-08-07T00:20:10.903+05:30  INFO 23584 --- [http-nio-5000-exec-4] c.e.ai.service.impl.AttemptServiceImpl   : Loading details for attempt ID: 69
2026-08-07T00:20:10.916+05:30  INFO 23584 --- [http-nio-5000-exec-2] c.e.a.s.impl.NotificationServiceImpl     : Fetching notifications for user: pratiknavale21@gmail.com
2026-08-07T00:20:10.962+05:30  INFO 23584 --- [http-nio-5000-exec-1] c.e.ai.service.impl.AttemptServiceImpl   : Loading details for attempt ID: 69
2026-08-07T00:20:10.982+05:30  INFO 23584 --- [http-nio-5000-exec-6] c.e.a.s.impl.CertificateServiceImpl      : Request to get certificate for attempt ID: 69
2026-08-07T00:20:11.280+05:30  INFO 23584 --- [http-nio-5000-exec-10] c.e.a.s.impl.CertificateServiceImpl      : Request to get certificate for attempt ID: 69
2026-08-07T00:20:16.971+05:30  INFO 23584 --- [http-nio-5000-exec-9] c.e.a.s.impl.NotificationServiceImpl     : Fetching notifications for user: pratiknavale21@gmail.com
2026-08-07T00:20:16.971+05:30  INFO 23584 --- [http-nio-5000-exec-4] c.e.ai.service.impl.AttemptServiceImpl   : Loading attempts list for student: pratiknavale21@gmail.com
2026-08-07T00:20:16.973+05:30  INFO 23584 --- [http-nio-5000-exec-2] c.e.ai.service.impl.QuizServiceImpl      : Loading quizzes for user: pratiknavale21@gmail.com, role: student
2026-08-07T00:20:16.988+05:30  INFO 23584 --- [http-nio-5000-exec-8] c.e.a.s.impl.NotificationServiceImpl     : Fetching notifications for user: pratiknavale21@gmail.com
2026-08-07T00:20:17.051+05:30  INFO 23584 --- [http-nio-5000-exec-1] c.e.ai.service.impl.QuizServiceImpl      : Loading quizzes for user: pratiknavale21@gmail.com, role: student
2026-08-07T00:20:17.060+05:30  INFO 23584 --- [http-nio-5000-exec-6] c.e.ai.service.impl.AttemptServiceImpl   : Loading attempts list for student: pratiknavale21@gmail.com
2026-08-07T00:20:19.519+05:30  INFO 23584 --- [http-nio-5000-exec-1] c.e.a.s.impl.NotificationServiceImpl     : Fetching notifications for user: pratiknavale21@gmail.com
2026-08-07T00:20:19.520+05:30  INFO 23584 --- [http-nio-5000-exec-6] c.e.ai.service.impl.QuizServiceImpl      : Loading quizzes for user: pratiknavale21@gmail.com, role: student
2026-08-07T00:20:19.520+05:30  INFO 23584 --- [http-nio-5000-exec-7] c.e.ai.service.impl.AttemptServiceImpl   : Loading attempts list for student: pratiknavale21@gmail.com
2026-08-07T00:20:19.550+05:30  INFO 23584 --- [http-nio-5000-exec-3] c.e.a.s.impl.NotificationServiceImpl     : Fetching notifications for user: pratiknavale21@gmail.com
2026-08-07T00:20:19.601+05:30  INFO 23584 --- [http-nio-5000-exec-5] c.e.ai.service.impl.QuizServiceImpl      : Loading quizzes for user: pratiknavale21@gmail.com, role: student
2026-08-07T00:20:19.614+05:30  INFO 23584 --- [http-nio-5000-exec-9] c.e.ai.service.impl.AttemptServiceImpl   : Loading attempts list for student: pratiknavale21@gmail.com
2026-08-07T00:20:21.925+05:30  INFO 23584 --- [http-nio-5000-exec-1] c.e.ai.service.impl.QuizServiceImpl      : Loading quiz ID: 12 for user: pratiknavale21@gmail.com
2026-08-07T00:20:21.995+05:30  INFO 23584 --- [http-nio-5000-exec-3] c.e.ai.service.impl.QuizServiceImpl      : Loading quiz ID: 12 for user: pratiknavale21@gmail.com
2026-08-07T00:20:26.514+05:30  INFO 23584 --- [http-nio-5000-exec-6] c.e.ai.service.impl.AttemptServiceImpl   : Student: pratiknavale21@gmail.com starting quiz ID: 12
2026-08-07T00:20:28.930+05:30  INFO 23584 --- [http-nio-5000-exec-7] c.e.a.s.impl.NotificationServiceImpl     : Fetching notifications for user: pratiknavale21@gmail.com
2026-08-07T00:20:28.934+05:30  INFO 23584 --- [http-nio-5000-exec-5] c.e.ai.service.impl.QuizServiceImpl      : Loading quizzes for user: pratiknavale21@gmail.com, role: student
2026-08-07T00:20:28.935+05:30  INFO 23584 --- [http-nio-5000-exec-9] c.e.ai.service.impl.AttemptServiceImpl   : Loading attempts list for student: pratiknavale21@gmail.com
2026-08-07T00:20:28.953+05:30  INFO 23584 --- [http-nio-5000-exec-10] c.e.a.s.impl.NotificationServiceImpl     : Fetching notifications for user: pratiknavale21@gmail.com
2026-08-07T00:20:29.021+05:30  INFO 23584 --- [http-nio-5000-exec-4] c.e.ai.service.impl.QuizServiceImpl      : Loading quizzes for user: pratiknavale21@gmail.com, role: student
2026-08-07T00:20:29.033+05:30  INFO 23584 --- [http-nio-5000-exec-2] c.e.ai.service.impl.AttemptServiceImpl   : Loading attempts list for student: pratiknavale21@gmail.com
2026-08-07T00:20:32.974+05:30  INFO 23584 --- [http-nio-5000-exec-6] c.e.ai.service.impl.QuizServiceImpl      : Loading quiz ID: 11 for user: pratiknavale21@gmail.com
2026-08-07T00:20:32.990+05:30  INFO 23584 --- [http-nio-5000-exec-10] c.e.ai.service.impl.QuizServiceImpl      : Loading quiz ID: 11 for user: pratiknavale21@gmail.com
2026-08-07T00:20:37.420+05:30  INFO 23584 --- [http-nio-5000-exec-5] c.e.ai.service.impl.AttemptServiceImpl   : Student: pratiknavale21@gmail.com starting quiz ID: 11
2026-08-07T00:20:37.515+05:30  INFO 23584 --- [http-nio-5000-exec-4] c.e.ai.service.impl.AttemptServiceImpl   : Loading details for attempt ID: 70
2026-08-07T00:20:41.990+05:30  INFO 23584 --- [http-nio-5000-exec-3] c.e.ai.service.impl.AttemptServiceImpl   : Submitting quiz attempt ID: 70
2026-08-07T00:20:46.410+05:30  INFO 23584 --- [http-nio-5000-exec-3] c.e.ai.service.impl.EmailServiceImpl     : HTML Email sent successfully to pratiknavale21@gmail.com
2026-08-07T00:20:46.782+05:30  INFO 23584 --- [http-nio-5000-exec-6] c.e.a.s.impl.NotificationServiceImpl     : Fetching notifications for user: pratiknavale21@gmail.com
2026-08-07T00:20:46.790+05:30  INFO 23584 --- [http-nio-5000-exec-9] c.e.ai.service.impl.AttemptServiceImpl   : Loading details for attempt ID: 70
2026-08-07T00:20:46.810+05:30  INFO 23584 --- [http-nio-5000-exec-2] c.e.a.s.impl.NotificationServiceImpl     : Fetching notifications for user: pratiknavale21@gmail.com
2026-08-07T00:20:46.815+05:30  INFO 23584 --- [http-nio-5000-exec-3] c.e.ai.service.impl.AttemptServiceImpl   : Loading details for attempt ID: 70
2026-08-07T00:21:44.244+05:30  INFO 23584 --- [http-nio-5000-exec-9] c.e.a.s.impl.NotificationServiceImpl     : Fetching notifications for user: pratiknavale21@gmail.com
2026-08-07T00:21:44.245+05:30  INFO 23584 --- [http-nio-5000-exec-3] c.e.ai.service.impl.AttemptServiceImpl   : Loading attempts list for student: pratiknavale21@gmail.com
2026-08-07T00:21:44.245+05:30  INFO 23584 --- [http-nio-5000-exec-2] c.e.ai.service.impl.QuizServiceImpl      : Loading quizzes for user: pratiknavale21@gmail.com, role: student
2026-08-07T00:21:44.259+05:30  INFO 23584 --- [http-nio-5000-exec-1] c.e.a.s.impl.NotificationServiceImpl     : Fetching notifications for user: pratiknavale21@gmail.com
2026-08-07T00:21:44.308+05:30  INFO 23584 --- [http-nio-5000-exec-8] c.e.ai.service.impl.QuizServiceImpl      : Loading quizzes for user: pratiknavale21@gmail.com, role: student
2026-08-07T00:21:44.317+05:30  INFO 23584 --- [http-nio-5000-exec-10] c.e.ai.service.impl.AttemptServiceImpl   : Loading attempts list for student: pratiknavale21@gmail.com
2026-08-07T00:21:48.101+05:30  INFO 23584 --- [http-nio-5000-exec-4] c.e.ai.service.impl.QuizServiceImpl      : Loading quiz ID: 10 for user: pratiknavale21@gmail.com
2026-08-07T00:21:48.141+05:30  INFO 23584 --- [http-nio-5000-exec-1] c.e.ai.service.impl.QuizServiceImpl      : Loading quiz ID: 10 for user: pratiknavale21@gmail.com
2026-08-07T00:21:52.806+05:30  INFO 23584 --- [http-nio-5000-exec-2] c.e.ai.service.impl.AttemptServiceImpl   : Student: pratiknavale21@gmail.com starting quiz ID: 10
2026-08-07T00:21:52.948+05:30  INFO 23584 --- [http-nio-5000-exec-8] c.e.ai.service.impl.AttemptServiceImpl   : Loading details for attempt ID: 71
2026-08-07T00:23:55.356+05:30  INFO 23584 --- [http-nio-5000-exec-4] c.e.ai.service.impl.AttemptServiceImpl   : Submitting quiz attempt ID: 71
2026-08-07T00:24:00.189+05:30  INFO 23584 --- [http-nio-5000-exec-4] c.e.ai.service.impl.EmailServiceImpl     : HTML Email sent successfully to pratiknavale21@gmail.com
2026-08-07T00:24:00.930+05:30  INFO 23584 --- [http-nio-5000-exec-3] c.e.a.s.impl.NotificationServiceImpl     : Fetching notifications for user: pratiknavale21@gmail.com
2026-08-07T00:24:00.948+05:30  INFO 23584 --- [http-nio-5000-exec-5] c.e.ai.service.impl.AttemptServiceImpl   : Loading details for attempt ID: 71
2026-08-07T00:24:00.979+05:30  INFO 23584 --- [http-nio-5000-exec-9] c.e.a.s.impl.NotificationServiceImpl     : Fetching notifications for user: pratiknavale21@gmail.com
2026-08-07T00:24:01.007+05:30  INFO 23584 --- [http-nio-5000-exec-4] c.e.ai.service.impl.AttemptServiceImpl   : Loading details for attempt ID: 71
2026-08-07T00:25:45.127+05:30  INFO 23584 --- [http-nio-5000-exec-4] e.a.s.OAuth2AuthenticationSuccessHandler : OAuth2 login success for email: pratik.navale.cmfeb26@gmail.com
2026-08-07T00:25:46.316+05:30  INFO 23584 --- [http-nio-5000-exec-4] c.e.a.service.impl.DashboardServiceImpl  : Loading student dashboard for: pratiknavale21@gmail.com
2026-08-07T00:25:46.319+05:30  INFO 23584 --- [http-nio-5000-exec-2] c.e.a.s.impl.NotificationServiceImpl     : Fetching notifications for user: pratiknavale21@gmail.com
2026-08-07T00:25:46.344+05:30  INFO 23584 --- [http-nio-5000-exec-3] c.e.a.s.impl.NotificationServiceImpl     : Fetching notifications for user: pratiknavale21@gmail.com
2026-08-07T00:25:46.428+05:30  INFO 23584 --- [http-nio-5000-exec-10] c.e.a.service.impl.DashboardServiceImpl  : Loading student dashboard for: pratiknavale21@gmail.com
2026-08-07T00:29:20.079+05:30  INFO 23584 --- [http-nio-5000-exec-9] c.e.ai.service.impl.AttemptServiceImpl   : Loading details for attempt ID: 71
2026-08-07T00:29:20.093+05:30  INFO 23584 --- [http-nio-5000-exec-7] c.e.a.s.impl.NotificationServiceImpl     : Fetching notifications for user: pratiknavale21@gmail.com
2026-08-07T00:29:20.114+05:30  INFO 23584 --- [http-nio-5000-exec-10] c.e.a.s.impl.NotificationServiceImpl     : Fetching notifications for user: pratiknavale21@gmail.com
2026-08-07T00:29:20.155+05:30  INFO 23584 --- [http-nio-5000-exec-6] c.e.ai.service.impl.AttemptServiceImpl   : Loading details for attempt ID: 71
2026-08-07T00:29:21.431+05:30  INFO 23584 --- [http-nio-5000-exec-8] c.e.a.s.impl.NotificationServiceImpl     : Marking all notifications for user pratiknavale21@gmail.com as read
2026-08-07T00:29:23.778+05:30  INFO 23584 --- [http-nio-5000-exec-1] c.e.a.s.impl.NotificationServiceImpl     : Fetching notifications for user: pratiknavale21@gmail.com
2026-08-07T00:29:23.780+05:30  INFO 23584 --- [http-nio-5000-exec-9] c.e.ai.service.impl.QuizServiceImpl      : Loading quizzes for user: pratiknavale21@gmail.com, role: student
2026-08-07T00:29:23.780+05:30  INFO 23584 --- [http-nio-5000-exec-7] c.e.ai.service.impl.AttemptServiceImpl   : Loading attempts list for student: pratiknavale21@gmail.com
2026-08-07T00:29:23.793+05:30  INFO 23584 --- [http-nio-5000-exec-10] c.e.a.s.impl.NotificationServiceImpl     : Fetching notifications for user: pratiknavale21@gmail.com
2026-08-07T00:29:23.856+05:30  INFO 23584 --- [http-nio-5000-exec-6] c.e.ai.service.impl.QuizServiceImpl      : Loading quizzes for user: pratiknavale21@gmail.com, role: student
2026-08-07T00:29:23.908+05:30  INFO 23584 --- [http-nio-5000-exec-4] c.e.ai.service.impl.AttemptServiceImpl   : Loading attempts list for student: pratiknavale21@gmail.com
2026-08-07T00:29:32.847+05:30  INFO 23584 --- [http-nio-5000-exec-3] c.e.a.s.impl.NotificationServiceImpl     : Fetching notifications for user: pratiknavale21@gmail.com
2026-08-07T00:29:32.848+05:30  INFO 23584 --- [http-nio-5000-exec-8] c.e.ai.service.impl.AttemptServiceImpl   : Loading attempts list for student: pratiknavale21@gmail.com
2026-08-07T00:29:32.873+05:30  INFO 23584 --- [http-nio-5000-exec-2] c.e.a.s.impl.NotificationServiceImpl     : Fetching notifications for user: pratiknavale21@gmail.com
2026-08-07T00:29:32.958+05:30  INFO 23584 --- [http-nio-5000-exec-5] c.e.ai.service.impl.AttemptServiceImpl   : Loading attempts list for student: pratiknavale21@gmail.com
2026-08-07T00:29:34.797+05:30  INFO 23584 --- [http-nio-5000-exec-1] c.e.a.s.impl.NotificationServiceImpl     : Fetching notifications for user: pratiknavale21@gmail.com
2026-08-07T00:29:34.803+05:30  INFO 23584 --- [http-nio-5000-exec-6] c.e.a.service.impl.DashboardServiceImpl  : Loading student dashboard for: pratiknavale21@gmail.com
2026-08-07T00:29:34.810+05:30  INFO 23584 --- [http-nio-5000-exec-7] c.e.a.s.impl.NotificationServiceImpl     : Fetching notifications for user: pratiknavale21@gmail.com
2026-08-07T00:29:34.865+05:30  INFO 23584 --- [http-nio-5000-exec-4] c.e.a.service.impl.DashboardServiceImpl  : Loading student dashboard for: pratiknavale21@gmail.com
2026-08-07T00:33:17.959+05:30  INFO 18732 --- [main] com.examind.ai.BackendApplication        : Starting BackendApplication using Java 21.0.10 with PID 18732 (F:\CDAC FINAL PROJECT DRAFT\Versions\removing unecessary code\examind-cleaned\examind-cleaned\backend\target\classes started by Dell in F:\CDAC FINAL PROJECT DRAFT\Versions\removing unecessary code\examind-cleaned\examind-cleaned\backend)
2026-08-07T00:33:17.963+05:30  INFO 18732 --- [main] com.examind.ai.BackendApplication        : No active profile set, falling back to 1 default profile: "default"
2026-08-07T00:33:19.308+05:30  INFO 18732 --- [main] .s.d.r.c.RepositoryConfigurationDelegate : Bootstrapping Spring Data JPA repositories in DEFAULT mode.
2026-08-07T00:33:19.536+05:30  INFO 18732 --- [main] .s.d.r.c.RepositoryConfigurationDelegate : Finished Spring Data repository scanning in 218 ms. Found 18 JPA repository interfaces.
2026-08-07T00:33:20.524+05:30  INFO 18732 --- [main] o.s.b.w.embedded.tomcat.TomcatWebServer  : Tomcat initialized with port 5000 (http)
2026-08-07T00:33:20.549+05:30  INFO 18732 --- [main] o.apache.catalina.core.StandardService   : Starting service [Tomcat]
2026-08-07T00:33:20.550+05:30  INFO 18732 --- [main] o.apache.catalina.core.StandardEngine    : Starting Servlet engine: [Apache Tomcat/10.1.26]
2026-08-07T00:33:20.667+05:30  INFO 18732 --- [main] o.a.c.c.C.[Tomcat].[localhost].[/api]    : Initializing Spring embedded WebApplicationContext
2026-08-07T00:33:20.668+05:30  INFO 18732 --- [main] w.s.c.ServletWebServerApplicationContext : Root WebApplicationContext: initialization completed in 2629 ms
2026-08-07T00:33:21.026+05:30  INFO 18732 --- [main] o.hibernate.jpa.internal.util.LogHelper  : HHH000204: Processing PersistenceUnitInfo [name: default]
2026-08-07T00:33:21.135+05:30  INFO 18732 --- [main] org.hibernate.Version                    : HHH000412: Hibernate ORM core version 6.5.2.Final
2026-08-07T00:33:21.187+05:30  INFO 18732 --- [main] o.h.c.internal.RegionFactoryInitiator    : HHH000026: Second-level cache disabled
2026-08-07T00:33:21.645+05:30  INFO 18732 --- [main] o.s.o.j.p.SpringPersistenceUnitInfo      : No LoadTimeWeaver setup: ignoring JPA class transformer
2026-08-07T00:33:21.691+05:30  INFO 18732 --- [main] com.zaxxer.hikari.HikariDataSource       : HikariPool-1 - Starting...
2026-08-07T00:33:21.918+05:30  INFO 18732 --- [main] com.zaxxer.hikari.pool.HikariPool        : HikariPool-1 - Added connection com.mysql.cj.jdbc.ConnectionImpl@10d905c1
2026-08-07T00:33:21.921+05:30  INFO 18732 --- [main] com.zaxxer.hikari.HikariDataSource       : HikariPool-1 - Start completed.
2026-08-07T00:33:21.987+05:30  WARN 18732 --- [main] org.hibernate.orm.deprecation            : HHH90000025: MySQLDialect does not need to be specified explicitly using 'hibernate.dialect' (remove the property setting and it will be selected by default)
2026-08-07T00:33:23.878+05:30  INFO 18732 --- [main] o.h.e.t.j.p.i.JtaPlatformInitiator       : HHH000489: No JTA platform available (set 'hibernate.transaction.jta.platform' to enable JTA platform integration)
2026-08-07T00:33:24.851+05:30  INFO 18732 --- [main] j.LocalContainerEntityManagerFactoryBean : Initialized JPA EntityManagerFactory for persistence unit 'default'
2026-08-07T00:33:25.236+05:30  INFO 18732 --- [main] o.s.d.j.r.query.QueryEnhancerFactory     : Hibernate is in classpath; If applicable, HQL parser will be used.
2026-08-07T00:33:27.675+05:30  WARN 18732 --- [main] JpaBaseConfiguration$JpaWebConfiguration : spring.jpa.open-in-view is enabled by default. Therefore, database queries may be performed during view rendering. Explicitly configure spring.jpa.open-in-view to disable this warning
2026-08-07T00:33:27.712+05:30  INFO 18732 --- [main] r$InitializeUserDetailsManagerConfigurer : Global AuthenticationManager configured with UserDetailsService bean with name customUserDetailsService
2026-08-07T00:33:28.635+05:30  INFO 18732 --- [main] o.s.b.w.embedded.tomcat.TomcatWebServer  : Tomcat started on port 5000 (http) with context path '/api'
2026-08-07T00:33:28.647+05:30  INFO 18732 --- [main] com.examind.ai.BackendApplication        : Started BackendApplication in 11.441 seconds (process running for 11.969)
2026-08-07T00:34:01.416+05:30  INFO 18732 --- [http-nio-5000-exec-4] o.a.c.c.C.[Tomcat].[localhost].[/api]    : Initializing Spring DispatcherServlet 'dispatcherServlet'
2026-08-07T00:34:01.419+05:30  INFO 18732 --- [http-nio-5000-exec-4] o.s.web.servlet.DispatcherServlet        : Initializing Servlet 'dispatcherServlet'
2026-08-07T00:34:01.430+05:30  INFO 18732 --- [http-nio-5000-exec-4] o.s.web.servlet.DispatcherServlet        : Completed initialization in 9 ms
2026-08-07T00:34:02.505+05:30  INFO 18732 --- [http-nio-5000-exec-3] c.e.a.s.impl.NotificationServiceImpl     : Fetching notifications for user: pratiknavale21@gmail.com
2026-08-07T00:34:02.527+05:30  INFO 18732 --- [http-nio-5000-exec-4] c.e.a.service.impl.DashboardServiceImpl  : Loading student dashboard for: pratiknavale21@gmail.com
2026-08-07T00:34:02.598+05:30  INFO 18732 --- [http-nio-5000-exec-8] c.e.a.s.impl.NotificationServiceImpl     : Fetching notifications for user: pratiknavale21@gmail.com
2026-08-07T00:34:02.776+05:30  INFO 18732 --- [http-nio-5000-exec-2] c.e.a.service.impl.DashboardServiceImpl  : Loading student dashboard for: pratiknavale21@gmail.com
2026-08-07T00:34:05.736+05:30  INFO 18732 --- [http-nio-5000-exec-1] c.e.a.s.impl.NotificationServiceImpl     : Fetching notifications for user: pratiknavale21@gmail.com
2026-08-07T00:34:05.744+05:30  INFO 18732 --- [http-nio-5000-exec-10] c.e.ai.service.impl.AttemptServiceImpl   : Loading attempts list for student: pratiknavale21@gmail.com
2026-08-07T00:34:05.771+05:30  INFO 18732 --- [http-nio-5000-exec-6] c.e.ai.service.impl.QuizServiceImpl      : Loading quizzes for user: pratiknavale21@gmail.com, role: student
2026-08-07T00:34:05.775+05:30  INFO 18732 --- [http-nio-5000-exec-5] c.e.a.s.impl.NotificationServiceImpl     : Fetching notifications for user: pratiknavale21@gmail.com
2026-08-07T00:34:06.009+05:30  INFO 18732 --- [http-nio-5000-exec-3] c.e.ai.service.impl.QuizServiceImpl      : Loading quizzes for user: pratiknavale21@gmail.com, role: student
2026-08-07T00:34:06.090+05:30  INFO 18732 --- [http-nio-5000-exec-8] c.e.ai.service.impl.AttemptServiceImpl   : Loading attempts list for student: pratiknavale21@gmail.com
2026-08-07T00:34:19.127+05:30  INFO 18732 --- [http-nio-5000-exec-2] c.e.ai.service.impl.QuizServiceImpl      : Loading quiz ID: 16 for user: pratiknavale21@gmail.com
2026-08-07T00:34:19.174+05:30  INFO 18732 --- [http-nio-5000-exec-7] c.e.ai.service.impl.QuizServiceImpl      : Loading quiz ID: 16 for user: pratiknavale21@gmail.com
2026-08-07T00:34:25.172+05:30  INFO 18732 --- [http-nio-5000-exec-1] c.e.ai.service.impl.AttemptServiceImpl   : Student: pratiknavale21@gmail.com starting quiz ID: 16
2026-08-07T00:34:25.433+05:30  INFO 18732 --- [http-nio-5000-exec-6] c.e.ai.service.impl.AttemptServiceImpl   : Loading details for attempt ID: 72
2026-08-07T00:35:37.434+05:30  INFO 18732 --- [http-nio-5000-exec-1] c.e.ai.service.impl.AttemptServiceImpl   : Submitting quiz attempt ID: 72
2026-08-07T00:35:42.946+05:30  INFO 18732 --- [http-nio-5000-exec-1] c.e.ai.service.impl.EmailServiceImpl     : HTML Email sent successfully to pratiknavale21@gmail.com
2026-08-07T00:35:43.245+05:30  INFO 18732 --- [http-nio-5000-exec-10] c.e.a.s.impl.NotificationServiceImpl     : Fetching notifications for user: pratiknavale21@gmail.com
2026-08-07T00:35:43.251+05:30  INFO 18732 --- [http-nio-5000-exec-4] c.e.ai.service.impl.AttemptServiceImpl   : Loading details for attempt ID: 72
2026-08-07T00:35:43.287+05:30  INFO 18732 --- [http-nio-5000-exec-2] c.e.a.s.impl.NotificationServiceImpl     : Fetching notifications for user: pratiknavale21@gmail.com
2026-08-07T00:35:43.299+05:30  INFO 18732 --- [http-nio-5000-exec-7] c.e.ai.service.impl.AttemptServiceImpl   : Loading details for attempt ID: 72
2026-08-07T00:47:43.243+05:30  INFO 16820 --- [main] com.examind.ai.BackendApplication        : Starting BackendApplication using Java 21.0.10 with PID 16820 (F:\CDAC FINAL PROJECT DRAFT\Versions\removing unecessary code\examind-cleaned\examind-cleaned\backend\target\classes started by Dell in F:\CDAC FINAL PROJECT DRAFT\Versions\removing unecessary code\examind-cleaned\examind-cleaned\backend)
2026-08-07T00:47:43.246+05:30  INFO 16820 --- [main] com.examind.ai.BackendApplication        : No active profile set, falling back to 1 default profile: "default"
2026-08-07T00:47:44.271+05:30  INFO 16820 --- [main] .s.d.r.c.RepositoryConfigurationDelegate : Bootstrapping Spring Data JPA repositories in DEFAULT mode.
2026-08-07T00:47:44.414+05:30  INFO 16820 --- [main] .s.d.r.c.RepositoryConfigurationDelegate : Finished Spring Data repository scanning in 132 ms. Found 18 JPA repository interfaces.
2026-08-07T00:47:45.338+05:30  INFO 16820 --- [main] o.s.b.w.embedded.tomcat.TomcatWebServer  : Tomcat initialized with port 5000 (http)
2026-08-07T00:47:45.365+05:30  INFO 16820 --- [main] o.apache.catalina.core.StandardService   : Starting service [Tomcat]
2026-08-07T00:47:45.366+05:30  INFO 16820 --- [main] o.apache.catalina.core.StandardEngine    : Starting Servlet engine: [Apache Tomcat/10.1.26]
2026-08-07T00:47:45.504+05:30  INFO 16820 --- [main] o.a.c.c.C.[Tomcat].[localhost].[/api]    : Initializing Spring embedded WebApplicationContext
2026-08-07T00:47:45.506+05:30  INFO 16820 --- [main] w.s.c.ServletWebServerApplicationContext : Root WebApplicationContext: initialization completed in 2199 ms
2026-08-07T00:47:45.810+05:30  INFO 16820 --- [main] o.hibernate.jpa.internal.util.LogHelper  : HHH000204: Processing PersistenceUnitInfo [name: default]
2026-08-07T00:47:45.922+05:30  INFO 16820 --- [main] org.hibernate.Version                    : HHH000412: Hibernate ORM core version 6.5.2.Final
2026-08-07T00:47:45.993+05:30  INFO 16820 --- [main] o.h.c.internal.RegionFactoryInitiator    : HHH000026: Second-level cache disabled
2026-08-07T00:47:46.552+05:30  INFO 16820 --- [main] o.s.o.j.p.SpringPersistenceUnitInfo      : No LoadTimeWeaver setup: ignoring JPA class transformer
2026-08-07T00:47:46.611+05:30  INFO 16820 --- [main] com.zaxxer.hikari.HikariDataSource       : HikariPool-1 - Starting...
2026-08-07T00:47:46.929+05:30  INFO 16820 --- [main] com.zaxxer.hikari.pool.HikariPool        : HikariPool-1 - Added connection com.mysql.cj.jdbc.ConnectionImpl@1fa98a22
2026-08-07T00:47:46.936+05:30  INFO 16820 --- [main] com.zaxxer.hikari.HikariDataSource       : HikariPool-1 - Start completed.
2026-08-07T00:47:47.056+05:30  WARN 16820 --- [main] org.hibernate.orm.deprecation            : HHH90000025: MySQLDialect does not need to be specified explicitly using 'hibernate.dialect' (remove the property setting and it will be selected by default)
2026-08-07T00:47:49.729+05:30  INFO 16820 --- [main] o.h.e.t.j.p.i.JtaPlatformInitiator       : HHH000489: No JTA platform available (set 'hibernate.transaction.jta.platform' to enable JTA platform integration)
2026-08-07T00:47:50.914+05:30  INFO 16820 --- [main] j.LocalContainerEntityManagerFactoryBean : Initialized JPA EntityManagerFactory for persistence unit 'default'
2026-08-07T00:47:51.416+05:30  INFO 16820 --- [main] o.s.d.j.r.query.QueryEnhancerFactory     : Hibernate is in classpath; If applicable, HQL parser will be used.
2026-08-07T00:47:55.325+05:30  WARN 16820 --- [main] JpaBaseConfiguration$JpaWebConfiguration : spring.jpa.open-in-view is enabled by default. Therefore, database queries may be performed during view rendering. Explicitly configure spring.jpa.open-in-view to disable this warning
2026-08-07T00:47:55.378+05:30  INFO 16820 --- [main] r$InitializeUserDetailsManagerConfigurer : Global AuthenticationManager configured with UserDetailsService bean with name customUserDetailsService
2026-08-07T00:47:56.723+05:30  INFO 16820 --- [main] o.s.b.w.embedded.tomcat.TomcatWebServer  : Tomcat started on port 5000 (http) with context path '/api'
2026-08-07T00:47:56.743+05:30  INFO 16820 --- [main] com.examind.ai.BackendApplication        : Started BackendApplication in 14.135 seconds (process running for 14.74)
2026-08-07T00:48:02.266+05:30  INFO 16820 --- [http-nio-5000-exec-1] o.a.c.c.C.[Tomcat].[localhost].[/api]    : Initializing Spring DispatcherServlet 'dispatcherServlet'
2026-08-07T00:48:02.266+05:30  INFO 16820 --- [http-nio-5000-exec-1] o.s.web.servlet.DispatcherServlet        : Initializing Servlet 'dispatcherServlet'
2026-08-07T00:48:02.269+05:30  INFO 16820 --- [http-nio-5000-exec-1] o.s.web.servlet.DispatcherServlet        : Completed initialization in 2 ms
2026-08-07T00:48:13.659+05:30  INFO 16820 --- [http-nio-5000-exec-4] c.e.ai.service.impl.AuthServiceImpl      : User login attempt from IP: 0:0:0:0:0:0:0:1, email: pratiknavale21@gmail.com
2026-08-07T00:48:14.170+05:30  INFO 16820 --- [http-nio-5000-exec-4] c.e.ai.service.impl.AuthServiceImpl      : User logged in successfully: pratiknavale21@gmail.com
2026-08-07T00:48:14.546+05:30  INFO 16820 --- [http-nio-5000-exec-6] c.e.a.s.impl.NotificationServiceImpl     : Fetching notifications for user: pratiknavale21@gmail.com
2026-08-07T00:48:14.550+05:30  INFO 16820 --- [http-nio-5000-exec-7] c.e.a.service.impl.DashboardServiceImpl  : Loading student dashboard for: pratiknavale21@gmail.com
2026-08-07T00:48:14.761+05:30  INFO 16820 --- [http-nio-5000-exec-8] c.e.a.s.impl.NotificationServiceImpl     : Fetching notifications for user: pratiknavale21@gmail.com
2026-08-07T00:48:15.203+05:30  INFO 16820 --- [http-nio-5000-exec-9] c.e.a.service.impl.DashboardServiceImpl  : Loading student dashboard for: pratiknavale21@gmail.com
2026-08-07T00:48:19.514+05:30  INFO 16820 --- [http-nio-5000-exec-10] c.e.a.s.impl.NotificationServiceImpl     : Fetching notifications for user: pratiknavale21@gmail.com
2026-08-07T00:48:19.516+05:30  INFO 16820 --- [http-nio-5000-exec-2] c.e.ai.service.impl.AttemptServiceImpl   : Loading attempts list for student: pratiknavale21@gmail.com
2026-08-07T00:48:19.539+05:30  INFO 16820 --- [http-nio-5000-exec-1] c.e.ai.service.impl.QuizServiceImpl      : Loading quizzes for user: pratiknavale21@gmail.com, role: student
2026-08-07T00:48:19.571+05:30  INFO 16820 --- [http-nio-5000-exec-3] c.e.a.s.impl.NotificationServiceImpl     : Fetching notifications for user: pratiknavale21@gmail.com
2026-08-07T00:48:19.812+05:30  INFO 16820 --- [http-nio-5000-exec-4] c.e.ai.service.impl.QuizServiceImpl      : Loading quizzes for user: pratiknavale21@gmail.com, role: student
2026-08-07T00:48:19.849+05:30  INFO 16820 --- [http-nio-5000-exec-5] c.e.ai.service.impl.AttemptServiceImpl   : Loading attempts list for student: pratiknavale21@gmail.com
2026-08-07T00:48:22.850+05:30  INFO 16820 --- [http-nio-5000-exec-8] c.e.ai.service.impl.QuizServiceImpl      : Loading quiz ID: 16 for user: pratiknavale21@gmail.com
2026-08-07T00:48:22.899+05:30  INFO 16820 --- [http-nio-5000-exec-9] c.e.ai.service.impl.QuizServiceImpl      : Loading quiz ID: 16 for user: pratiknavale21@gmail.com
2026-08-07T00:48:28.241+05:30  INFO 16820 --- [http-nio-5000-exec-10] c.e.ai.service.impl.AttemptServiceImpl   : Student: pratiknavale21@gmail.com starting quiz ID: 16
2026-08-07T00:48:28.375+05:30  INFO 16820 --- [http-nio-5000-exec-1] c.e.ai.service.impl.AttemptServiceImpl   : Loading details for attempt ID: 73
2026-08-07T00:50:18.296+05:30  INFO 16820 --- [http-nio-5000-exec-7] c.e.ai.service.impl.AttemptServiceImpl   : Submitting quiz attempt ID: 73
2026-08-07T00:50:23.673+05:30  INFO 16820 --- [http-nio-5000-exec-7] c.e.ai.service.impl.EmailServiceImpl     : HTML Email sent successfully to pratiknavale21@gmail.com
2026-08-07T00:50:24.033+05:30  INFO 16820 --- [http-nio-5000-exec-10] c.e.a.s.impl.NotificationServiceImpl     : Fetching notifications for user: pratiknavale21@gmail.com
2026-08-07T00:50:24.035+05:30  INFO 16820 --- [http-nio-5000-exec-2] c.e.ai.service.impl.AttemptServiceImpl   : Loading details for attempt ID: 73
2026-08-07T00:50:24.072+05:30  INFO 16820 --- [http-nio-5000-exec-6] c.e.a.s.impl.NotificationServiceImpl     : Fetching notifications for user: pratiknavale21@gmail.com
2026-08-07T00:50:24.075+05:30  INFO 16820 --- [http-nio-5000-exec-7] c.e.ai.service.impl.AttemptServiceImpl   : Loading details for attempt ID: 73
2026-08-07T00:53:29.536+05:30  INFO 16820 --- [http-nio-5000-exec-4] c.e.a.s.impl.NotificationServiceImpl     : Fetching notifications for user: pratiknavale21@gmail.com
2026-08-07T00:53:29.539+05:30  INFO 16820 --- [http-nio-5000-exec-3] c.e.ai.service.impl.AttemptServiceImpl   : Loading details for attempt ID: 73
2026-08-07T00:53:29.574+05:30  INFO 16820 --- [http-nio-5000-exec-6] c.e.a.s.impl.NotificationServiceImpl     : Fetching notifications for user: pratiknavale21@gmail.com
2026-08-07T00:53:29.586+05:30  INFO 16820 --- [http-nio-5000-exec-10] c.e.ai.service.impl.AttemptServiceImpl   : Loading details for attempt ID: 73
2026-08-07T00:53:31.360+05:30  INFO 16820 --- [http-nio-5000-exec-8] c.e.a.s.impl.NotificationServiceImpl     : Fetching notifications for user: pratiknavale21@gmail.com
2026-08-07T00:53:31.364+05:30  INFO 16820 --- [http-nio-5000-exec-2] c.e.ai.service.impl.AttemptServiceImpl   : Loading attempts list for student: pratiknavale21@gmail.com
2026-08-07T00:53:31.368+05:30  INFO 16820 --- [http-nio-5000-exec-1] c.e.ai.service.impl.QuizServiceImpl      : Loading quizzes for user: pratiknavale21@gmail.com, role: student
2026-08-07T00:53:31.387+05:30  INFO 16820 --- [http-nio-5000-exec-4] c.e.a.s.impl.NotificationServiceImpl     : Fetching notifications for user: pratiknavale21@gmail.com
2026-08-07T00:53:31.437+05:30  INFO 16820 --- [http-nio-5000-exec-5] c.e.ai.service.impl.QuizServiceImpl      : Loading quizzes for user: pratiknavale21@gmail.com, role: student
2026-08-07T00:53:31.451+05:30  INFO 16820 --- [http-nio-5000-exec-3] c.e.ai.service.impl.AttemptServiceImpl   : Loading attempts list for student: pratiknavale21@gmail.com
2026-08-07T00:53:34.130+05:30  INFO 16820 --- [http-nio-5000-exec-6] c.e.a.s.impl.NotificationServiceImpl     : Fetching notifications for user: pratiknavale21@gmail.com
2026-08-07T00:53:34.131+05:30  INFO 16820 --- [http-nio-5000-exec-9] c.e.ai.service.impl.AttemptServiceImpl   : Loading details for attempt ID: 73
2026-08-07T00:53:34.152+05:30  INFO 16820 --- [http-nio-5000-exec-8] c.e.a.s.impl.NotificationServiceImpl     : Fetching notifications for user: pratiknavale21@gmail.com
2026-08-07T00:53:34.175+05:30  INFO 16820 --- [http-nio-5000-exec-4] c.e.ai.service.impl.AttemptServiceImpl   : Loading details for attempt ID: 73
2026-08-07T00:53:40.955+05:30  INFO 16820 --- [http-nio-5000-exec-5] c.e.a.s.impl.NotificationServiceImpl     : Fetching notifications for user: pratiknavale21@gmail.com
2026-08-07T00:53:40.955+05:30  INFO 16820 --- [http-nio-5000-exec-10] c.e.ai.service.impl.AttemptServiceImpl   : Loading attempts list for student: pratiknavale21@gmail.com
2026-08-07T00:53:40.955+05:30  INFO 16820 --- [http-nio-5000-exec-3] c.e.ai.service.impl.QuizServiceImpl      : Loading quizzes for user: pratiknavale21@gmail.com, role: student
2026-08-07T00:53:40.974+05:30  INFO 16820 --- [http-nio-5000-exec-6] c.e.a.s.impl.NotificationServiceImpl     : Fetching notifications for user: pratiknavale21@gmail.com
2026-08-07T00:53:41.026+05:30  INFO 16820 --- [http-nio-5000-exec-9] c.e.ai.service.impl.QuizServiceImpl      : Loading quizzes for user: pratiknavale21@gmail.com, role: student
2026-08-07T00:53:41.048+05:30  INFO 16820 --- [http-nio-5000-exec-7] c.e.ai.service.impl.AttemptServiceImpl   : Loading attempts list for student: pratiknavale21@gmail.com
2026-08-07T00:53:42.552+05:30  INFO 16820 --- [http-nio-5000-exec-4] c.e.ai.service.impl.QuizServiceImpl      : Loading quiz ID: 16 for user: pratiknavale21@gmail.com
2026-08-07T00:53:42.581+05:30  INFO 16820 --- [http-nio-5000-exec-2] c.e.ai.service.impl.QuizServiceImpl      : Loading quiz ID: 16 for user: pratiknavale21@gmail.com
2026-08-07T00:53:44.715+05:30  INFO 16820 --- [http-nio-5000-exec-5] c.e.a.s.impl.NotificationServiceImpl     : Fetching notifications for user: pratiknavale21@gmail.com
2026-08-07T00:53:44.718+05:30  INFO 16820 --- [http-nio-5000-exec-6] c.e.ai.service.impl.QuizServiceImpl      : Loading quizzes for user: pratiknavale21@gmail.com, role: student
2026-08-07T00:53:44.739+05:30  INFO 16820 --- [http-nio-5000-exec-10] c.e.a.s.impl.NotificationServiceImpl     : Fetching notifications for user: pratiknavale21@gmail.com
2026-08-07T00:53:44.774+05:30  INFO 16820 --- [http-nio-5000-exec-3] c.e.ai.service.impl.AttemptServiceImpl   : Loading attempts list for student: pratiknavale21@gmail.com
2026-08-07T00:53:44.824+05:30  INFO 16820 --- [http-nio-5000-exec-9] c.e.ai.service.impl.QuizServiceImpl      : Loading quizzes for user: pratiknavale21@gmail.com, role: student
2026-08-07T00:53:45.012+05:30  INFO 16820 --- [http-nio-5000-exec-7] c.e.ai.service.impl.AttemptServiceImpl   : Loading attempts list for student: pratiknavale21@gmail.com
2026-08-07T00:53:46.945+05:30  INFO 16820 --- [http-nio-5000-exec-8] c.e.a.s.impl.NotificationServiceImpl     : Fetching notifications for user: pratiknavale21@gmail.com
2026-08-07T00:53:46.945+05:30  INFO 16820 --- [http-nio-5000-exec-1] c.e.ai.service.impl.AttemptServiceImpl   : Loading details for attempt ID: 73
2026-08-07T00:53:46.978+05:30  INFO 16820 --- [http-nio-5000-exec-5] c.e.a.s.impl.NotificationServiceImpl     : Fetching notifications for user: pratiknavale21@gmail.com
2026-08-07T00:53:46.985+05:30  INFO 16820 --- [http-nio-5000-exec-10] c.e.ai.service.impl.AttemptServiceImpl   : Loading details for attempt ID: 73
2026-08-07T00:53:54.651+05:30  INFO 16820 --- [http-nio-5000-exec-3] c.e.a.s.impl.NotificationServiceImpl     : Fetching notifications for user: pratiknavale21@gmail.com
2026-08-07T00:53:54.652+05:30  INFO 16820 --- [http-nio-5000-exec-4] c.e.ai.service.impl.AttemptServiceImpl   : Loading attempts list for student: pratiknavale21@gmail.com
2026-08-07T00:53:54.652+05:30  INFO 16820 --- [http-nio-5000-exec-7] c.e.ai.service.impl.QuizServiceImpl      : Loading quizzes for user: pratiknavale21@gmail.com, role: student
2026-08-07T00:53:54.675+05:30  INFO 16820 --- [http-nio-5000-exec-8] c.e.a.s.impl.NotificationServiceImpl     : Fetching notifications for user: pratiknavale21@gmail.com
2026-08-07T00:53:54.721+05:30  INFO 16820 --- [http-nio-5000-exec-1] c.e.ai.service.impl.QuizServiceImpl      : Loading quizzes for user: pratiknavale21@gmail.com, role: student
2026-08-07T00:53:54.734+05:30  INFO 16820 --- [http-nio-5000-exec-2] c.e.ai.service.impl.AttemptServiceImpl   : Loading attempts list for student: pratiknavale21@gmail.com
2026-08-07T00:53:55.605+05:30  INFO 16820 --- [http-nio-5000-exec-10] c.e.ai.service.impl.QuizServiceImpl      : Loading quiz ID: 16 for user: pratiknavale21@gmail.com
2026-08-07T00:53:55.631+05:30  INFO 16820 --- [http-nio-5000-exec-9] c.e.ai.service.impl.QuizServiceImpl      : Loading quiz ID: 16 for user: pratiknavale21@gmail.com
2026-08-07T00:53:59.513+05:30  INFO 16820 --- [http-nio-5000-exec-3] c.e.a.s.impl.NotificationServiceImpl     : Fetching notifications for user: pratiknavale21@gmail.com
2026-08-07T00:53:59.514+05:30  INFO 16820 --- [http-nio-5000-exec-7] c.e.ai.service.impl.AttemptServiceImpl   : Loading attempts list for student: pratiknavale21@gmail.com
2026-08-07T00:53:59.514+05:30  INFO 16820 --- [http-nio-5000-exec-8] c.e.ai.service.impl.QuizServiceImpl      : Loading quizzes for user: pratiknavale21@gmail.com, role: student
2026-08-07T00:53:59.538+05:30  INFO 16820 --- [http-nio-5000-exec-4] c.e.a.s.impl.NotificationServiceImpl     : Fetching notifications for user: pratiknavale21@gmail.com
2026-08-07T00:53:59.604+05:30  INFO 16820 --- [http-nio-5000-exec-1] c.e.ai.service.impl.QuizServiceImpl      : Loading quizzes for user: pratiknavale21@gmail.com, role: student
2026-08-07T00:53:59.624+05:30  INFO 16820 --- [http-nio-5000-exec-2] c.e.ai.service.impl.AttemptServiceImpl   : Loading attempts list for student: pratiknavale21@gmail.com
2026-08-07T00:54:03.586+05:30  INFO 16820 --- [http-nio-5000-exec-9] c.e.ai.service.impl.QuizServiceImpl      : Loading quiz ID: 4 for user: pratiknavale21@gmail.com
2026-08-07T00:54:03.619+05:30  INFO 16820 --- [http-nio-5000-exec-4] c.e.ai.service.impl.QuizServiceImpl      : Loading quiz ID: 4 for user: pratiknavale21@gmail.com
2026-08-07T00:54:08.063+05:30  INFO 16820 --- [http-nio-5000-exec-8] c.e.ai.service.impl.AttemptServiceImpl   : Student: pratiknavale21@gmail.com starting quiz ID: 4
2026-08-07T00:54:08.161+05:30  INFO 16820 --- [http-nio-5000-exec-1] c.e.ai.service.impl.AttemptServiceImpl   : Loading details for attempt ID: 74
2026-08-07T00:54:26.626+05:30  INFO 16820 --- [http-nio-5000-exec-6] c.e.ai.service.impl.AttemptServiceImpl   : Logging anti-cheat warning for attempt ID: 74, event: tab_switch
2026-08-07T00:54:38.082+05:30  INFO 16820 --- [http-nio-5000-exec-9] c.e.ai.service.impl.AttemptServiceImpl   : Logging anti-cheat warning for attempt ID: 74, event: tab_switch
2026-08-07T00:54:45.549+05:30  INFO 16820 --- [http-nio-5000-exec-4] c.e.ai.service.impl.AttemptServiceImpl   : Submitting quiz attempt ID: 74
2026-08-07T00:54:50.118+05:30  INFO 16820 --- [http-nio-5000-exec-4] c.e.ai.service.impl.EmailServiceImpl     : HTML Email sent successfully to pratiknavale21@gmail.com
2026-08-07T00:54:50.928+05:30  INFO 16820 --- [http-nio-5000-exec-7] c.e.ai.service.impl.AttemptServiceImpl   : Uploading proctoring video for attempt ID: 74 to Cloudinary...
2026-08-07T00:54:58.562+05:30  INFO 16820 --- [http-nio-5000-exec-7] c.e.ai.service.impl.AttemptServiceImpl   : Successfully uploaded proctoring video to Cloudinary: https://res.cloudinary.com/hkbzstqj/video/upload/v1786044296/quiz_recordings/szuxdmo9bqwolfx2hnux.webm
2026-08-07T00:54:58.630+05:30  INFO 16820 --- [http-nio-5000-exec-1] c.e.a.s.impl.NotificationServiceImpl     : Fetching notifications for user: pratiknavale21@gmail.com
2026-08-07T00:54:58.634+05:30  INFO 16820 --- [http-nio-5000-exec-10] c.e.ai.service.impl.AttemptServiceImpl   : Loading details for attempt ID: 74
2026-08-07T00:54:58.660+05:30  INFO 16820 --- [http-nio-5000-exec-9] c.e.a.s.impl.NotificationServiceImpl     : Fetching notifications for user: pratiknavale21@gmail.com
2026-08-07T00:54:58.686+05:30  INFO 16820 --- [http-nio-5000-exec-4] c.e.ai.service.impl.AttemptServiceImpl   : Loading details for attempt ID: 74
2026-08-07T00:55:02.490+05:30  INFO 16820 --- [http-nio-5000-exec-6] c.e.a.s.impl.NotificationServiceImpl     : Fetching notifications for user: pratiknavale21@gmail.com
2026-08-07T00:55:02.497+05:30  INFO 16820 --- [http-nio-5000-exec-1] c.e.ai.service.impl.QuizServiceImpl      : Loading quizzes for user: pratiknavale21@gmail.com, role: student
2026-08-07T00:55:02.498+05:30  INFO 16820 --- [http-nio-5000-exec-2] c.e.ai.service.impl.AttemptServiceImpl   : Loading attempts list for student: pratiknavale21@gmail.com
2026-08-07T00:55:02.525+05:30  INFO 16820 --- [http-nio-5000-exec-10] c.e.a.s.impl.NotificationServiceImpl     : Fetching notifications for user: pratiknavale21@gmail.com
2026-08-07T00:55:02.575+05:30  INFO 16820 --- [http-nio-5000-exec-3] c.e.ai.service.impl.QuizServiceImpl      : Loading quizzes for user: pratiknavale21@gmail.com, role: student
2026-08-07T00:55:02.604+05:30  INFO 16820 --- [http-nio-5000-exec-9] c.e.ai.service.impl.AttemptServiceImpl   : Loading attempts list for student: pratiknavale21@gmail.com
2026-08-07T00:55:33.854+05:30  INFO 16820 --- [http-nio-5000-exec-4] c.e.ai.service.impl.AuthServiceImpl      : User login attempt from IP: 0:0:0:0:0:0:0:1, email: faculty@examind.ai
2026-08-07T00:55:34.022+05:30  INFO 16820 --- [http-nio-5000-exec-4] c.e.ai.service.impl.AuthServiceImpl      : User logged in successfully: faculty@examind.ai
2026-08-07T00:55:34.252+05:30  INFO 16820 --- [http-nio-5000-exec-5] c.e.a.s.impl.NotificationServiceImpl     : Fetching notifications for user: faculty@examind.ai
2026-08-07T00:55:34.258+05:30  INFO 16820 --- [http-nio-5000-exec-10] c.e.a.service.impl.DashboardServiceImpl  : Loading faculty dashboard for: faculty@examind.ai
2026-08-07T00:55:34.271+05:30  INFO 16820 --- [http-nio-5000-exec-1] c.e.a.s.impl.NotificationServiceImpl     : Fetching notifications for user: faculty@examind.ai
2026-08-07T00:55:34.443+05:30  INFO 16820 --- [http-nio-5000-exec-2] c.e.a.service.impl.DashboardServiceImpl  : Loading faculty dashboard for: faculty@examind.ai
2026-08-07T00:55:35.597+05:30  INFO 16820 --- [http-nio-5000-exec-3] c.e.a.s.impl.NotificationServiceImpl     : Fetching notifications for user: faculty@examind.ai
2026-08-07T00:55:35.598+05:30  INFO 16820 --- [http-nio-5000-exec-9] c.e.ai.service.impl.QuizServiceImpl      : Loading quizzes for user: faculty@examind.ai, role: faculty
2026-08-07T00:55:35.615+05:30  INFO 16820 --- [http-nio-5000-exec-4] c.e.a.s.impl.NotificationServiceImpl     : Fetching notifications for user: faculty@examind.ai
2026-08-07T00:55:35.687+05:30  INFO 16820 --- [http-nio-5000-exec-8] c.e.ai.service.impl.QuizServiceImpl      : Loading quizzes for user: faculty@examind.ai, role: faculty
2026-08-07T00:55:38.394+05:30  INFO 16820 --- [http-nio-5000-exec-7] c.e.a.s.impl.NotificationServiceImpl     : Fetching notifications for user: faculty@examind.ai
2026-08-07T00:55:38.404+05:30  INFO 16820 --- [http-nio-5000-exec-5] c.e.ai.service.impl.QuizServiceImpl      : Loading quiz ID: 4 for user: faculty@examind.ai
2026-08-07T00:55:38.413+05:30  INFO 16820 --- [http-nio-5000-exec-10] c.e.ai.service.impl.QuizServiceImpl      : Fetching results details for quiz ID: 4
2026-08-07T00:55:38.414+05:30  INFO 16820 --- [http-nio-5000-exec-2] c.e.a.s.impl.NotificationServiceImpl     : Fetching notifications for user: faculty@examind.ai
2026-08-07T00:55:38.439+05:30  INFO 16820 --- [http-nio-5000-exec-3] c.e.ai.service.impl.QuizServiceImpl      : Loading quiz ID: 4 for user: faculty@examind.ai
2026-08-07T00:55:38.453+05:30  INFO 16820 --- [http-nio-5000-exec-4] c.e.ai.service.impl.QuizServiceImpl      : Fetching results details for quiz ID: 4
2026-08-07T00:55:41.920+05:30  INFO 16820 --- [http-nio-5000-exec-9] c.e.a.s.impl.NotificationServiceImpl     : Fetching notifications for user: faculty@examind.ai
2026-08-07T00:55:41.922+05:30  INFO 16820 --- [http-nio-5000-exec-8] c.e.ai.service.impl.QuizServiceImpl      : Loading quizzes for user: faculty@examind.ai, role: faculty
2026-08-07T00:55:41.935+05:30  INFO 16820 --- [http-nio-5000-exec-6] c.e.a.s.impl.NotificationServiceImpl     : Fetching notifications for user: faculty@examind.ai
2026-08-07T00:55:41.994+05:30  INFO 16820 --- [http-nio-5000-exec-1] c.e.ai.service.impl.QuizServiceImpl      : Loading quizzes for user: faculty@examind.ai, role: faculty
2026-08-07T00:55:46.503+05:30  INFO 16820 --- [http-nio-5000-exec-7] c.e.a.s.impl.NotificationServiceImpl     : Fetching notifications for user: faculty@examind.ai
2026-08-07T00:55:46.525+05:30  INFO 16820 --- [http-nio-5000-exec-6] c.e.a.s.impl.NotificationServiceImpl     : Fetching notifications for user: faculty@examind.ai
2026-08-07T00:55:47.108+05:30  INFO 16820 --- [http-nio-5000-exec-2] c.e.a.service.impl.DashboardServiceImpl  : Loading faculty dashboard for: faculty@examind.ai
2026-08-07T00:55:47.108+05:30  INFO 16820 --- [http-nio-5000-exec-5] c.e.a.s.impl.NotificationServiceImpl     : Fetching notifications for user: faculty@examind.ai
2026-08-07T00:55:47.121+05:30  INFO 16820 --- [http-nio-5000-exec-10] c.e.a.s.impl.NotificationServiceImpl     : Fetching notifications for user: faculty@examind.ai
2026-08-07T00:55:47.227+05:30  INFO 16820 --- [http-nio-5000-exec-3] c.e.a.service.impl.DashboardServiceImpl  : Loading faculty dashboard for: faculty@examind.ai
2026-08-07T00:55:48.505+05:30  INFO 16820 --- [http-nio-5000-exec-7] c.e.a.s.impl.NotificationServiceImpl     : Fetching notifications for user: faculty@examind.ai
2026-08-07T00:55:48.506+05:30  INFO 16820 --- [http-nio-5000-exec-6] c.e.ai.service.impl.QuizServiceImpl      : Loading quizzes for user: faculty@examind.ai, role: faculty
2026-08-07T00:55:48.518+05:30  INFO 16820 --- [http-nio-5000-exec-9] c.e.a.s.impl.NotificationServiceImpl     : Fetching notifications for user: faculty@examind.ai
2026-08-07T00:55:48.575+05:30  INFO 16820 --- [http-nio-5000-exec-4] c.e.ai.service.impl.QuizServiceImpl      : Loading quizzes for user: faculty@examind.ai, role: faculty
2026-08-07T00:55:58.774+05:30  INFO 16820 --- [http-nio-5000-exec-8] c.e.a.s.impl.NotificationServiceImpl     : Fetching notifications for user: faculty@examind.ai
2026-08-07T00:55:58.775+05:30  INFO 16820 --- [http-nio-5000-exec-1] c.e.ai.service.impl.QuizServiceImpl      : Fetching results details for quiz ID: 4
2026-08-07T00:55:58.775+05:30  INFO 16820 --- [http-nio-5000-exec-5] c.e.ai.service.impl.QuizServiceImpl      : Loading quiz ID: 4 for user: faculty@examind.ai
2026-08-07T00:55:58.799+05:30  INFO 16820 --- [http-nio-5000-exec-10] c.e.a.s.impl.NotificationServiceImpl     : Fetching notifications for user: faculty@examind.ai
2026-08-07T00:55:58.801+05:30  INFO 16820 --- [http-nio-5000-exec-2] c.e.ai.service.impl.QuizServiceImpl      : Loading quiz ID: 4 for user: faculty@examind.ai
2026-08-07T00:55:58.816+05:30  INFO 16820 --- [http-nio-5000-exec-3] c.e.ai.service.impl.QuizServiceImpl      : Fetching results details for quiz ID: 4
2026-08-07T00:57:54.567+05:30  INFO 16820 --- [http-nio-5000-exec-8] c.e.a.s.impl.NotificationServiceImpl     : Fetching notifications for user: faculty@examind.ai
2026-08-07T00:57:54.570+05:30  INFO 16820 --- [http-nio-5000-exec-2] c.e.ai.service.impl.QuizServiceImpl      : Loading quiz ID: 4 for user: faculty@examind.ai
2026-08-07T00:57:54.571+05:30  INFO 16820 --- [http-nio-5000-exec-5] c.e.ai.service.impl.QuizServiceImpl      : Fetching results details for quiz ID: 4
2026-08-07T00:57:54.587+05:30  INFO 16820 --- [http-nio-5000-exec-1] c.e.a.s.impl.NotificationServiceImpl     : Fetching notifications for user: faculty@examind.ai
2026-08-07T00:57:54.591+05:30  INFO 16820 --- [http-nio-5000-exec-10] c.e.ai.service.impl.QuizServiceImpl      : Loading quiz ID: 4 for user: faculty@examind.ai
2026-08-07T00:57:54.599+05:30  INFO 16820 --- [http-nio-5000-exec-3] c.e.ai.service.impl.QuizServiceImpl      : Fetching results details for quiz ID: 4
2026-08-07T00:58:13.524+05:30  INFO 1644 --- [main] com.examind.ai.BackendApplication        : Starting BackendApplication using Java 21.0.10 with PID 1644 (F:\CDAC FINAL PROJECT DRAFT\Versions\removing unecessary code\examind-cleaned\examind-cleaned\backend\target\classes started by Dell in F:\CDAC FINAL PROJECT DRAFT\Versions\removing unecessary code\examind-cleaned\examind-cleaned\backend)
2026-08-07T00:58:13.526+05:30  INFO 1644 --- [main] com.examind.ai.BackendApplication        : No active profile set, falling back to 1 default profile: "default"
2026-08-07T00:58:14.670+05:30  INFO 1644 --- [main] .s.d.r.c.RepositoryConfigurationDelegate : Bootstrapping Spring Data JPA repositories in DEFAULT mode.
2026-08-07T00:58:14.838+05:30  INFO 1644 --- [main] .s.d.r.c.RepositoryConfigurationDelegate : Finished Spring Data repository scanning in 149 ms. Found 18 JPA repository interfaces.
2026-08-07T00:58:15.852+05:30  INFO 1644 --- [main] o.s.b.w.embedded.tomcat.TomcatWebServer  : Tomcat initialized with port 5000 (http)
2026-08-07T00:58:15.870+05:30  INFO 1644 --- [main] o.apache.catalina.core.StandardService   : Starting service [Tomcat]
2026-08-07T00:58:15.871+05:30  INFO 1644 --- [main] o.apache.catalina.core.StandardEngine    : Starting Servlet engine: [Apache Tomcat/10.1.26]
2026-08-07T00:58:15.950+05:30  INFO 1644 --- [main] o.a.c.c.C.[Tomcat].[localhost].[/api]    : Initializing Spring embedded WebApplicationContext
2026-08-07T00:58:15.951+05:30  INFO 1644 --- [main] w.s.c.ServletWebServerApplicationContext : Root WebApplicationContext: initialization completed in 2347 ms
2026-08-07T00:58:16.170+05:30  INFO 1644 --- [main] o.hibernate.jpa.internal.util.LogHelper  : HHH000204: Processing PersistenceUnitInfo [name: default]
2026-08-07T00:58:16.276+05:30  INFO 1644 --- [main] org.hibernate.Version                    : HHH000412: Hibernate ORM core version 6.5.2.Final
2026-08-07T00:58:16.387+05:30  INFO 1644 --- [main] o.h.c.internal.RegionFactoryInitiator    : HHH000026: Second-level cache disabled
2026-08-07T00:58:16.979+05:30  INFO 1644 --- [main] o.s.o.j.p.SpringPersistenceUnitInfo      : No LoadTimeWeaver setup: ignoring JPA class transformer
2026-08-07T00:58:17.041+05:30  INFO 1644 --- [main] com.zaxxer.hikari.HikariDataSource       : HikariPool-1 - Starting...
2026-08-07T00:58:17.388+05:30  INFO 1644 --- [main] com.zaxxer.hikari.pool.HikariPool        : HikariPool-1 - Added connection com.mysql.cj.jdbc.ConnectionImpl@4152bd0f
2026-08-07T00:58:17.392+05:30  INFO 1644 --- [main] com.zaxxer.hikari.HikariDataSource       : HikariPool-1 - Start completed.
2026-08-07T00:58:17.509+05:30  WARN 1644 --- [main] org.hibernate.orm.deprecation            : HHH90000025: MySQLDialect does not need to be specified explicitly using 'hibernate.dialect' (remove the property setting and it will be selected by default)
2026-08-07T00:58:20.519+05:30  INFO 1644 --- [main] o.h.e.t.j.p.i.JtaPlatformInitiator       : HHH000489: No JTA platform available (set 'hibernate.transaction.jta.platform' to enable JTA platform integration)
2026-08-07T00:58:21.492+05:30  INFO 1644 --- [main] j.LocalContainerEntityManagerFactoryBean : Initialized JPA EntityManagerFactory for persistence unit 'default'
2026-08-07T00:58:21.993+05:30  INFO 1644 --- [main] o.s.d.j.r.query.QueryEnhancerFactory     : Hibernate is in classpath; If applicable, HQL parser will be used.
2026-08-07T00:58:25.800+05:30  WARN 1644 --- [main] JpaBaseConfiguration$JpaWebConfiguration : spring.jpa.open-in-view is enabled by default. Therefore, database queries may be performed during view rendering. Explicitly configure spring.jpa.open-in-view to disable this warning
2026-08-07T00:58:25.862+05:30  INFO 1644 --- [main] r$InitializeUserDetailsManagerConfigurer : Global AuthenticationManager configured with UserDetailsService bean with name customUserDetailsService
2026-08-07T00:58:27.146+05:30  INFO 1644 --- [main] o.s.b.w.embedded.tomcat.TomcatWebServer  : Tomcat started on port 5000 (http) with context path '/api'
2026-08-07T00:58:27.171+05:30  INFO 1644 --- [main] com.examind.ai.BackendApplication        : Started BackendApplication in 14.512 seconds (process running for 15.104)
2026-08-07T00:58:27.273+05:30  INFO 1644 --- [http-nio-5000-exec-2] o.a.c.c.C.[Tomcat].[localhost].[/api]    : Initializing Spring DispatcherServlet 'dispatcherServlet'
2026-08-07T00:58:27.273+05:30  INFO 1644 --- [http-nio-5000-exec-2] o.s.web.servlet.DispatcherServlet        : Initializing Servlet 'dispatcherServlet'
2026-08-07T00:58:27.279+05:30  INFO 1644 --- [http-nio-5000-exec-2] o.s.web.servlet.DispatcherServlet        : Completed initialization in 4 ms
2026-08-07T00:58:45.834+05:30  INFO 1644 --- [http-nio-5000-exec-6] c.e.ai.service.impl.AuthServiceImpl      : User login attempt from IP: 127.0.0.1, email: pratiknavale21@gmail.com
2026-08-07T00:58:46.255+05:30  INFO 1644 --- [http-nio-5000-exec-6] c.e.ai.service.impl.AuthServiceImpl      : User logged in successfully: pratiknavale21@gmail.com
2026-08-07T00:58:46.447+05:30  INFO 1644 --- [http-nio-5000-exec-7] c.e.a.s.impl.NotificationServiceImpl     : Fetching notifications for user: pratiknavale21@gmail.com
2026-08-07T00:58:46.447+05:30  INFO 1644 --- [http-nio-5000-exec-8] c.e.a.service.impl.DashboardServiceImpl  : Loading student dashboard for: pratiknavale21@gmail.com
2026-08-07T00:58:46.553+05:30  INFO 1644 --- [http-nio-5000-exec-9] c.e.a.s.impl.NotificationServiceImpl     : Fetching notifications for user: pratiknavale21@gmail.com
2026-08-07T00:58:46.738+05:30  INFO 1644 --- [http-nio-5000-exec-10] c.e.a.service.impl.DashboardServiceImpl  : Loading student dashboard for: pratiknavale21@gmail.com
2026-08-07T00:58:59.372+05:30  INFO 1644 --- [http-nio-5000-exec-2] c.e.ai.service.impl.AuthServiceImpl      : User login attempt from IP: 127.0.0.1, email: faculty@examind.ai
2026-08-07T00:58:59.534+05:30  INFO 1644 --- [http-nio-5000-exec-2] c.e.ai.service.impl.AuthServiceImpl      : User logged in successfully: faculty@examind.ai
2026-08-07T00:58:59.759+05:30  INFO 1644 --- [http-nio-5000-exec-4] c.e.a.service.impl.DashboardServiceImpl  : Loading faculty dashboard for: faculty@examind.ai
2026-08-07T00:58:59.760+05:30  INFO 1644 --- [http-nio-5000-exec-5] c.e.a.s.impl.NotificationServiceImpl     : Fetching notifications for user: faculty@examind.ai
2026-08-07T00:58:59.801+05:30  INFO 1644 --- [http-nio-5000-exec-6] c.e.a.s.impl.NotificationServiceImpl     : Fetching notifications for user: faculty@examind.ai
2026-08-07T00:59:00.045+05:30  INFO 1644 --- [http-nio-5000-exec-3] c.e.a.service.impl.DashboardServiceImpl  : Loading faculty dashboard for: faculty@examind.ai
2026-08-07T00:59:01.061+05:30  INFO 1644 --- [http-nio-5000-exec-7] c.e.a.s.impl.NotificationServiceImpl     : Fetching notifications for user: faculty@examind.ai
2026-08-07T00:59:01.071+05:30  INFO 1644 --- [http-nio-5000-exec-9] c.e.ai.service.impl.QuizServiceImpl      : Loading quizzes for user: faculty@examind.ai, role: faculty
2026-08-07T00:59:01.120+05:30  INFO 1644 --- [http-nio-5000-exec-8] c.e.a.s.impl.NotificationServiceImpl     : Fetching notifications for user: faculty@examind.ai
2026-08-07T00:59:01.253+05:30  INFO 1644 --- [http-nio-5000-exec-10] c.e.ai.service.impl.QuizServiceImpl      : Loading quizzes for user: faculty@examind.ai, role: faculty
2026-08-07T00:59:04.044+05:30  INFO 1644 --- [http-nio-5000-exec-2] c.e.a.s.impl.NotificationServiceImpl     : Fetching notifications for user: faculty@examind.ai
2026-08-07T00:59:04.048+05:30  INFO 1644 --- [http-nio-5000-exec-5] c.e.ai.service.impl.QuizServiceImpl      : Loading quiz ID: 4 for user: faculty@examind.ai
2026-08-07T00:59:04.049+05:30  INFO 1644 --- [http-nio-5000-exec-1] c.e.ai.service.impl.QuizServiceImpl      : Fetching results details for quiz ID: 4
2026-08-07T00:59:04.065+05:30  INFO 1644 --- [http-nio-5000-exec-6] c.e.a.s.impl.NotificationServiceImpl     : Fetching notifications for user: faculty@examind.ai
2026-08-07T00:59:04.081+05:30  INFO 1644 --- [http-nio-5000-exec-4] c.e.ai.service.impl.QuizServiceImpl      : Loading quiz ID: 4 for user: faculty@examind.ai
2026-08-07T00:59:04.093+05:30  INFO 1644 --- [http-nio-5000-exec-3] c.e.ai.service.impl.QuizServiceImpl      : Fetching results details for quiz ID: 4
2026-08-07T00:59:06.063+05:30  INFO 1644 --- [http-nio-5000-exec-7] c.e.ai.service.impl.AttemptServiceImpl   : Loading details for attempt ID: 74
2026-08-07T00:59:31.494+05:30  INFO 1644 --- [http-nio-5000-exec-10] c.e.a.s.impl.NotificationServiceImpl     : Fetching notifications for user: faculty@examind.ai
2026-08-07T00:59:31.515+05:30  INFO 1644 --- [http-nio-5000-exec-2] c.e.a.s.impl.NotificationServiceImpl     : Fetching notifications for user: faculty@examind.ai
2026-08-07T01:03:45.382+05:30  INFO 20648 --- [main] com.examind.ai.BackendApplication        : Starting BackendApplication using Java 21.0.10 with PID 20648 (F:\CDAC FINAL PROJECT DRAFT\Versions\removing unecessary code\examind-cleaned\examind-cleaned\backend\target\classes started by Dell in F:\CDAC FINAL PROJECT DRAFT\Versions\removing unecessary code\examind-cleaned\examind-cleaned\backend)
2026-08-07T01:03:45.384+05:30  INFO 20648 --- [main] com.examind.ai.BackendApplication        : No active profile set, falling back to 1 default profile: "default"
2026-08-07T01:03:46.744+05:30  INFO 20648 --- [main] .s.d.r.c.RepositoryConfigurationDelegate : Bootstrapping Spring Data JPA repositories in DEFAULT mode.
2026-08-07T01:03:46.900+05:30  INFO 20648 --- [main] .s.d.r.c.RepositoryConfigurationDelegate : Finished Spring Data repository scanning in 147 ms. Found 18 JPA repository interfaces.
2026-08-07T01:03:48.160+05:30  INFO 20648 --- [main] o.s.b.w.embedded.tomcat.TomcatWebServer  : Tomcat initialized with port 5000 (http)
2026-08-07T01:03:48.188+05:30  INFO 20648 --- [main] o.apache.catalina.core.StandardService   : Starting service [Tomcat]
2026-08-07T01:03:48.189+05:30  INFO 20648 --- [main] o.apache.catalina.core.StandardEngine    : Starting Servlet engine: [Apache Tomcat/10.1.26]
2026-08-07T01:03:48.310+05:30  INFO 20648 --- [main] o.a.c.c.C.[Tomcat].[localhost].[/api]    : Initializing Spring embedded WebApplicationContext
2026-08-07T01:03:48.311+05:30  INFO 20648 --- [main] w.s.c.ServletWebServerApplicationContext : Root WebApplicationContext: initialization completed in 2844 ms
2026-08-07T01:03:48.632+05:30  INFO 20648 --- [main] o.hibernate.jpa.internal.util.LogHelper  : HHH000204: Processing PersistenceUnitInfo [name: default]
2026-08-07T01:03:48.785+05:30  INFO 20648 --- [main] org.hibernate.Version                    : HHH000412: Hibernate ORM core version 6.5.2.Final
2026-08-07T01:03:48.841+05:30  INFO 20648 --- [main] o.h.c.internal.RegionFactoryInitiator    : HHH000026: Second-level cache disabled
2026-08-07T01:03:49.363+05:30  INFO 20648 --- [main] o.s.o.j.p.SpringPersistenceUnitInfo      : No LoadTimeWeaver setup: ignoring JPA class transformer
2026-08-07T01:03:49.402+05:30  INFO 20648 --- [main] com.zaxxer.hikari.HikariDataSource       : HikariPool-1 - Starting...
2026-08-07T01:03:49.617+05:30  INFO 20648 --- [main] com.zaxxer.hikari.pool.HikariPool        : HikariPool-1 - Added connection com.mysql.cj.jdbc.ConnectionImpl@4045fd1f
2026-08-07T01:03:49.620+05:30  INFO 20648 --- [main] com.zaxxer.hikari.HikariDataSource       : HikariPool-1 - Start completed.
2026-08-07T01:03:49.677+05:30  WARN 20648 --- [main] org.hibernate.orm.deprecation            : HHH90000025: MySQLDialect does not need to be specified explicitly using 'hibernate.dialect' (remove the property setting and it will be selected by default)
2026-08-07T01:03:51.335+05:30  INFO 20648 --- [main] o.h.e.t.j.p.i.JtaPlatformInitiator       : HHH000489: No JTA platform available (set 'hibernate.transaction.jta.platform' to enable JTA platform integration)
2026-08-07T01:03:52.146+05:30  INFO 20648 --- [main] j.LocalContainerEntityManagerFactoryBean : Initialized JPA EntityManagerFactory for persistence unit 'default'
2026-08-07T01:03:52.459+05:30  INFO 20648 --- [main] o.s.d.j.r.query.QueryEnhancerFactory     : Hibernate is in classpath; If applicable, HQL parser will be used.
2026-08-07T01:03:54.494+05:30  WARN 20648 --- [main] JpaBaseConfiguration$JpaWebConfiguration : spring.jpa.open-in-view is enabled by default. Therefore, database queries may be performed during view rendering. Explicitly configure spring.jpa.open-in-view to disable this warning
2026-08-07T01:03:54.541+05:30  INFO 20648 --- [main] r$InitializeUserDetailsManagerConfigurer : Global AuthenticationManager configured with UserDetailsService bean with name customUserDetailsService
2026-08-07T01:03:55.398+05:30  INFO 20648 --- [main] o.s.b.w.embedded.tomcat.TomcatWebServer  : Tomcat started on port 5000 (http) with context path '/api'
2026-08-07T01:03:55.410+05:30  INFO 20648 --- [main] com.examind.ai.BackendApplication        : Started BackendApplication in 10.715 seconds (process running for 11.247)
2026-08-07T01:04:38.733+05:30  INFO 20648 --- [http-nio-5000-exec-1] o.a.c.c.C.[Tomcat].[localhost].[/api]    : Initializing Spring DispatcherServlet 'dispatcherServlet'
2026-08-07T01:04:38.735+05:30  INFO 20648 --- [http-nio-5000-exec-1] o.s.web.servlet.DispatcherServlet        : Initializing Servlet 'dispatcherServlet'
2026-08-07T01:04:38.738+05:30  INFO 20648 --- [http-nio-5000-exec-1] o.s.web.servlet.DispatcherServlet        : Completed initialization in 3 ms
2026-08-07T01:04:39.704+05:30  INFO 20648 --- [http-nio-5000-exec-9] c.e.a.s.impl.NotificationServiceImpl     : Fetching notifications for user: faculty@examind.ai
2026-08-07T01:04:39.748+05:30  INFO 20648 --- [http-nio-5000-exec-10] c.e.a.s.impl.NotificationServiceImpl     : Fetching notifications for user: faculty@examind.ai
2026-08-07T01:04:41.228+05:30  INFO 20648 --- [http-nio-5000-exec-1] c.e.a.s.impl.NotificationServiceImpl     : Fetching notifications for user: faculty@examind.ai
2026-08-07T01:04:41.231+05:30  INFO 20648 --- [http-nio-5000-exec-4] c.e.a.service.impl.DashboardServiceImpl  : Loading faculty dashboard for: faculty@examind.ai
2026-08-07T01:04:41.260+05:30  INFO 20648 --- [http-nio-5000-exec-3] c.e.a.s.impl.NotificationServiceImpl     : Fetching notifications for user: faculty@examind.ai
2026-08-07T01:04:41.609+05:30  INFO 20648 --- [http-nio-5000-exec-2] c.e.a.service.impl.DashboardServiceImpl  : Loading faculty dashboard for: faculty@examind.ai
2026-08-07T01:04:43.184+05:30  INFO 20648 --- [http-nio-5000-exec-5] c.e.a.s.impl.NotificationServiceImpl     : Fetching notifications for user: faculty@examind.ai
2026-08-07T01:04:43.209+05:30  INFO 20648 --- [http-nio-5000-exec-8] c.e.a.s.impl.NotificationServiceImpl     : Fetching notifications for user: faculty@examind.ai
2026-08-07T01:04:43.839+05:30  INFO 20648 --- [http-nio-5000-exec-1] c.e.a.s.impl.NotificationServiceImpl     : Fetching notifications for user: faculty@examind.ai
2026-08-07T01:04:43.866+05:30  INFO 20648 --- [http-nio-5000-exec-4] c.e.a.s.impl.NotificationServiceImpl     : Fetching notifications for user: faculty@examind.ai
2026-08-07T01:04:43.869+05:30  INFO 20648 --- [http-nio-5000-exec-3] c.e.ai.service.impl.QuizServiceImpl      : Loading quizzes for user: faculty@examind.ai, role: faculty
2026-08-07T01:04:44.021+05:30  INFO 20648 --- [http-nio-5000-exec-2] c.e.ai.service.impl.QuizServiceImpl      : Loading quizzes for user: faculty@examind.ai, role: faculty
2026-08-07T01:05:22.465+05:30  INFO 20648 --- [http-nio-5000-exec-5] c.e.ai.service.impl.AuthServiceImpl      : User login attempt from IP: 0:0:0:0:0:0:0:1, email: pratiknavale21@gmail.com
2026-08-07T01:05:22.737+05:30  INFO 20648 --- [http-nio-5000-exec-5] c.e.ai.service.impl.AuthServiceImpl      : User logged in successfully: pratiknavale21@gmail.com
2026-08-07T01:05:22.836+05:30  INFO 20648 --- [http-nio-5000-exec-8] c.e.a.s.impl.NotificationServiceImpl     : Fetching notifications for user: pratiknavale21@gmail.com
2026-08-07T01:05:22.836+05:30  INFO 20648 --- [http-nio-5000-exec-10] c.e.a.service.impl.DashboardServiceImpl  : Loading student dashboard for: pratiknavale21@gmail.com
2026-08-07T01:05:22.864+05:30  INFO 20648 --- [http-nio-5000-exec-7] c.e.a.s.impl.NotificationServiceImpl     : Fetching notifications for user: pratiknavale21@gmail.com
2026-08-07T01:05:22.928+05:30  INFO 20648 --- [http-nio-5000-exec-6] c.e.a.service.impl.DashboardServiceImpl  : Loading student dashboard for: pratiknavale21@gmail.com
2026-08-07T01:05:26.450+05:30  INFO 20648 --- [http-nio-5000-exec-1] c.e.a.s.impl.NotificationServiceImpl     : Fetching notifications for user: pratiknavale21@gmail.com
2026-08-07T01:05:26.451+05:30  INFO 20648 --- [http-nio-5000-exec-3] c.e.ai.service.impl.AttemptServiceImpl   : Loading attempts list for student: pratiknavale21@gmail.com
2026-08-07T01:05:26.452+05:30  INFO 20648 --- [http-nio-5000-exec-4] c.e.ai.service.impl.QuizServiceImpl      : Loading quizzes for user: pratiknavale21@gmail.com, role: student
2026-08-07T01:05:26.495+05:30  INFO 20648 --- [http-nio-5000-exec-2] c.e.a.s.impl.NotificationServiceImpl     : Fetching notifications for user: pratiknavale21@gmail.com
2026-08-07T01:05:26.557+05:30  INFO 20648 --- [http-nio-5000-exec-5] c.e.ai.service.impl.QuizServiceImpl      : Loading quizzes for user: pratiknavale21@gmail.com, role: student
2026-08-07T01:05:26.578+05:30  INFO 20648 --- [http-nio-5000-exec-9] c.e.ai.service.impl.AttemptServiceImpl   : Loading attempts list for student: pratiknavale21@gmail.com
2026-08-07T01:05:32.540+05:30  INFO 20648 --- [http-nio-5000-exec-7] c.e.ai.service.impl.QuizServiceImpl      : Loading quiz ID: 10 for user: pratiknavale21@gmail.com
2026-08-07T01:05:32.614+05:30  INFO 20648 --- [http-nio-5000-exec-6] c.e.ai.service.impl.QuizServiceImpl      : Loading quiz ID: 10 for user: pratiknavale21@gmail.com
2026-08-07T01:05:40.402+05:30  INFO 20648 --- [http-nio-5000-exec-2] c.e.ai.service.impl.AttemptServiceImpl   : Student: pratiknavale21@gmail.com starting quiz ID: 10
2026-08-07T01:05:40.604+05:30  INFO 20648 --- [http-nio-5000-exec-3] c.e.ai.service.impl.AttemptServiceImpl   : Loading details for attempt ID: 75
2026-08-07T01:06:58.695+05:30  INFO 20648 --- [http-nio-5000-exec-6] c.e.ai.service.impl.AttemptServiceImpl   : Logging anti-cheat warning for attempt ID: 75, event: tab_switch
2026-08-07T01:07:10.323+05:30  INFO 20648 --- [http-nio-5000-exec-1] c.e.ai.service.impl.AttemptServiceImpl   : Logging anti-cheat warning for attempt ID: 75, event: tab_switch
2026-08-07T01:07:14.143+05:30  INFO 20648 --- [http-nio-5000-exec-2] c.e.ai.service.impl.AttemptServiceImpl   : Logging anti-cheat warning for attempt ID: 75, event: tab_switch
2026-08-07T01:07:14.189+05:30  WARN 20648 --- [http-nio-5000-exec-2] c.e.ai.service.impl.AttemptServiceImpl   : Attempt ID: 75 disqualified due to proctoring breaches
2026-08-07T01:07:17.149+05:30  INFO 20648 --- [http-nio-5000-exec-3] c.e.ai.service.impl.AttemptServiceImpl   : Submitting quiz attempt ID: 75
2026-08-07T01:07:18.092+05:30  INFO 20648 --- [http-nio-5000-exec-5] c.e.ai.service.impl.AttemptServiceImpl   : Uploading proctoring video for attempt ID: 75 to Cloudinary...
2026-08-07T01:07:45.364+05:30  INFO 20648 --- [http-nio-5000-exec-5] c.e.ai.service.impl.AttemptServiceImpl   : Successfully uploaded proctoring video to Cloudinary: https://res.cloudinary.com/hkbzstqj/video/upload/v1786045063/quiz_recordings/bkyx4irxjdpddcmohsen.webm
2026-08-07T01:07:45.468+05:30  INFO 20648 --- [http-nio-5000-exec-8] c.e.a.s.impl.NotificationServiceImpl     : Fetching notifications for user: pratiknavale21@gmail.com
2026-08-07T01:07:45.496+05:30  INFO 20648 --- [http-nio-5000-exec-1] c.e.ai.service.impl.AttemptServiceImpl   : Loading details for attempt ID: 75
2026-08-07T01:07:45.511+05:30  INFO 20648 --- [http-nio-5000-exec-4] c.e.a.s.impl.NotificationServiceImpl     : Fetching notifications for user: pratiknavale21@gmail.com
2026-08-07T01:07:45.582+05:30  INFO 20648 --- [http-nio-5000-exec-3] c.e.ai.service.impl.AttemptServiceImpl   : Loading details for attempt ID: 75
2026-08-07T01:07:52.321+05:30  INFO 20648 --- [http-nio-5000-exec-7] c.e.a.s.impl.NotificationServiceImpl     : Fetching notifications for user: pratiknavale21@gmail.com
2026-08-07T01:07:52.321+05:30  INFO 20648 --- [http-nio-5000-exec-10] c.e.ai.service.impl.AttemptServiceImpl   : Loading attempts list for student: pratiknavale21@gmail.com
2026-08-07T01:07:52.322+05:30  INFO 20648 --- [http-nio-5000-exec-6] c.e.ai.service.impl.QuizServiceImpl      : Loading quizzes for user: pratiknavale21@gmail.com, role: student
2026-08-07T01:07:52.361+05:30  INFO 20648 --- [http-nio-5000-exec-8] c.e.a.s.impl.NotificationServiceImpl     : Fetching notifications for user: pratiknavale21@gmail.com
2026-08-07T01:07:52.401+05:30  INFO 20648 --- [http-nio-5000-exec-2] c.e.ai.service.impl.QuizServiceImpl      : Loading quizzes for user: pratiknavale21@gmail.com, role: student
2026-08-07T01:07:52.412+05:30  INFO 20648 --- [http-nio-5000-exec-4] c.e.ai.service.impl.AttemptServiceImpl   : Loading attempts list for student: pratiknavale21@gmail.com
2026-08-07T01:08:37.505+05:30  INFO 20648 --- [http-nio-5000-exec-3] c.e.ai.service.impl.QuizServiceImpl      : Loading quiz ID: 16 for user: pratiknavale21@gmail.com
2026-08-07T01:08:37.529+05:30  INFO 20648 --- [http-nio-5000-exec-5] c.e.ai.service.impl.QuizServiceImpl      : Loading quiz ID: 16 for user: pratiknavale21@gmail.com
2026-08-07T01:08:42.816+05:30  INFO 20648 --- [http-nio-5000-exec-7] c.e.ai.service.impl.AttemptServiceImpl   : Student: pratiknavale21@gmail.com starting quiz ID: 16
2026-08-07T01:08:42.961+05:30  INFO 20648 --- [http-nio-5000-exec-6] c.e.ai.service.impl.AttemptServiceImpl   : Loading details for attempt ID: 76
2026-08-07T01:08:58.801+05:30  INFO 20648 --- [http-nio-5000-exec-4] c.e.ai.service.impl.AttemptServiceImpl   : Logging anti-cheat warning for attempt ID: 76, event: tab_switch
2026-08-07T01:09:07.472+05:30  INFO 20648 --- [http-nio-5000-exec-1] c.e.ai.service.impl.AttemptServiceImpl   : Logging anti-cheat warning for attempt ID: 76, event: tab_switch
2026-08-07T01:09:50.041+05:30  INFO 20648 --- [http-nio-5000-exec-7] c.e.ai.service.impl.AttemptServiceImpl   : Submitting quiz attempt ID: 76
2026-08-07T01:09:55.101+05:30  INFO 20648 --- [http-nio-5000-exec-7] c.e.ai.service.impl.EmailServiceImpl     : HTML Email sent successfully to pratiknavale21@gmail.com
2026-08-07T01:09:55.447+05:30  INFO 20648 --- [http-nio-5000-exec-6] c.e.ai.service.impl.AttemptServiceImpl   : Uploading proctoring video for attempt ID: 76 to Cloudinary...
2026-08-07T01:10:02.217+05:30  INFO 20648 --- [http-nio-5000-exec-6] c.e.ai.service.impl.AttemptServiceImpl   : Successfully uploaded proctoring video to Cloudinary: https://res.cloudinary.com/hkbzstqj/video/upload/v1786045200/quiz_recordings/kafifkxzvuespehya3nc.webm
2026-08-07T01:10:02.309+05:30  INFO 20648 --- [http-nio-5000-exec-10] c.e.a.s.impl.NotificationServiceImpl     : Fetching notifications for user: pratiknavale21@gmail.com
2026-08-07T01:10:02.317+05:30  INFO 20648 --- [http-nio-5000-exec-9] c.e.ai.service.impl.AttemptServiceImpl   : Loading details for attempt ID: 76
2026-08-07T01:10:02.334+05:30  INFO 20648 --- [http-nio-5000-exec-3] c.e.a.s.impl.NotificationServiceImpl     : Fetching notifications for user: pratiknavale21@gmail.com
2026-08-07T01:10:02.354+05:30  INFO 20648 --- [http-nio-5000-exec-7] c.e.ai.service.impl.AttemptServiceImpl   : Loading details for attempt ID: 76
2026-08-07T01:10:30.006+05:30  INFO 20648 --- [http-nio-5000-exec-2] c.e.a.s.impl.NotificationServiceImpl     : Fetching notifications for user: pratiknavale21@gmail.com
2026-08-07T01:10:30.008+05:30  INFO 20648 --- [http-nio-5000-exec-1] c.e.ai.service.impl.QuizServiceImpl      : Loading quizzes for user: pratiknavale21@gmail.com, role: student
2026-08-07T01:10:30.008+05:30  INFO 20648 --- [http-nio-5000-exec-10] c.e.ai.service.impl.AttemptServiceImpl   : Loading attempts list for student: pratiknavale21@gmail.com
2026-08-07T01:10:30.027+05:30  INFO 20648 --- [http-nio-5000-exec-4] c.e.a.s.impl.NotificationServiceImpl     : Fetching notifications for user: pratiknavale21@gmail.com
2026-08-07T01:10:30.077+05:30  INFO 20648 --- [http-nio-5000-exec-5] c.e.ai.service.impl.QuizServiceImpl      : Loading quizzes for user: pratiknavale21@gmail.com, role: student
2026-08-07T01:10:30.101+05:30  INFO 20648 --- [http-nio-5000-exec-9] c.e.ai.service.impl.AttemptServiceImpl   : Loading attempts list for student: pratiknavale21@gmail.com
2026-08-07T01:11:38.500+05:30  INFO 20648 --- [http-nio-5000-exec-7] c.e.a.s.impl.NotificationServiceImpl     : Fetching notifications for user: pratiknavale21@gmail.com
2026-08-07T01:11:38.501+05:30  INFO 20648 --- [http-nio-5000-exec-6] c.e.ai.service.impl.QuizServiceImpl      : Loading quizzes for user: pratiknavale21@gmail.com, role: student
2026-08-07T01:11:38.503+05:30  INFO 20648 --- [http-nio-5000-exec-4] c.e.ai.service.impl.AttemptServiceImpl   : Loading attempts list for student: pratiknavale21@gmail.com
2026-08-07T01:11:38.529+05:30  INFO 20648 --- [http-nio-5000-exec-2] c.e.a.s.impl.NotificationServiceImpl     : Fetching notifications for user: pratiknavale21@gmail.com
2026-08-07T01:11:38.607+05:30  INFO 20648 --- [http-nio-5000-exec-1] c.e.ai.service.impl.QuizServiceImpl      : Loading quizzes for user: pratiknavale21@gmail.com, role: student
2026-08-07T01:11:38.647+05:30  INFO 20648 --- [http-nio-5000-exec-10] c.e.ai.service.impl.AttemptServiceImpl   : Loading attempts list for student: pratiknavale21@gmail.com
2026-08-07T01:11:50.106+05:30  INFO 20648 --- [http-nio-5000-exec-9] c.e.ai.service.impl.QuizServiceImpl      : Loading quiz ID: 10 for user: pratiknavale21@gmail.com
2026-08-07T01:11:50.155+05:30  INFO 20648 --- [http-nio-5000-exec-8] c.e.ai.service.impl.QuizServiceImpl      : Loading quiz ID: 10 for user: pratiknavale21@gmail.com
2026-08-07T01:11:54.885+05:30  INFO 20648 --- [http-nio-5000-exec-7] c.e.ai.service.impl.AttemptServiceImpl   : Student: pratiknavale21@gmail.com starting quiz ID: 10
2026-08-07T01:11:55.050+05:30  INFO 20648 --- [http-nio-5000-exec-6] c.e.ai.service.impl.AttemptServiceImpl   : Loading details for attempt ID: 77
2026-08-07T01:12:07.606+05:30  INFO 20648 --- [http-nio-5000-exec-4] c.e.ai.service.impl.AttemptServiceImpl   : Logging anti-cheat warning for attempt ID: 77, event: tab_switch
2026-08-07T01:13:00.348+05:30  INFO 20648 --- [http-nio-5000-exec-9] c.e.ai.service.impl.QuizServiceImpl      : Loading quiz ID: 10 for user: pratiknavale21@gmail.com
2026-08-07T01:13:06.052+05:30  INFO 20648 --- [http-nio-5000-exec-8] c.e.ai.service.impl.QuizServiceImpl      : Loading quiz ID: 10 for user: pratiknavale21@gmail.com
2026-08-07T01:13:45.917+05:30  INFO 20648 --- [http-nio-5000-exec-7] c.e.ai.service.impl.AttemptServiceImpl   : Student: pratiknavale21@gmail.com starting quiz ID: 10
2026-08-07T01:13:45.980+05:30  INFO 20648 --- [http-nio-5000-exec-7] c.e.ai.service.impl.AttemptServiceImpl   : Resuming active attempt ID: 77
2026-08-07T01:13:46.052+05:30  INFO 20648 --- [http-nio-5000-exec-7] c.e.ai.service.impl.AttemptServiceImpl   : Loading details for attempt ID: 77
2026-08-07T01:14:01.662+05:30  INFO 20648 --- [http-nio-5000-exec-6] c.e.ai.service.impl.AttemptServiceImpl   : Logging anti-cheat warning for attempt ID: 77, event: tab_switch
2026-08-07T01:15:14.203+05:30  INFO 20648 --- [http-nio-5000-exec-10] c.e.ai.service.impl.AttemptServiceImpl   : Submitting quiz attempt ID: 77
2026-08-07T01:15:15.093+05:30  INFO 20648 --- [http-nio-5000-exec-3] c.e.ai.service.impl.QuizServiceImpl      : Loading quiz ID: 10 for user: pratiknavale21@gmail.com
2026-08-07T01:15:19.384+05:30  INFO 20648 --- [http-nio-5000-exec-10] c.e.ai.service.impl.EmailServiceImpl     : HTML Email sent successfully to pratiknavale21@gmail.com
2026-08-07T01:15:19.964+05:30  INFO 20648 --- [http-nio-5000-exec-8] c.e.ai.service.impl.AttemptServiceImpl   : Uploading proctoring video for attempt ID: 77 to Cloudinary...
2026-08-07T01:15:21.030+05:30  INFO 20648 --- [http-nio-5000-exec-7] c.e.ai.service.impl.QuizServiceImpl      : Loading quiz ID: 10 for user: pratiknavale21@gmail.com
2026-08-07T01:15:32.373+05:30 ERROR 20648 --- [http-nio-5000-exec-8] c.e.ai.service.impl.AttemptServiceImpl   : Cloudinary upload failed for attempt 77: {}. Falling back to local storage.

java.lang.RuntimeException: Unsupported video format or file
	at com.cloudinary.strategies.AbstractUploaderStrategy.processResponse(AbstractUploaderStrategy.java:85)
	at com.cloudinary.http44.UploaderStrategy.callApi(UploaderStrategy.java:142)
	at com.cloudinary.Uploader.callApi(Uploader.java:34)
	at com.cloudinary.Uploader.upload(Uploader.java:76)
	at com.cloudinary.Uploader.upload(Uploader.java:68)
	at com.examind.ai.service.impl.AttemptServiceImpl.uploadProctoringVideo(AttemptServiceImpl.java:629)
	at java.base/jdk.internal.reflect.DirectMethodHandleAccessor.invoke(DirectMethodHandleAccessor.java:103)
	at java.base/java.lang.reflect.Method.invoke(Method.java:580)
	at org.springframework.aop.support.AopUtils.invokeJoinpointUsingReflection(AopUtils.java:354)
	at org.springframework.aop.framework.ReflectiveMethodInvocation.invokeJoinpoint(ReflectiveMethodInvocation.java:196)
	at org.springframework.aop.framework.ReflectiveMethodInvocation.proceed(ReflectiveMethodInvocation.java:163)
	at org.springframework.aop.framework.CglibAopProxy$CglibMethodInvocation.proceed(CglibAopProxy.java:768)
	at org.springframework.transaction.interceptor.TransactionAspectSupport.invokeWithinTransaction(TransactionAspectSupport.java:379)
	at org.springframework.transaction.interceptor.TransactionInterceptor.invoke(TransactionInterceptor.java:119)
	at org.springframework.aop.framework.ReflectiveMethodInvocation.proceed(ReflectiveMethodInvocation.java:184)
	at org.springframework.aop.framework.CglibAopProxy$CglibMethodInvocation.proceed(CglibAopProxy.java:768)
	at org.springframework.aop.framework.CglibAopProxy$DynamicAdvisedInterceptor.intercept(CglibAopProxy.java:720)
	at com.examind.ai.service.impl.AttemptServiceImpl$$SpringCGLIB$$0.uploadProctoringVideo(<generated>)
	at com.examind.ai.controller.AttemptController.uploadRecording(AttemptController.java:139)
	at java.base/jdk.internal.reflect.DirectMethodHandleAccessor.invoke(DirectMethodHandleAccessor.java:103)
	at java.base/java.lang.reflect.Method.invoke(Method.java:580)
	at org.springframework.web.method.support.InvocableHandlerMethod.doInvoke(InvocableHandlerMethod.java:255)
	at org.springframework.web.method.support.InvocableHandlerMethod.invokeForRequest(InvocableHandlerMethod.java:188)
	at org.springframework.web.servlet.mvc.method.annotation.ServletInvocableHandlerMethod.invokeAndHandle(ServletInvocableHandlerMethod.java:118)
	at org.springframework.web.servlet.mvc.method.annotation.RequestMappingHandlerAdapter.invokeHandlerMethod(RequestMappingHandlerAdapter.java:926)
	at org.springframework.web.servlet.mvc.method.annotation.RequestMappingHandlerAdapter.handleInternal(RequestMappingHandlerAdapter.java:831)
	at org.springframework.web.servlet.mvc.method.AbstractHandlerMethodAdapter.handle(AbstractHandlerMethodAdapter.java:87)
	at org.springframework.web.servlet.DispatcherServlet.doDispatch(DispatcherServlet.java:1089)
	at org.springframework.web.servlet.DispatcherServlet.doService(DispatcherServlet.java:979)
	at org.springframework.web.servlet.FrameworkServlet.processRequest(FrameworkServlet.java:1014)
	at org.springframework.web.servlet.FrameworkServlet.doPost(FrameworkServlet.java:914)
	at jakarta.servlet.http.HttpServlet.service(HttpServlet.java:590)
	at org.springframework.web.servlet.FrameworkServlet.service(FrameworkServlet.java:885)
	at jakarta.servlet.http.HttpServlet.service(HttpServlet.java:658)
	at org.apache.catalina.core.ApplicationFilterChain.internalDoFilter(ApplicationFilterChain.java:195)
	at org.apache.catalina.core.ApplicationFilterChain.doFilter(ApplicationFilterChain.java:140)
	at org.apache.tomcat.websocket.server.WsFilter.doFilter(WsFilter.java:51)
	at org.apache.catalina.core.ApplicationFilterChain.internalDoFilter(ApplicationFilterChain.java:164)
	at org.apache.catalina.core.ApplicationFilterChain.doFilter(ApplicationFilterChain.java:140)
	at org.springframework.web.filter.OncePerRequestFilter.doFilter(OncePerRequestFilter.java:110)
	at org.apache.catalina.core.ApplicationFilterChain.internalDoFilter(ApplicationFilterChain.java:164)
	at org.apache.catalina.core.ApplicationFilterChain.doFilter(ApplicationFilterChain.java:140)
	at org.springframework.web.filter.CompositeFilter$VirtualFilterChain.doFilter(CompositeFilter.java:108)
	at org.springframework.security.web.FilterChainProxy.lambda$doFilterInternal$3(FilterChainProxy.java:231)
	at org.springframework.security.web.FilterChainProxy$VirtualFilterChain.doFilter(FilterChainProxy.java:365)
	at org.springframework.security.web.access.intercept.AuthorizationFilter.doFilter(AuthorizationFilter.java:100)
	at org.springframework.security.web.FilterChainProxy$VirtualFilterChain.doFilter(FilterChainProxy.java:374)
	at org.springframework.security.web.access.ExceptionTranslationFilter.doFilter(ExceptionTranslationFilter.java:126)
	at org.springframework.security.web.access.ExceptionTranslationFilter.doFilter(ExceptionTranslationFilter.java:120)
	at org.springframework.security.web.FilterChainProxy$VirtualFilterChain.doFilter(FilterChainProxy.java:374)
	at org.springframework.security.web.session.SessionManagementFilter.doFilter(SessionManagementFilter.java:131)
	at org.springframework.security.web.session.SessionManagementFilter.doFilter(SessionManagementFilter.java:85)
	at org.springframework.security.web.FilterChainProxy$VirtualFilterChain.doFilter(FilterChainProxy.java:374)
	at org.springframework.security.web.authentication.AnonymousAuthenticationFilter.doFilter(AnonymousAuthenticationFilter.java:100)
	at org.springframework.security.web.FilterChainProxy$VirtualFilterChain.doFilter(FilterChainProxy.java:374)
	at org.springframework.security.web.servletapi.SecurityContextHolderAwareRequestFilter.doFilter(SecurityContextHolderAwareRequestFilter.java:179)
	at org.springframework.security.web.FilterChainProxy$VirtualFilterChain.doFilter(FilterChainProxy.java:374)
	at org.springframework.security.web.savedrequest.RequestCacheAwareFilter.doFilter(RequestCacheAwareFilter.java:63)
	at org.springframework.security.web.FilterChainProxy$VirtualFilterChain.doFilter(FilterChainProxy.java:374)
	at org.springframework.security.web.authentication.ui.DefaultLogoutPageGeneratingFilter.doFilterInternal(DefaultLogoutPageGeneratingFilter.java:58)
	at org.springframework.web.filter.OncePerRequestFilter.doFilter(OncePerRequestFilter.java:116)
	at org.springframework.security.web.FilterChainProxy$VirtualFilterChain.doFilter(FilterChainProxy.java:374)
	at org.springframework.security.web.authentication.ui.DefaultLoginPageGeneratingFilter.doFilter(DefaultLoginPageGeneratingFilter.java:189)
	at org.springframework.security.web.authentication.ui.DefaultLoginPageGeneratingFilter.doFilter(DefaultLoginPageGeneratingFilter.java:175)
	at org.springframework.security.web.FilterChainProxy$VirtualFilterChain.doFilter(FilterChainProxy.java:374)
	at com.examind.ai.security.JwtAuthenticationFilter.doFilterInternal(JwtAuthenticationFilter.java:53)
	at org.springframework.web.filter.OncePerRequestFilter.doFilter(OncePerRequestFilter.java:116)
	at org.springframework.security.web.FilterChainProxy$VirtualFilterChain.doFilter(FilterChainProxy.java:374)
	at org.springframework.security.web.authentication.AbstractAuthenticationProcessingFilter.doFilter(AbstractAuthenticationProcessingFilter.java:227)
	at org.springframework.security.web.authentication.AbstractAuthenticationProcessingFilter.doFilter(AbstractAuthenticationProcessingFilter.java:221)
	at org.springframework.security.web.FilterChainProxy$VirtualFilterChain.doFilter(FilterChainProxy.java:374)
	at org.springframework.security.oauth2.client.web.OAuth2AuthorizationRequestRedirectFilter.doFilterInternal(OAuth2AuthorizationRequestRedirectFilter.java:198)
	at org.springframework.web.filter.OncePerRequestFilter.doFilter(OncePerRequestFilter.java:116)
	at org.springframework.security.web.FilterChainProxy$VirtualFilterChain.doFilter(FilterChainProxy.java:374)
	at org.springframework.security.web.authentication.logout.LogoutFilter.doFilter(LogoutFilter.java:107)
	at org.springframework.security.web.authentication.logout.LogoutFilter.doFilter(LogoutFilter.java:93)
	at org.springframework.security.web.FilterChainProxy$VirtualFilterChain.doFilter(FilterChainProxy.java:374)
	at org.springframework.web.filter.CorsFilter.doFilterInternal(CorsFilter.java:91)
	at org.springframework.web.filter.OncePerRequestFilter.doFilter(OncePerRequestFilter.java:116)
	at org.springframework.security.web.FilterChainProxy$VirtualFilterChain.doFilter(FilterChainProxy.java:374)
	at org.springframework.security.web.header.HeaderWriterFilter.doHeadersAfter(HeaderWriterFilter.java:90)
	at org.springframework.security.web.header.HeaderWriterFilter.doFilterInternal(HeaderWriterFilter.java:75)
	at org.springframework.web.filter.OncePerRequestFilter.doFilter(OncePerRequestFilter.java:116)
	at org.springframework.security.web.FilterChainProxy$VirtualFilterChain.doFilter(FilterChainProxy.java:374)
	at org.springframework.security.web.context.SecurityContextHolderFilter.doFilter(SecurityContextHolderFilter.java:82)
	at org.springframework.security.web.context.SecurityContextHolderFilter.doFilter(SecurityContextHolderFilter.java:69)
	at org.springframework.security.web.FilterChainProxy$VirtualFilterChain.doFilter(FilterChainProxy.java:374)
	at org.springframework.security.web.context.request.async.WebAsyncManagerIntegrationFilter.doFilterInternal(WebAsyncManagerIntegrationFilter.java:62)
	at org.springframework.web.filter.OncePerRequestFilter.doFilter(OncePerRequestFilter.java:116)
	at org.springframework.security.web.FilterChainProxy$VirtualFilterChain.doFilter(FilterChainProxy.java:374)
	at org.springframework.security.web.session.DisableEncodeUrlFilter.doFilterInternal(DisableEncodeUrlFilter.java:42)
	at org.springframework.web.filter.OncePerRequestFilter.doFilter(OncePerRequestFilter.java:116)
	at org.springframework.security.web.FilterChainProxy$VirtualFilterChain.doFilter(FilterChainProxy.java:374)
	at org.springframework.security.web.FilterChainProxy.doFilterInternal(FilterChainProxy.java:233)
	at org.springframework.security.web.FilterChainProxy.doFilter(FilterChainProxy.java:191)
	at org.springframework.web.filter.CompositeFilter$VirtualFilterChain.doFilter(CompositeFilter.java:113)
	at org.springframework.web.servlet.handler.HandlerMappingIntrospector.lambda$createCacheFilter$3(HandlerMappingIntrospector.java:195)
	at org.springframework.web.filter.CompositeFilter$VirtualFilterChain.doFilter(CompositeFilter.java:113)
	at org.springframework.web.filter.CompositeFilter.doFilter(CompositeFilter.java:74)
	at org.springframework.security.config.annotation.web.configuration.WebMvcSecurityConfiguration$CompositeFilterChainProxy.doFilter(WebMvcSecurityConfiguration.java:230)
	at org.springframework.web.filter.DelegatingFilterProxy.invokeDelegate(DelegatingFilterProxy.java:352)
	at org.springframework.web.filter.DelegatingFilterProxy.doFilter(DelegatingFilterProxy.java:268)
	at org.apache.catalina.core.ApplicationFilterChain.internalDoFilter(ApplicationFilterChain.java:164)
	at org.apache.catalina.core.ApplicationFilterChain.doFilter(ApplicationFilterChain.java:140)
	at org.springframework.web.filter.RequestContextFilter.doFilterInternal(RequestContextFilter.java:100)
	at org.springframework.web.filter.OncePerRequestFilter.doFilter(OncePerRequestFilter.java:116)
	at org.apache.catalina.core.ApplicationFilterChain.internalDoFilter(ApplicationFilterChain.java:164)
	at org.apache.catalina.core.ApplicationFilterChain.doFilter(ApplicationFilterChain.java:140)
	at org.springframework.web.filter.FormContentFilter.doFilterInternal(FormContentFilter.java:93)
	at org.springframework.web.filter.OncePerRequestFilter.doFilter(OncePerRequestFilter.java:116)
	at org.apache.catalina.core.ApplicationFilterChain.internalDoFilter(ApplicationFilterChain.java:164)
	at org.apache.catalina.core.ApplicationFilterChain.doFilter(ApplicationFilterChain.java:140)
	at org.springframework.web.filter.CharacterEncodingFilter.doFilterInternal(CharacterEncodingFilter.java:201)
	at org.springframework.web.filter.OncePerRequestFilter.doFilter(OncePerRequestFilter.java:116)
	at org.apache.catalina.core.ApplicationFilterChain.internalDoFilter(ApplicationFilterChain.java:164)
	at org.apache.catalina.core.ApplicationFilterChain.doFilter(ApplicationFilterChain.java:140)
	at org.apache.catalina.core.StandardWrapperValve.invoke(StandardWrapperValve.java:167)
	at org.apache.catalina.core.StandardContextValve.invoke(StandardContextValve.java:90)
	at org.apache.catalina.authenticator.AuthenticatorBase.invoke(AuthenticatorBase.java:483)
	at org.apache.catalina.core.StandardHostValve.invoke(StandardHostValve.java:115)
	at org.apache.catalina.valves.ErrorReportValve.invoke(ErrorReportValve.java:93)
	at org.apache.catalina.core.StandardEngineValve.invoke(StandardEngineValve.java:74)
	at org.apache.catalina.connector.CoyoteAdapter.service(CoyoteAdapter.java:344)
	at org.apache.coyote.http11.Http11Processor.service(Http11Processor.java:389)
	at org.apache.coyote.AbstractProcessorLight.process(AbstractProcessorLight.java:63)
	at org.apache.coyote.AbstractProtocol$ConnectionHandler.process(AbstractProtocol.java:904)
	at org.apache.tomcat.util.net.NioEndpoint$SocketProcessor.doRun(NioEndpoint.java:1741)
	at org.apache.tomcat.util.net.SocketProcessorBase.run(SocketProcessorBase.java:52)
	at org.apache.tomcat.util.threads.ThreadPoolExecutor.runWorker(ThreadPoolExecutor.java:1190)
	at org.apache.tomcat.util.threads.ThreadPoolExecutor$Worker.run(ThreadPoolExecutor.java:659)
	at org.apache.tomcat.util.threads.TaskThread$WrappingRunnable.run(TaskThread.java:63)
	at java.base/java.lang.Thread.run(Thread.java:1583)

2026-08-07T01:15:32.479+05:30  INFO 20648 --- [http-nio-5000-exec-8] c.e.ai.service.impl.AttemptServiceImpl   : Successfully stored proctoring video locally: /api/uploads/proctoring_77_d8a9d28d-5842-4bd3-ba71-87dd8f78b7b0.webm
2026-08-07T01:15:32.981+05:30  INFO 20648 --- [http-nio-5000-exec-2] c.e.a.s.impl.NotificationServiceImpl     : Fetching notifications for user: pratiknavale21@gmail.com
2026-08-07T01:15:33.020+05:30  INFO 20648 --- [http-nio-5000-exec-6] c.e.ai.service.impl.AttemptServiceImpl   : Loading details for attempt ID: 77
2026-08-07T01:15:33.043+05:30  INFO 20648 --- [http-nio-5000-exec-5] c.e.a.s.impl.NotificationServiceImpl     : Fetching notifications for user: pratiknavale21@gmail.com
2026-08-07T01:15:33.146+05:30  INFO 20648 --- [http-nio-5000-exec-10] c.e.ai.service.impl.AttemptServiceImpl   : Loading details for attempt ID: 77
2026-08-07T01:15:34.996+05:30  INFO 20648 --- [http-nio-5000-exec-8] c.e.ai.service.impl.AttemptServiceImpl   : Student: pratiknavale21@gmail.com starting quiz ID: 10
2026-08-07T01:15:35.158+05:30  INFO 20648 --- [http-nio-5000-exec-1] c.e.ai.service.impl.AttemptServiceImpl   : Loading details for attempt ID: 78
2026-08-07T01:15:37.128+05:30  INFO 20648 --- [http-nio-5000-exec-5] c.e.a.s.impl.NotificationServiceImpl     : Fetching notifications for user: pratiknavale21@gmail.com
2026-08-07T01:15:37.130+05:30  INFO 20648 --- [http-nio-5000-exec-6] c.e.ai.service.impl.AttemptServiceImpl   : Loading attempts list for student: pratiknavale21@gmail.com
2026-08-07T01:15:37.135+05:30  INFO 20648 --- [http-nio-5000-exec-4] c.e.ai.service.impl.QuizServiceImpl      : Loading quizzes for user: pratiknavale21@gmail.com, role: student
2026-08-07T01:15:37.177+05:30  INFO 20648 --- [http-nio-5000-exec-3] c.e.a.s.impl.NotificationServiceImpl     : Fetching notifications for user: pratiknavale21@gmail.com
2026-08-07T01:15:37.266+05:30  INFO 20648 --- [http-nio-5000-exec-10] c.e.ai.service.impl.QuizServiceImpl      : Loading quizzes for user: pratiknavale21@gmail.com, role: student
2026-08-07T01:15:37.290+05:30  INFO 20648 --- [http-nio-5000-exec-9] c.e.ai.service.impl.AttemptServiceImpl   : Loading attempts list for student: pratiknavale21@gmail.com
2026-08-07T01:15:43.695+05:30  INFO 20648 --- [http-nio-5000-exec-8] c.e.ai.service.impl.QuizServiceImpl      : Loading quiz ID: 10 for user: pratiknavale21@gmail.com
2026-08-07T01:15:43.765+05:30  INFO 20648 --- [http-nio-5000-exec-1] c.e.ai.service.impl.QuizServiceImpl      : Loading quiz ID: 10 for user: pratiknavale21@gmail.com
2026-08-07T01:15:47.233+05:30  INFO 20648 --- [http-nio-5000-exec-5] c.e.ai.service.impl.AttemptServiceImpl   : Student: pratiknavale21@gmail.com starting quiz ID: 10
2026-08-07T01:15:47.322+05:30  INFO 20648 --- [http-nio-5000-exec-5] c.e.ai.service.impl.AttemptServiceImpl   : Resuming active attempt ID: 78
2026-08-07T01:15:47.391+05:30  INFO 20648 --- [http-nio-5000-exec-3] c.e.ai.service.impl.AttemptServiceImpl   : Loading details for attempt ID: 78
2026-08-07T01:15:52.801+05:30  INFO 20648 --- [http-nio-5000-exec-6] c.e.ai.service.impl.AttemptServiceImpl   : Submitting quiz attempt ID: 78
2026-08-07T01:15:57.801+05:30  INFO 20648 --- [http-nio-5000-exec-6] c.e.ai.service.impl.EmailServiceImpl     : HTML Email sent successfully to pratiknavale21@gmail.com
2026-08-07T01:15:58.106+05:30  INFO 20648 --- [http-nio-5000-exec-9] c.e.ai.service.impl.AttemptServiceImpl   : Uploading proctoring video for attempt ID: 78 to Cloudinary...
2026-08-07T01:16:04.639+05:30  INFO 20648 --- [http-nio-5000-exec-9] c.e.ai.service.impl.AttemptServiceImpl   : Successfully uploaded proctoring video to Cloudinary: https://res.cloudinary.com/hkbzstqj/video/upload/v1786045563/quiz_recordings/wnm4oni2q9elzk6jbzlj.webm
2026-08-07T01:16:04.779+05:30  INFO 20648 --- [http-nio-5000-exec-7] c.e.a.s.impl.NotificationServiceImpl     : Fetching notifications for user: pratiknavale21@gmail.com
2026-08-07T01:16:04.786+05:30  INFO 20648 --- [http-nio-5000-exec-5] c.e.ai.service.impl.AttemptServiceImpl   : Loading details for attempt ID: 78
2026-08-07T01:16:04.819+05:30  INFO 20648 --- [http-nio-5000-exec-4] c.e.a.s.impl.NotificationServiceImpl     : Fetching notifications for user: pratiknavale21@gmail.com
2026-08-07T01:16:04.881+05:30  INFO 20648 --- [http-nio-5000-exec-6] c.e.ai.service.impl.AttemptServiceImpl   : Loading details for attempt ID: 78
2026-08-07T01:16:09.457+05:30  INFO 20648 --- [http-nio-5000-exec-8] c.e.ai.service.impl.AttemptServiceImpl   : Submitting feedback for attempt ID: 78, rating=4
2026-08-07T01:16:20.018+05:30  INFO 20648 --- [http-nio-5000-exec-2] c.e.a.s.impl.NotificationServiceImpl     : Fetching notifications for user: pratiknavale21@gmail.com
2026-08-07T01:16:20.019+05:30  INFO 20648 --- [http-nio-5000-exec-3] c.e.ai.service.impl.AttemptServiceImpl   : Loading attempts list for student: pratiknavale21@gmail.com
2026-08-07T01:16:20.019+05:30  INFO 20648 --- [http-nio-5000-exec-7] c.e.ai.service.impl.QuizServiceImpl      : Loading quizzes for user: pratiknavale21@gmail.com, role: student
2026-08-07T01:16:20.065+05:30  INFO 20648 --- [http-nio-5000-exec-4] c.e.a.s.impl.NotificationServiceImpl     : Fetching notifications for user: pratiknavale21@gmail.com
2026-08-07T01:16:20.190+05:30  INFO 20648 --- [http-nio-5000-exec-5] c.e.ai.service.impl.QuizServiceImpl      : Loading quizzes for user: pratiknavale21@gmail.com, role: student
2026-08-07T01:16:20.216+05:30  INFO 20648 --- [http-nio-5000-exec-6] c.e.ai.service.impl.AttemptServiceImpl   : Loading attempts list for student: pratiknavale21@gmail.com
2026-08-07T01:16:29.502+05:30  INFO 20648 --- [http-nio-5000-exec-10] c.e.ai.service.impl.AuthServiceImpl      : User login attempt from IP: 0:0:0:0:0:0:0:1, email: faculty@examind.ai
2026-08-07T01:16:29.687+05:30  INFO 20648 --- [http-nio-5000-exec-10] c.e.ai.service.impl.AuthServiceImpl      : User logged in successfully: faculty@examind.ai
2026-08-07T01:16:30.027+05:30  INFO 20648 --- [http-nio-5000-exec-1] c.e.a.s.impl.NotificationServiceImpl     : Fetching notifications for user: faculty@examind.ai
2026-08-07T01:16:30.027+05:30  INFO 20648 --- [http-nio-5000-exec-8] c.e.a.service.impl.DashboardServiceImpl  : Loading faculty dashboard for: faculty@examind.ai
2026-08-07T01:16:30.051+05:30  INFO 20648 --- [http-nio-5000-exec-2] c.e.a.s.impl.NotificationServiceImpl     : Fetching notifications for user: faculty@examind.ai
2026-08-07T01:16:30.417+05:30  INFO 20648 --- [http-nio-5000-exec-4] c.e.a.service.impl.DashboardServiceImpl  : Loading faculty dashboard for: faculty@examind.ai
2026-08-07T01:16:36.729+05:30  INFO 20648 --- [http-nio-5000-exec-5] c.e.a.s.impl.NotificationServiceImpl     : Fetching notifications for user: faculty@examind.ai
2026-08-07T01:16:36.750+05:30  INFO 20648 --- [http-nio-5000-exec-10] c.e.a.s.impl.NotificationServiceImpl     : Fetching notifications for user: faculty@examind.ai
2026-08-07T01:16:37.438+05:30  INFO 20648 --- [http-nio-5000-exec-2] c.e.a.s.impl.NotificationServiceImpl     : Fetching notifications for user: faculty@examind.ai
2026-08-07T01:16:37.440+05:30  INFO 20648 --- [http-nio-5000-exec-8] c.e.ai.service.impl.QuizServiceImpl      : Loading quizzes for user: faculty@examind.ai, role: faculty
2026-08-07T01:16:37.460+05:30  INFO 20648 --- [http-nio-5000-exec-2] c.e.a.s.impl.NotificationServiceImpl     : Fetching notifications for user: faculty@examind.ai
2026-08-07T01:16:37.561+05:30  INFO 20648 --- [http-nio-5000-exec-7] c.e.ai.service.impl.QuizServiceImpl      : Loading quizzes for user: faculty@examind.ai, role: faculty
2026-08-07T01:16:38.339+05:30  INFO 20648 --- [http-nio-5000-exec-5] c.e.a.s.impl.NotificationServiceImpl     : Fetching notifications for user: faculty@examind.ai
2026-08-07T01:16:38.354+05:30  INFO 20648 --- [http-nio-5000-exec-3] c.e.a.s.impl.NotificationServiceImpl     : Fetching notifications for user: faculty@examind.ai
2026-08-07T01:16:39.235+05:30  INFO 20648 --- [http-nio-5000-exec-6] c.e.a.s.impl.NotificationServiceImpl     : Fetching notifications for user: faculty@examind.ai
2026-08-07T01:16:39.237+05:30  INFO 20648 --- [http-nio-5000-exec-9] c.e.ai.service.impl.QuizServiceImpl      : Loading quizzes for user: faculty@examind.ai, role: faculty
2026-08-07T01:16:39.260+05:30  INFO 20648 --- [http-nio-5000-exec-10] c.e.a.s.impl.NotificationServiceImpl     : Fetching notifications for user: faculty@examind.ai
2026-08-07T01:16:39.383+05:30  INFO 20648 --- [http-nio-5000-exec-1] c.e.ai.service.impl.QuizServiceImpl      : Loading quizzes for user: faculty@examind.ai, role: faculty
2026-08-07T01:16:48.038+05:30  INFO 20648 --- [http-nio-5000-exec-9] c.e.a.s.impl.NotificationServiceImpl     : Fetching notifications for user: faculty@examind.ai
2026-08-07T01:16:48.040+05:30  INFO 20648 --- [http-nio-5000-exec-1] c.e.ai.service.impl.QuizServiceImpl      : Loading quizzes for user: faculty@examind.ai, role: faculty
2026-08-07T01:16:48.065+05:30  INFO 20648 --- [http-nio-5000-exec-2] c.e.a.s.impl.NotificationServiceImpl     : Fetching notifications for user: faculty@examind.ai
2026-08-07T01:16:48.143+05:30  INFO 20648 --- [http-nio-5000-exec-4] c.e.ai.service.impl.QuizServiceImpl      : Loading quizzes for user: faculty@examind.ai, role: faculty
2026-08-07T01:16:56.158+05:30  INFO 20648 --- [http-nio-5000-exec-7] c.e.a.s.impl.NotificationServiceImpl     : Fetching notifications for user: faculty@examind.ai
2026-08-07T01:16:56.160+05:30  INFO 20648 --- [http-nio-5000-exec-3] c.e.ai.service.impl.QuizServiceImpl      : Loading quiz ID: 10 for user: faculty@examind.ai
2026-08-07T01:16:56.168+05:30  INFO 20648 --- [http-nio-5000-exec-6] c.e.ai.service.impl.QuizServiceImpl      : Fetching results details for quiz ID: 10
2026-08-07T01:16:56.174+05:30  INFO 20648 --- [http-nio-5000-exec-10] c.e.a.s.impl.NotificationServiceImpl     : Fetching notifications for user: faculty@examind.ai
2026-08-07T01:16:56.202+05:30  INFO 20648 --- [http-nio-5000-exec-9] c.e.ai.service.impl.QuizServiceImpl      : Loading quiz ID: 10 for user: faculty@examind.ai
2026-08-07T01:16:56.281+05:30  INFO 20648 --- [http-nio-5000-exec-2] c.e.ai.service.impl.QuizServiceImpl      : Fetching results details for quiz ID: 10
2026-08-07T01:17:06.756+05:30  INFO 20648 --- [http-nio-5000-exec-4] c.e.ai.service.impl.AttemptServiceImpl   : Loading details for attempt ID: 78
2026-08-07T01:17:38.582+05:30  INFO 20648 --- [http-nio-5000-exec-5] c.e.ai.service.impl.AttemptServiceImpl   : Loading details for attempt ID: 67
2026-08-07T01:18:11.823+05:30  INFO 20648 --- [http-nio-5000-exec-6] c.e.a.s.impl.NotificationServiceImpl     : Fetching notifications for user: faculty@examind.ai
2026-08-07T01:18:11.835+05:30  INFO 20648 --- [http-nio-5000-exec-2] c.e.a.s.impl.NotificationServiceImpl     : Fetching notifications for user: faculty@examind.ai
2026-08-07T01:19:02.851+05:30  INFO 20648 --- [http-nio-5000-exec-4] c.e.ai.service.impl.QuizServiceImpl      : User: faculty@examind.ai creating new quiz
2026-08-07T01:19:03.460+05:30  INFO 20648 --- [http-nio-5000-exec-8] c.e.a.s.impl.NotificationServiceImpl     : Fetching notifications for user: faculty@examind.ai
2026-08-07T01:19:03.474+05:30  INFO 20648 --- [http-nio-5000-exec-2] c.e.ai.service.impl.QuizServiceImpl      : Loading quiz ID: 20 for user: faculty@examind.ai
2026-08-07T01:19:03.478+05:30  INFO 20648 --- [http-nio-5000-exec-4] c.e.a.s.impl.NotificationServiceImpl     : Fetching notifications for user: faculty@examind.ai
2026-08-07T01:19:03.481+05:30  INFO 20648 --- [http-nio-5000-exec-5] c.e.ai.service.impl.QuizServiceImpl      : Loading quiz ID: 20 for user: faculty@examind.ai
2026-08-07T01:19:03.485+05:30  INFO 20648 --- [http-nio-5000-exec-1] c.e.ai.service.impl.QuizServiceImpl      : Loading questions for quiz ID: 20
2026-08-07T01:19:03.486+05:30  INFO 20648 --- [http-nio-5000-exec-1] c.e.ai.service.impl.QuizServiceImpl      : Loading quiz ID: 20 for user: faculty@examind.ai
2026-08-07T01:19:03.499+05:30  INFO 20648 --- [http-nio-5000-exec-7] c.e.ai.service.impl.QuizServiceImpl      : Loading quiz ID: 20 for user: faculty@examind.ai
2026-08-07T01:19:03.499+05:30  INFO 20648 --- [http-nio-5000-exec-10] c.e.ai.service.impl.QuizServiceImpl      : Loading quiz ID: 20 for user: faculty@examind.ai
2026-08-07T01:19:03.507+05:30  INFO 20648 --- [http-nio-5000-exec-6] c.e.ai.service.impl.QuizServiceImpl      : Loading questions for quiz ID: 20
2026-08-07T01:19:03.508+05:30  INFO 20648 --- [http-nio-5000-exec-6] c.e.ai.service.impl.QuizServiceImpl      : Loading quiz ID: 20 for user: faculty@examind.ai
2026-08-07T01:19:33.546+05:30  INFO 20648 --- [http-nio-5000-exec-9] c.e.a.s.impl.FileStorageServiceImpl      : Storing file 'Screenshot 2026-03-16 003823.png' locally as '85b37fc3-60d4-49df-a15b-846edcd54576.png'...
2026-08-07T01:19:51.895+05:30  INFO 20648 --- [http-nio-5000-exec-4] c.e.ai.service.impl.QuizServiceImpl      : Adding question to quiz ID: 20
2026-08-07T01:20:06.417+05:30  INFO 20648 --- [http-nio-5000-exec-9] c.e.ai.service.impl.QuizServiceImpl      : Loading quiz ID: 20 for user: faculty@examind.ai
2026-08-07T01:20:40.902+05:30  INFO 20648 --- [http-nio-5000-exec-4] c.examind.ai.service.impl.AIServiceImpl  : Received request for AI question generation. Provider: Groq
2026-08-07T01:20:40.947+05:30  INFO 20648 --- [http-nio-5000-exec-4] c.examind.ai.service.impl.AIServiceImpl  : [Groq Attempt 1/3] Calling Groq API...
2026-08-07T01:20:43.400+05:30  INFO 20648 --- [http-nio-5000-exec-4] c.examind.ai.service.impl.AIServiceImpl  : [Groq] Response received (4070 chars)
2026-08-07T01:20:50.453+05:30  INFO 20648 --- [http-nio-5000-exec-1] c.e.ai.service.impl.QuizServiceImpl      : Adding question to quiz ID: 20
2026-08-07T01:20:50.523+05:30  INFO 20648 --- [http-nio-5000-exec-1] c.e.ai.service.impl.QuizServiceImpl      : Adding question to quiz ID: 20
2026-08-07T01:20:50.546+05:30  INFO 20648 --- [http-nio-5000-exec-1] c.e.ai.service.impl.QuizServiceImpl      : Adding question to quiz ID: 20
2026-08-07T01:20:50.569+05:30  INFO 20648 --- [http-nio-5000-exec-1] c.e.ai.service.impl.QuizServiceImpl      : Adding question to quiz ID: 20
2026-08-07T01:20:50.594+05:30  INFO 20648 --- [http-nio-5000-exec-1] c.e.ai.service.impl.QuizServiceImpl      : Adding question to quiz ID: 20
2026-08-07T01:21:21.079+05:30  INFO 20648 --- [http-nio-5000-exec-6] c.e.ai.service.impl.QuizServiceImpl      : User: faculty@examind.ai toggling publish state for quiz ID: 20
2026-08-07T01:21:21.089+05:30  INFO 20648 --- [http-nio-5000-exec-6] c.e.ai.service.impl.QuizServiceImpl      : Quiz published. Broadcasting notifications to students.
2026-08-07T01:21:22.980+05:30  INFO 20648 --- [http-nio-5000-exec-7] c.e.a.s.impl.NotificationServiceImpl     : Fetching notifications for user: faculty@examind.ai
2026-08-07T01:21:22.981+05:30  INFO 20648 --- [http-nio-5000-exec-3] c.e.ai.service.impl.QuizServiceImpl      : Loading quizzes for user: faculty@examind.ai, role: faculty
2026-08-07T01:21:23.006+05:30  INFO 20648 --- [http-nio-5000-exec-9] c.e.a.s.impl.NotificationServiceImpl     : Fetching notifications for user: faculty@examind.ai
2026-08-07T01:21:23.086+05:30  INFO 20648 --- [http-nio-5000-exec-8] c.e.ai.service.impl.QuizServiceImpl      : Loading quizzes for user: faculty@examind.ai, role: faculty
2026-08-07T01:21:24.544+05:30  INFO 20648 --- [http-nio-5000-exec-2] c.e.ai.service.impl.QuizServiceImpl      : User: faculty@examind.ai toggling publish state for quiz ID: 20
2026-08-07T01:21:26.320+05:30  INFO 20648 --- [http-nio-5000-exec-10] c.e.ai.service.impl.QuizServiceImpl      : User: faculty@examind.ai toggling publish state for quiz ID: 16
2026-08-07T01:21:28.449+05:30  INFO 20648 --- [http-nio-5000-exec-1] c.e.ai.service.impl.QuizServiceImpl      : User: faculty@examind.ai toggling publish state for quiz ID: 20
2026-08-07T01:21:28.461+05:30  INFO 20648 --- [http-nio-5000-exec-1] c.e.ai.service.impl.QuizServiceImpl      : Quiz published. Broadcasting notifications to students.
2026-08-07T01:21:29.567+05:30  INFO 20648 --- [http-nio-5000-exec-6] c.e.ai.service.impl.QuizServiceImpl      : User: faculty@examind.ai toggling publish state for quiz ID: 12
2026-08-07T01:21:30.779+05:30  INFO 20648 --- [http-nio-5000-exec-9] c.e.ai.service.impl.QuizServiceImpl      : User: faculty@examind.ai toggling publish state for quiz ID: 11
2026-08-07T01:21:31.884+05:30  INFO 20648 --- [http-nio-5000-exec-8] c.e.ai.service.impl.QuizServiceImpl      : User: faculty@examind.ai toggling publish state for quiz ID: 10
2026-08-07T01:21:34.141+05:30  INFO 20648 --- [http-nio-5000-exec-4] c.e.ai.service.impl.QuizServiceImpl      : User: faculty@examind.ai toggling publish state for quiz ID: 4
2026-08-07T01:21:48.277+05:30  INFO 20648 --- [http-nio-5000-exec-10] c.e.ai.service.impl.AuthServiceImpl      : User login attempt from IP: 0:0:0:0:0:0:0:1, email: pratiknavale21@gmail.com
2026-08-07T01:21:48.442+05:30  INFO 20648 --- [http-nio-5000-exec-10] c.e.ai.service.impl.AuthServiceImpl      : User logged in successfully: pratiknavale21@gmail.com
2026-08-07T01:21:48.576+05:30  INFO 20648 --- [http-nio-5000-exec-7] c.e.a.service.impl.DashboardServiceImpl  : Loading student dashboard for: pratiknavale21@gmail.com
2026-08-07T01:21:48.576+05:30  INFO 20648 --- [http-nio-5000-exec-6] c.e.a.s.impl.NotificationServiceImpl     : Fetching notifications for user: pratiknavale21@gmail.com
2026-08-07T01:21:48.596+05:30  INFO 20648 --- [http-nio-5000-exec-9] c.e.a.s.impl.NotificationServiceImpl     : Fetching notifications for user: pratiknavale21@gmail.com
2026-08-07T01:21:48.693+05:30  INFO 20648 --- [http-nio-5000-exec-3] c.e.a.service.impl.DashboardServiceImpl  : Loading student dashboard for: pratiknavale21@gmail.com
2026-08-07T01:21:50.309+05:30  INFO 20648 --- [http-nio-5000-exec-2] c.e.ai.service.impl.QuizServiceImpl      : Loading quizzes for user: pratiknavale21@gmail.com, role: student
2026-08-07T01:21:50.319+05:30  INFO 20648 --- [http-nio-5000-exec-8] c.e.a.s.impl.NotificationServiceImpl     : Fetching notifications for user: pratiknavale21@gmail.com
2026-08-07T01:21:50.322+05:30  INFO 20648 --- [http-nio-5000-exec-4] c.e.ai.service.impl.AttemptServiceImpl   : Loading attempts list for student: pratiknavale21@gmail.com
2026-08-07T01:21:50.339+05:30  INFO 20648 --- [http-nio-5000-exec-10] c.e.a.s.impl.NotificationServiceImpl     : Fetching notifications for user: pratiknavale21@gmail.com
2026-08-07T01:21:50.357+05:30  INFO 20648 --- [http-nio-5000-exec-1] c.e.ai.service.impl.QuizServiceImpl      : Loading quizzes for user: pratiknavale21@gmail.com, role: student
2026-08-07T01:21:50.417+05:30  INFO 20648 --- [http-nio-5000-exec-5] c.e.ai.service.impl.AttemptServiceImpl   : Loading attempts list for student: pratiknavale21@gmail.com
2026-08-07T01:22:11.516+05:30  INFO 20648 --- [http-nio-5000-exec-9] c.e.ai.service.impl.QuizServiceImpl      : Loading quiz ID: 20 for user: pratiknavale21@gmail.com
2026-08-07T01:22:11.549+05:30  INFO 20648 --- [http-nio-5000-exec-3] c.e.ai.service.impl.QuizServiceImpl      : Loading quiz ID: 20 for user: pratiknavale21@gmail.com
2026-08-07T01:22:24.059+05:30  INFO 20648 --- [http-nio-5000-exec-10] c.e.ai.service.impl.AttemptServiceImpl   : Student: pratiknavale21@gmail.com starting quiz ID: 20
2026-08-07T01:22:35.035+05:30  INFO 20648 --- [http-nio-5000-exec-6] c.e.ai.service.impl.AttemptServiceImpl   : Student: pratiknavale21@gmail.com starting quiz ID: 20
2026-08-07T01:22:35.161+05:30  INFO 20648 --- [http-nio-5000-exec-9] c.e.ai.service.impl.AttemptServiceImpl   : Loading details for attempt ID: 79
2026-08-07T01:23:27.273+05:30  INFO 20648 --- [http-nio-5000-exec-4] c.e.ai.service.impl.AttemptServiceImpl   : Submitting quiz attempt ID: 79
2026-08-07T01:23:31.919+05:30  INFO 20648 --- [http-nio-5000-exec-4] c.e.ai.service.impl.EmailServiceImpl     : HTML Email sent successfully to pratiknavale21@gmail.com
2026-08-07T01:23:32.232+05:30  INFO 20648 --- [http-nio-5000-exec-1] c.e.ai.service.impl.AttemptServiceImpl   : Uploading proctoring video for attempt ID: 79 to Cloudinary...
2026-08-07T01:23:40.289+05:30  INFO 20648 --- [http-nio-5000-exec-1] c.e.ai.service.impl.AttemptServiceImpl   : Successfully uploaded proctoring video to Cloudinary: https://res.cloudinary.com/hkbzstqj/video/upload/v1786046018/quiz_recordings/ofu11udorgkemt3lawnl.webm
2026-08-07T01:23:40.411+05:30  INFO 20648 --- [http-nio-5000-exec-2] c.e.a.s.impl.NotificationServiceImpl     : Fetching notifications for user: pratiknavale21@gmail.com
2026-08-07T01:23:40.418+05:30  INFO 20648 --- [http-nio-5000-exec-3] c.e.ai.service.impl.AttemptServiceImpl   : Loading details for attempt ID: 79
2026-08-07T01:23:40.435+05:30  INFO 20648 --- [http-nio-5000-exec-8] c.e.a.s.impl.NotificationServiceImpl     : Fetching notifications for user: pratiknavale21@gmail.com
2026-08-07T01:23:40.471+05:30  INFO 20648 --- [http-nio-5000-exec-4] c.e.ai.service.impl.AttemptServiceImpl   : Loading details for attempt ID: 79
2026-08-07T01:23:43.429+05:30  INFO 20648 --- [http-nio-5000-exec-9] c.e.a.s.impl.NotificationServiceImpl     : Fetching notifications for user: pratiknavale21@gmail.com
2026-08-07T01:23:43.431+05:30  INFO 20648 --- [http-nio-5000-exec-7] c.e.ai.service.impl.QuizServiceImpl      : Loading quizzes for user: pratiknavale21@gmail.com, role: student
2026-08-07T01:23:43.431+05:30  INFO 20648 --- [http-nio-5000-exec-2] c.e.ai.service.impl.AttemptServiceImpl   : Loading attempts list for student: pratiknavale21@gmail.com
2026-08-07T01:23:43.447+05:30  INFO 20648 --- [http-nio-5000-exec-10] c.e.a.s.impl.NotificationServiceImpl     : Fetching notifications for user: pratiknavale21@gmail.com
2026-08-07T01:23:43.477+05:30  INFO 20648 --- [http-nio-5000-exec-8] c.e.ai.service.impl.QuizServiceImpl      : Loading quizzes for user: pratiknavale21@gmail.com, role: student
2026-08-07T01:23:43.543+05:30  INFO 20648 --- [http-nio-5000-exec-3] c.e.ai.service.impl.AttemptServiceImpl   : Loading attempts list for student: pratiknavale21@gmail.com
2026-08-07T01:23:54.085+05:30  INFO 20648 --- [http-nio-5000-exec-4] c.e.ai.service.impl.AuthServiceImpl      : User login attempt from IP: 0:0:0:0:0:0:0:1, email: faculty@examind.ai
2026-08-07T01:23:54.287+05:30  INFO 20648 --- [http-nio-5000-exec-4] c.e.ai.service.impl.AuthServiceImpl      : User logged in successfully: faculty@examind.ai
2026-08-07T01:23:54.378+05:30  INFO 20648 --- [http-nio-5000-exec-6] c.e.a.service.impl.DashboardServiceImpl  : Loading faculty dashboard for: faculty@examind.ai
2026-08-07T01:23:54.378+05:30  INFO 20648 --- [http-nio-5000-exec-1] c.e.a.s.impl.NotificationServiceImpl     : Fetching notifications for user: faculty@examind.ai
2026-08-07T01:23:54.392+05:30  INFO 20648 --- [http-nio-5000-exec-9] c.e.a.s.impl.NotificationServiceImpl     : Fetching notifications for user: faculty@examind.ai
2026-08-07T01:23:54.512+05:30  INFO 20648 --- [http-nio-5000-exec-10] c.e.a.service.impl.DashboardServiceImpl  : Loading faculty dashboard for: faculty@examind.ai
2026-08-07T01:23:55.608+05:30  INFO 20648 --- [http-nio-5000-exec-7] c.e.a.s.impl.NotificationServiceImpl     : Fetching notifications for user: faculty@examind.ai
2026-08-07T01:23:55.628+05:30  INFO 20648 --- [http-nio-5000-exec-4] c.e.a.s.impl.NotificationServiceImpl     : Fetching notifications for user: faculty@examind.ai
2026-08-07T01:23:56.012+05:30  INFO 20648 --- [http-nio-5000-exec-9] c.e.a.s.impl.NotificationServiceImpl     : Fetching notifications for user: faculty@examind.ai
2026-08-07T01:23:56.026+05:30  INFO 20648 --- [http-nio-5000-exec-6] c.e.a.s.impl.NotificationServiceImpl     : Fetching notifications for user: faculty@examind.ai
2026-08-07T01:23:57.791+05:30  INFO 20648 --- [http-nio-5000-exec-10] c.e.a.s.impl.NotificationServiceImpl     : Fetching notifications for user: faculty@examind.ai
2026-08-07T01:23:57.792+05:30  INFO 20648 --- [http-nio-5000-exec-8] c.e.ai.service.impl.QuizServiceImpl      : Loading quizzes for user: faculty@examind.ai, role: faculty
2026-08-07T01:23:57.808+05:30  INFO 20648 --- [http-nio-5000-exec-7] c.e.a.s.impl.NotificationServiceImpl     : Fetching notifications for user: faculty@examind.ai
2026-08-07T01:23:57.874+05:30  INFO 20648 --- [http-nio-5000-exec-2] c.e.ai.service.impl.QuizServiceImpl      : Loading quizzes for user: faculty@examind.ai, role: faculty
2026-08-07T01:23:59.815+05:30  INFO 20648 --- [http-nio-5000-exec-4] c.e.a.s.impl.NotificationServiceImpl     : Fetching notifications for user: faculty@examind.ai
2026-08-07T01:23:59.827+05:30  INFO 20648 --- [http-nio-5000-exec-3] c.e.a.s.impl.NotificationServiceImpl     : Fetching notifications for user: faculty@examind.ai
2026-08-07T01:24:13.920+05:30  INFO 20648 --- [http-nio-5000-exec-5] c.e.ai.service.impl.QuizServiceImpl      : User: faculty@examind.ai creating new quiz
2026-08-07T01:24:14.008+05:30  INFO 20648 --- [http-nio-5000-exec-9] c.e.a.s.impl.NotificationServiceImpl     : Fetching notifications for user: faculty@examind.ai
2026-08-07T01:24:14.013+05:30  INFO 20648 --- [http-nio-5000-exec-7] c.e.ai.service.impl.QuizServiceImpl      : Loading quiz ID: 21 for user: faculty@examind.ai
2026-08-07T01:24:14.013+05:30  INFO 20648 --- [http-nio-5000-exec-8] c.e.ai.service.impl.QuizServiceImpl      : Loading quiz ID: 21 for user: faculty@examind.ai
2026-08-07T01:24:14.014+05:30  INFO 20648 --- [http-nio-5000-exec-2] c.e.ai.service.impl.QuizServiceImpl      : Loading questions for quiz ID: 21
2026-08-07T01:24:14.015+05:30  INFO 20648 --- [http-nio-5000-exec-2] c.e.ai.service.impl.QuizServiceImpl      : Loading quiz ID: 21 for user: faculty@examind.ai
2026-08-07T01:24:14.031+05:30  INFO 20648 --- [http-nio-5000-exec-4] c.e.a.s.impl.NotificationServiceImpl     : Fetching notifications for user: faculty@examind.ai
2026-08-07T01:24:14.032+05:30  INFO 20648 --- [http-nio-5000-exec-3] c.e.ai.service.impl.QuizServiceImpl      : Loading quiz ID: 21 for user: faculty@examind.ai
2026-08-07T01:24:14.032+05:30  INFO 20648 --- [http-nio-5000-exec-5] c.e.ai.service.impl.QuizServiceImpl      : Loading quiz ID: 21 for user: faculty@examind.ai
2026-08-07T01:24:14.043+05:30  INFO 20648 --- [http-nio-5000-exec-10] c.e.ai.service.impl.QuizServiceImpl      : Loading questions for quiz ID: 21
2026-08-07T01:24:14.044+05:30  INFO 20648 --- [http-nio-5000-exec-10] c.e.ai.service.impl.QuizServiceImpl      : Loading quiz ID: 21 for user: faculty@examind.ai
2026-08-07T01:24:24.026+05:30  INFO 20648 --- [http-nio-5000-exec-1] c.e.ai.service.impl.QuizServiceImpl      : Adding question to quiz ID: 21
2026-08-07T01:24:33.096+05:30  INFO 20648 --- [http-nio-5000-exec-9] c.e.ai.service.impl.QuizServiceImpl      : Loading quiz ID: 21 for user: faculty@examind.ai
2026-08-07T01:25:02.187+05:30  INFO 20648 --- [http-nio-5000-exec-8] c.e.a.s.impl.NotificationServiceImpl     : Fetching notifications for user: faculty@examind.ai
2026-08-07T01:25:02.189+05:30  INFO 20648 --- [http-nio-5000-exec-7] c.e.ai.service.impl.QuizServiceImpl      : Loading quizzes for user: faculty@examind.ai, role: faculty
2026-08-07T01:25:02.202+05:30  INFO 20648 --- [http-nio-5000-exec-2] c.e.a.s.impl.NotificationServiceImpl     : Fetching notifications for user: faculty@examind.ai
2026-08-07T01:25:02.274+05:30  INFO 20648 --- [http-nio-5000-exec-5] c.e.ai.service.impl.QuizServiceImpl      : Loading quizzes for user: faculty@examind.ai, role: faculty
2026-08-07T01:25:11.347+05:30  INFO 20648 --- [http-nio-5000-exec-3] c.e.a.s.impl.NotificationServiceImpl     : Fetching notifications for user: faculty@examind.ai
2026-08-07T01:25:11.347+05:30  INFO 20648 --- [http-nio-5000-exec-4] c.e.ai.service.impl.QuizServiceImpl      : Loading quiz ID: 20 for user: faculty@examind.ai
2026-08-07T01:25:11.348+05:30  INFO 20648 --- [http-nio-5000-exec-10] c.e.ai.service.impl.QuizServiceImpl      : Loading questions for quiz ID: 20
2026-08-07T01:25:11.348+05:30  INFO 20648 --- [http-nio-5000-exec-10] c.e.ai.service.impl.QuizServiceImpl      : Loading quiz ID: 20 for user: faculty@examind.ai
2026-08-07T01:25:11.349+05:30  INFO 20648 --- [http-nio-5000-exec-1] c.e.ai.service.impl.QuizServiceImpl      : Loading quiz ID: 20 for user: faculty@examind.ai
2026-08-07T01:25:11.358+05:30  INFO 20648 --- [http-nio-5000-exec-6] c.e.a.s.impl.NotificationServiceImpl     : Fetching notifications for user: faculty@examind.ai
2026-08-07T01:25:11.382+05:30  INFO 20648 --- [http-nio-5000-exec-9] c.e.ai.service.impl.QuizServiceImpl      : Loading questions for quiz ID: 20
2026-08-07T01:25:11.382+05:30  INFO 20648 --- [http-nio-5000-exec-9] c.e.ai.service.impl.QuizServiceImpl      : Loading quiz ID: 20 for user: faculty@examind.ai
2026-08-07T01:25:11.385+05:30  INFO 20648 --- [http-nio-5000-exec-8] c.e.ai.service.impl.QuizServiceImpl      : Loading quiz ID: 20 for user: faculty@examind.ai
2026-08-07T01:25:11.387+05:30  INFO 20648 --- [http-nio-5000-exec-2] c.e.ai.service.impl.QuizServiceImpl      : Loading quiz ID: 20 for user: faculty@examind.ai
2026-08-07T01:25:13.300+05:30  INFO 20648 --- [http-nio-5000-exec-5] c.e.a.s.impl.NotificationServiceImpl     : Fetching notifications for user: faculty@examind.ai
2026-08-07T01:25:13.300+05:30  INFO 20648 --- [http-nio-5000-exec-3] c.e.ai.service.impl.QuizServiceImpl      : Loading quizzes for user: faculty@examind.ai, role: faculty
2026-08-07T01:25:13.313+05:30  INFO 20648 --- [http-nio-5000-exec-10] c.e.a.s.impl.NotificationServiceImpl     : Fetching notifications for user: faculty@examind.ai
2026-08-07T01:25:13.399+05:30  INFO 20648 --- [http-nio-5000-exec-6] c.e.ai.service.impl.QuizServiceImpl      : Loading quizzes for user: faculty@examind.ai, role: faculty
2026-08-07T01:25:24.646+05:30  INFO 20648 --- [http-nio-5000-exec-8] c.e.ai.service.impl.QuizServiceImpl      : User: faculty@examind.ai updating quiz ID: 20
2026-08-07T01:25:27.433+05:30  INFO 20648 --- [http-nio-5000-exec-7] c.e.ai.service.impl.AdminServiceImpl     : Admin loading all groups
2026-08-07T01:25:27.481+05:30  INFO 20648 --- [http-nio-5000-exec-5] c.e.ai.service.impl.AdminServiceImpl     : Admin loading all groups
2026-08-07T01:25:37.725+05:30  INFO 20648 --- [http-nio-5000-exec-2] c.e.ai.service.impl.EmailServiceImpl     : Email sent successfully to pratiknavalepce.genai@gmail.com
2026-08-07T01:25:37.870+05:30  INFO 20648 --- [http-nio-5000-exec-4] c.e.ai.service.impl.EmailServiceImpl     : Email sent successfully to pratiknavale21@gmail.com
2026-08-07T01:25:38.176+05:30  INFO 20648 --- [http-nio-5000-exec-9] c.e.ai.service.impl.EmailServiceImpl     : Email sent successfully to navalepratik21@gmail.com
2026-08-07T01:25:38.475+05:30  INFO 20648 --- [http-nio-5000-exec-8] c.e.ai.service.impl.EmailServiceImpl     : Email sent successfully to student@examind.ai
2026-08-07T01:26:05.249+05:30  INFO 20648 --- [http-nio-5000-exec-7] c.e.ai.service.impl.AuthServiceImpl      : User login attempt from IP: 0:0:0:0:0:0:0:1, email: pratiknavale21@gmail.com
2026-08-07T01:26:05.413+05:30  INFO 20648 --- [http-nio-5000-exec-7] c.e.ai.service.impl.AuthServiceImpl      : User logged in successfully: pratiknavale21@gmail.com
2026-08-07T01:26:05.495+05:30  INFO 20648 --- [http-nio-5000-exec-6] c.e.a.s.impl.NotificationServiceImpl     : Fetching notifications for user: pratiknavale21@gmail.com
2026-08-07T01:26:05.495+05:30  INFO 20648 --- [http-nio-5000-exec-1] c.e.a.service.impl.DashboardServiceImpl  : Loading student dashboard for: pratiknavale21@gmail.com
2026-08-07T01:26:05.507+05:30  INFO 20648 --- [http-nio-5000-exec-2] c.e.a.s.impl.NotificationServiceImpl     : Fetching notifications for user: pratiknavale21@gmail.com
2026-08-07T01:26:05.577+05:30  INFO 20648 --- [http-nio-5000-exec-4] c.e.a.service.impl.DashboardServiceImpl  : Loading student dashboard for: pratiknavale21@gmail.com
2026-08-07T01:26:13.557+05:30  INFO 20648 --- [http-nio-5000-exec-8] c.e.a.s.impl.NotificationServiceImpl     : Fetching notifications for user: pratiknavale21@gmail.com
2026-08-07T01:26:13.558+05:30  INFO 20648 --- [http-nio-5000-exec-7] c.e.ai.service.impl.QuizServiceImpl      : Loading quizzes for user: pratiknavale21@gmail.com, role: student
2026-08-07T01:26:13.558+05:30  INFO 20648 --- [http-nio-5000-exec-5] c.e.ai.service.impl.AttemptServiceImpl   : Loading attempts list for student: pratiknavale21@gmail.com
2026-08-07T01:26:13.571+05:30  INFO 20648 --- [http-nio-5000-exec-3] c.e.a.s.impl.NotificationServiceImpl     : Fetching notifications for user: pratiknavale21@gmail.com
2026-08-07T01:26:13.593+05:30  INFO 20648 --- [http-nio-5000-exec-10] c.e.ai.service.impl.QuizServiceImpl      : Loading quizzes for user: pratiknavale21@gmail.com, role: student
2026-08-07T01:26:13.648+05:30  INFO 20648 --- [http-nio-5000-exec-6] c.e.ai.service.impl.AttemptServiceImpl   : Loading attempts list for student: pratiknavale21@gmail.com
2026-08-07T01:26:15.460+05:30  INFO 20648 --- [http-nio-5000-exec-1] c.e.ai.service.impl.QuizServiceImpl      : Loading quiz ID: 20 for user: pratiknavale21@gmail.com
2026-08-07T01:26:15.492+05:30  INFO 20648 --- [http-nio-5000-exec-9] c.e.ai.service.impl.QuizServiceImpl      : Loading quiz ID: 20 for user: pratiknavale21@gmail.com
2026-08-07T01:26:22.683+05:30  INFO 20648 --- [http-nio-5000-exec-8] c.e.ai.service.impl.AttemptServiceImpl   : Student: pratiknavale21@gmail.com starting quiz ID: 20
2026-08-07T01:26:22.767+05:30  INFO 20648 --- [http-nio-5000-exec-7] c.e.ai.service.impl.AttemptServiceImpl   : Loading details for attempt ID: 80
2026-08-07T01:26:58.896+05:30  INFO 20648 --- [http-nio-5000-exec-6] c.e.ai.service.impl.AttemptServiceImpl   : Submitting quiz attempt ID: 80
2026-08-07T01:26:58.961+05:30  INFO 20648 --- [http-nio-5000-exec-6] c.examind.ai.service.impl.AIServiceImpl  : [Groq Attempt 1/3] Calling Groq API...
2026-08-07T01:26:59.385+05:30  INFO 20648 --- [http-nio-5000-exec-6] c.examind.ai.service.impl.AIServiceImpl  : [Groq] Response received (105 chars)
2026-08-07T01:27:04.098+05:30  INFO 20648 --- [http-nio-5000-exec-6] c.e.ai.service.impl.EmailServiceImpl     : HTML Email sent successfully to pratiknavale21@gmail.com
2026-08-07T01:27:04.372+05:30  INFO 20648 --- [http-nio-5000-exec-1] c.e.ai.service.impl.AttemptServiceImpl   : Uploading proctoring video for attempt ID: 80 to Cloudinary...
2026-08-07T01:27:16.535+05:30  INFO 20648 --- [http-nio-5000-exec-1] c.e.ai.service.impl.AttemptServiceImpl   : Successfully uploaded proctoring video to Cloudinary: https://res.cloudinary.com/hkbzstqj/video/upload/v1786046234/quiz_recordings/rmfl1q0ghtcloj3lois9.webm
2026-08-07T01:27:16.625+05:30  INFO 20648 --- [http-nio-5000-exec-3] c.e.a.s.impl.NotificationServiceImpl     : Fetching notifications for user: pratiknavale21@gmail.com
2026-08-07T01:27:16.634+05:30  INFO 20648 --- [http-nio-5000-exec-6] c.e.ai.service.impl.AttemptServiceImpl   : Loading details for attempt ID: 80
2026-08-07T01:27:16.646+05:30  INFO 20648 --- [http-nio-5000-exec-2] c.e.a.s.impl.NotificationServiceImpl     : Fetching notifications for user: pratiknavale21@gmail.com
2026-08-07T01:27:16.681+05:30  INFO 20648 --- [http-nio-5000-exec-8] c.e.ai.service.impl.AttemptServiceImpl   : Loading details for attempt ID: 80
2026-08-07T01:27:16.697+05:30  INFO 20648 --- [http-nio-5000-exec-1] c.e.a.s.impl.CertificateServiceImpl      : Request to get certificate for attempt ID: 80
2026-08-07T01:27:16.732+05:30  INFO 20648 --- [http-nio-5000-exec-10] c.e.a.s.impl.CertificateServiceImpl      : Request to get certificate for attempt ID: 80
2026-08-07T01:27:18.743+05:30  INFO 20648 --- [http-nio-5000-exec-7] c.e.ai.service.impl.AttemptServiceImpl   : Loading attempts list for student: pratiknavale21@gmail.com
2026-08-07T01:27:18.751+05:30  INFO 20648 --- [http-nio-5000-exec-4] c.e.a.s.impl.NotificationServiceImpl     : Fetching notifications for user: pratiknavale21@gmail.com
2026-08-07T01:27:18.752+05:30  INFO 20648 --- [http-nio-5000-exec-2] c.e.ai.service.impl.QuizServiceImpl      : Loading quizzes for user: pratiknavale21@gmail.com, role: student
2026-08-07T01:27:18.782+05:30  INFO 20648 --- [http-nio-5000-exec-6] c.e.a.s.impl.NotificationServiceImpl     : Fetching notifications for user: pratiknavale21@gmail.com
2026-08-07T01:27:18.797+05:30  INFO 20648 --- [http-nio-5000-exec-9] c.e.ai.service.impl.QuizServiceImpl      : Loading quizzes for user: pratiknavale21@gmail.com, role: student
2026-08-07T01:27:18.871+05:30  INFO 20648 --- [http-nio-5000-exec-8] c.e.ai.service.impl.AttemptServiceImpl   : Loading attempts list for student: pratiknavale21@gmail.com
2026-08-07T01:27:21.205+05:30  INFO 20648 --- [http-nio-5000-exec-5] c.e.ai.service.impl.AttemptServiceImpl   : Loading details for attempt ID: 80
2026-08-07T01:27:21.206+05:30  INFO 20648 --- [http-nio-5000-exec-1] c.e.a.s.impl.NotificationServiceImpl     : Fetching notifications for user: pratiknavale21@gmail.com
2026-08-07T01:27:21.225+05:30  INFO 20648 --- [http-nio-5000-exec-3] c.e.a.s.impl.NotificationServiceImpl     : Fetching notifications for user: pratiknavale21@gmail.com
2026-08-07T01:27:21.240+05:30  INFO 20648 --- [http-nio-5000-exec-2] c.e.ai.service.impl.AttemptServiceImpl   : Loading details for attempt ID: 80
2026-08-07T01:27:21.258+05:30  INFO 20648 --- [http-nio-5000-exec-6] c.e.a.s.impl.CertificateServiceImpl      : Request to get certificate for attempt ID: 80
2026-08-07T01:27:21.294+05:30  INFO 20648 --- [http-nio-5000-exec-9] c.e.a.s.impl.CertificateServiceImpl      : Request to get certificate for attempt ID: 80
2026-08-07T01:27:23.112+05:30  INFO 20648 --- [http-nio-5000-exec-1] c.e.a.s.impl.NotificationServiceImpl     : Fetching notifications for user: pratiknavale21@gmail.com
2026-08-07T01:27:23.112+05:30  INFO 20648 --- [http-nio-5000-exec-10] c.e.ai.service.impl.QuizServiceImpl      : Loading quizzes for user: pratiknavale21@gmail.com, role: student
2026-08-07T01:27:23.113+05:30  INFO 20648 --- [http-nio-5000-exec-5] c.e.ai.service.impl.AttemptServiceImpl   : Loading attempts list for student: pratiknavale21@gmail.com
2026-08-07T01:27:23.126+05:30  INFO 20648 --- [http-nio-5000-exec-3] c.e.a.s.impl.NotificationServiceImpl     : Fetching notifications for user: pratiknavale21@gmail.com
2026-08-07T01:27:23.144+05:30  INFO 20648 --- [http-nio-5000-exec-4] c.e.ai.service.impl.QuizServiceImpl      : Loading quizzes for user: pratiknavale21@gmail.com, role: student
2026-08-07T01:27:23.202+05:30  INFO 20648 --- [http-nio-5000-exec-2] c.e.ai.service.impl.AttemptServiceImpl   : Loading attempts list for student: pratiknavale21@gmail.com
2026-08-07T01:27:30.289+05:30  INFO 20648 --- [http-nio-5000-exec-6] c.e.ai.service.impl.AuthServiceImpl      : User login attempt from IP: 0:0:0:0:0:0:0:1, email: faculty@examind.ai
2026-08-07T01:27:30.471+05:30  INFO 20648 --- [http-nio-5000-exec-6] c.e.ai.service.impl.AuthServiceImpl      : User logged in successfully: faculty@examind.ai
2026-08-07T01:27:30.567+05:30  INFO 20648 --- [http-nio-5000-exec-8] c.e.a.s.impl.NotificationServiceImpl     : Fetching notifications for user: faculty@examind.ai
2026-08-07T01:27:30.567+05:30  INFO 20648 --- [http-nio-5000-exec-7] c.e.a.service.impl.DashboardServiceImpl  : Loading faculty dashboard for: faculty@examind.ai
2026-08-07T01:27:30.601+05:30  INFO 20648 --- [http-nio-5000-exec-1] c.e.a.s.impl.NotificationServiceImpl     : Fetching notifications for user: faculty@examind.ai
2026-08-07T01:27:30.741+05:30  INFO 20648 --- [http-nio-5000-exec-3] c.e.a.service.impl.DashboardServiceImpl  : Loading faculty dashboard for: faculty@examind.ai
2026-08-07T02:15:36.345+05:30  INFO 11072 --- [main] com.examind.ai.BackendApplication        : Starting BackendApplication using Java 21.0.10 with PID 11072 (F:\CDAC FINAL PROJECT DRAFT\Versions\removing unecessary code\examind-cleaned\examind-cleaned\backend\target\classes started by Dell in F:\CDAC FINAL PROJECT DRAFT\Versions\removing unecessary code\examind-cleaned\examind-cleaned\backend)
2026-08-07T02:15:36.347+05:30  INFO 11072 --- [main] com.examind.ai.BackendApplication        : No active profile set, falling back to 1 default profile: "default"
2026-08-07T02:15:37.802+05:30  INFO 11072 --- [main] .s.d.r.c.RepositoryConfigurationDelegate : Bootstrapping Spring Data JPA repositories in DEFAULT mode.
2026-08-07T02:15:38.031+05:30  INFO 11072 --- [main] .s.d.r.c.RepositoryConfigurationDelegate : Finished Spring Data repository scanning in 217 ms. Found 18 JPA repository interfaces.
2026-08-07T02:15:38.992+05:30  INFO 11072 --- [main] o.s.b.w.embedded.tomcat.TomcatWebServer  : Tomcat initialized with port 5000 (http)
2026-08-07T02:15:39.016+05:30  INFO 11072 --- [main] o.apache.catalina.core.StandardService   : Starting service [Tomcat]
2026-08-07T02:15:39.017+05:30  INFO 11072 --- [main] o.apache.catalina.core.StandardEngine    : Starting Servlet engine: [Apache Tomcat/10.1.26]
2026-08-07T02:15:39.121+05:30  INFO 11072 --- [main] o.a.c.c.C.[Tomcat].[localhost].[/api]    : Initializing Spring embedded WebApplicationContext
2026-08-07T02:15:39.122+05:30  INFO 11072 --- [main] w.s.c.ServletWebServerApplicationContext : Root WebApplicationContext: initialization completed in 2692 ms
2026-08-07T02:15:39.331+05:30  INFO 11072 --- [main] o.hibernate.jpa.internal.util.LogHelper  : HHH000204: Processing PersistenceUnitInfo [name: default]
2026-08-07T02:15:39.557+05:30  INFO 11072 --- [main] org.hibernate.Version                    : HHH000412: Hibernate ORM core version 6.5.2.Final
2026-08-07T02:15:39.750+05:30  INFO 11072 --- [main] o.h.c.internal.RegionFactoryInitiator    : HHH000026: Second-level cache disabled
2026-08-07T02:15:40.631+05:30  INFO 11072 --- [main] o.s.o.j.p.SpringPersistenceUnitInfo      : No LoadTimeWeaver setup: ignoring JPA class transformer
2026-08-07T02:15:40.697+05:30  INFO 11072 --- [main] com.zaxxer.hikari.HikariDataSource       : HikariPool-1 - Starting...
2026-08-07T02:15:41.145+05:30  INFO 11072 --- [main] com.zaxxer.hikari.pool.HikariPool        : HikariPool-1 - Added connection com.mysql.cj.jdbc.ConnectionImpl@3cead673
2026-08-07T02:15:41.148+05:30  INFO 11072 --- [main] com.zaxxer.hikari.HikariDataSource       : HikariPool-1 - Start completed.
2026-08-07T02:15:41.253+05:30  WARN 11072 --- [main] org.hibernate.orm.deprecation            : HHH90000025: MySQLDialect does not need to be specified explicitly using 'hibernate.dialect' (remove the property setting and it will be selected by default)
2026-08-07T02:15:44.144+05:30  INFO 11072 --- [main] o.h.e.t.j.p.i.JtaPlatformInitiator       : HHH000489: No JTA platform available (set 'hibernate.transaction.jta.platform' to enable JTA platform integration)
2026-08-07T02:15:45.699+05:30  INFO 11072 --- [main] j.LocalContainerEntityManagerFactoryBean : Initialized JPA EntityManagerFactory for persistence unit 'default'
2026-08-07T02:15:46.092+05:30  INFO 11072 --- [main] o.s.d.j.r.query.QueryEnhancerFactory     : Hibernate is in classpath; If applicable, HQL parser will be used.
2026-08-07T02:15:48.320+05:30  WARN 11072 --- [main] JpaBaseConfiguration$JpaWebConfiguration : spring.jpa.open-in-view is enabled by default. Therefore, database queries may be performed during view rendering. Explicitly configure spring.jpa.open-in-view to disable this warning
2026-08-07T02:15:48.357+05:30  INFO 11072 --- [main] r$InitializeUserDetailsManagerConfigurer : Global AuthenticationManager configured with UserDetailsService bean with name customUserDetailsService
2026-08-07T02:15:49.393+05:30  INFO 11072 --- [main] o.s.b.w.embedded.tomcat.TomcatWebServer  : Tomcat started on port 5000 (http) with context path '/api'
2026-08-07T02:15:49.405+05:30  INFO 11072 --- [main] com.examind.ai.BackendApplication        : Started BackendApplication in 13.912 seconds (process running for 14.912)
2026-08-07T02:16:32.415+05:30  INFO 11072 --- [http-nio-5000-exec-4] o.a.c.c.C.[Tomcat].[localhost].[/api]    : Initializing Spring DispatcherServlet 'dispatcherServlet'
2026-08-07T02:16:32.415+05:30  INFO 11072 --- [http-nio-5000-exec-4] o.s.web.servlet.DispatcherServlet        : Initializing Servlet 'dispatcherServlet'
2026-08-07T02:16:32.417+05:30  INFO 11072 --- [http-nio-5000-exec-4] o.s.web.servlet.DispatcherServlet        : Completed initialization in 2 ms
2026-08-07T02:16:33.490+05:30  INFO 11072 --- [http-nio-5000-exec-4] c.e.a.s.impl.NotificationServiceImpl     : Fetching notifications for user: faculty@examind.ai
2026-08-07T02:16:33.497+05:30  INFO 11072 --- [http-nio-5000-exec-8] c.e.a.service.impl.DashboardServiceImpl  : Loading faculty dashboard for: faculty@examind.ai
2026-08-07T02:16:33.547+05:30  INFO 11072 --- [http-nio-5000-exec-7] c.e.a.s.impl.NotificationServiceImpl     : Fetching notifications for user: faculty@examind.ai
2026-08-07T02:16:33.954+05:30  INFO 11072 --- [http-nio-5000-exec-5] c.e.a.service.impl.DashboardServiceImpl  : Loading faculty dashboard for: faculty@examind.ai
2026-08-07T02:16:37.655+05:30  INFO 11072 --- [http-nio-5000-exec-2] c.e.a.s.impl.NotificationServiceImpl     : Fetching notifications for user: faculty@examind.ai
2026-08-07T02:16:37.697+05:30  INFO 11072 --- [http-nio-5000-exec-5] c.e.a.s.impl.NotificationServiceImpl     : Fetching notifications for user: faculty@examind.ai
2026-08-07T02:16:37.706+05:30  INFO 11072 --- [http-nio-5000-exec-8] c.e.ai.service.impl.QuizServiceImpl      : Loading quizzes for user: faculty@examind.ai, role: faculty
2026-08-07T02:16:37.877+05:30  INFO 11072 --- [http-nio-5000-exec-6] c.e.ai.service.impl.QuizServiceImpl      : Loading quizzes for user: faculty@examind.ai, role: faculty
2026-08-07T02:16:40.772+05:30  INFO 11072 --- [http-nio-5000-exec-3] c.e.ai.service.impl.AdminServiceImpl     : Admin loading all groups
2026-08-07T02:16:40.968+05:30  INFO 11072 --- [http-nio-5000-exec-9] c.e.ai.service.impl.AdminServiceImpl     : Admin loading all groups
2026-08-07T02:16:58.194+05:30  INFO 11072 --- [http-nio-5000-exec-10] c.e.ai.service.impl.EmailServiceImpl     : HTML Email sent successfully to pratiknavale21@gmail.com
2026-08-07T02:17:15.579+05:30  INFO 11072 --- [http-nio-5000-exec-7] c.e.a.s.impl.NotificationServiceImpl     : Fetching notifications for user: faculty@examind.ai
2026-08-07T02:17:15.582+05:30  INFO 11072 --- [http-nio-5000-exec-5] c.e.ai.service.impl.QuizServiceImpl      : Loading quiz ID: 21 for user: faculty@examind.ai
2026-08-07T02:17:15.594+05:30  INFO 11072 --- [http-nio-5000-exec-8] c.e.ai.service.impl.QuizServiceImpl      : Fetching results details for quiz ID: 21
2026-08-07T02:17:15.613+05:30  INFO 11072 --- [http-nio-5000-exec-6] c.e.a.s.impl.NotificationServiceImpl     : Fetching notifications for user: faculty@examind.ai
2026-08-07T02:17:15.615+05:30  INFO 11072 --- [http-nio-5000-exec-3] c.e.ai.service.impl.QuizServiceImpl      : Loading quiz ID: 21 for user: faculty@examind.ai
2026-08-07T02:17:15.636+05:30  INFO 11072 --- [http-nio-5000-exec-9] c.e.ai.service.impl.QuizServiceImpl      : Fetching results details for quiz ID: 21
2026-08-07T02:17:16.964+05:30  INFO 11072 --- [http-nio-5000-exec-1] c.e.a.s.impl.NotificationServiceImpl     : Fetching notifications for user: faculty@examind.ai
2026-08-07T02:17:16.966+05:30  INFO 11072 --- [http-nio-5000-exec-10] c.e.ai.service.impl.QuizServiceImpl      : Loading quizzes for user: faculty@examind.ai, role: faculty
2026-08-07T02:17:17.000+05:30  INFO 11072 --- [http-nio-5000-exec-4] c.e.a.s.impl.NotificationServiceImpl     : Fetching notifications for user: faculty@examind.ai
2026-08-07T02:17:17.085+05:30  INFO 11072 --- [http-nio-5000-exec-2] c.e.ai.service.impl.QuizServiceImpl      : Loading quizzes for user: faculty@examind.ai, role: faculty
2026-08-07T02:17:19.422+05:30  INFO 11072 --- [http-nio-5000-exec-7] c.e.a.s.impl.NotificationServiceImpl     : Fetching notifications for user: faculty@examind.ai
2026-08-07T02:17:19.424+05:30  INFO 11072 --- [http-nio-5000-exec-8] c.e.ai.service.impl.QuizServiceImpl      : Loading quiz ID: 20 for user: faculty@examind.ai
2026-08-07T02:17:19.430+05:30  INFO 11072 --- [http-nio-5000-exec-3] c.e.ai.service.impl.QuizServiceImpl      : Fetching results details for quiz ID: 20
2026-08-07T02:17:19.458+05:30  INFO 11072 --- [http-nio-5000-exec-7] c.e.a.s.impl.NotificationServiceImpl     : Fetching notifications for user: faculty@examind.ai
2026-08-07T02:17:19.467+05:30  INFO 11072 --- [http-nio-5000-exec-8] c.e.ai.service.impl.QuizServiceImpl      : Loading quiz ID: 20 for user: faculty@examind.ai
2026-08-07T02:17:19.501+05:30  INFO 11072 --- [http-nio-5000-exec-6] c.e.ai.service.impl.QuizServiceImpl      : Fetching results details for quiz ID: 20
2026-08-07T02:17:31.158+05:30  INFO 11072 --- [http-nio-5000-exec-4] c.e.ai.service.impl.EmailServiceImpl     : HTML Email sent successfully to pratiknavale21@gmail.com
2026-08-07T02:17:31.158+05:30  INFO 11072 --- [http-nio-5000-exec-4] c.e.ai.service.impl.QuizServiceImpl      : Result email sent to: pratiknavale21@gmail.com
2026-08-07T02:18:38.944+05:30  INFO 11072 --- [http-nio-5000-exec-7] c.e.a.s.impl.NotificationServiceImpl     : Fetching notifications for user: faculty@examind.ai
2026-08-07T02:18:38.946+05:30  INFO 11072 --- [http-nio-5000-exec-3] c.e.ai.service.impl.QuizServiceImpl      : Loading quizzes for user: faculty@examind.ai, role: faculty
2026-08-07T02:18:38.965+05:30  INFO 11072 --- [http-nio-5000-exec-8] c.e.a.s.impl.NotificationServiceImpl     : Fetching notifications for user: faculty@examind.ai
2026-08-07T02:18:39.046+05:30  INFO 11072 --- [http-nio-5000-exec-6] c.e.ai.service.impl.QuizServiceImpl      : Loading quizzes for user: faculty@examind.ai, role: faculty
2026-08-07T02:18:41.261+05:30  INFO 11072 --- [http-nio-5000-exec-1] c.e.a.s.impl.NotificationServiceImpl     : Fetching notifications for user: faculty@examind.ai
2026-08-07T02:18:41.268+05:30  INFO 11072 --- [http-nio-5000-exec-9] c.e.ai.service.impl.QuizServiceImpl      : Fetching results details for quiz ID: 4
2026-08-07T02:18:41.268+05:30  INFO 11072 --- [http-nio-5000-exec-7] c.e.ai.service.impl.QuizServiceImpl      : Loading quiz ID: 4 for user: faculty@examind.ai
2026-08-07T02:18:41.287+05:30  INFO 11072 --- [http-nio-5000-exec-8] c.e.a.s.impl.NotificationServiceImpl     : Fetching notifications for user: faculty@examind.ai
2026-08-07T02:18:41.307+05:30  INFO 11072 --- [http-nio-5000-exec-6] c.e.ai.service.impl.QuizServiceImpl      : Loading quiz ID: 4 for user: faculty@examind.ai
2026-08-07T02:18:41.311+05:30  INFO 11072 --- [http-nio-5000-exec-3] c.e.ai.service.impl.QuizServiceImpl      : Fetching results details for quiz ID: 4
2026-08-07T02:18:50.985+05:30  INFO 11072 --- [http-nio-5000-exec-4] c.e.ai.service.impl.EmailServiceImpl     : HTML Email sent successfully to student@examind.ai
2026-08-07T02:18:50.986+05:30  INFO 11072 --- [http-nio-5000-exec-4] c.e.ai.service.impl.QuizServiceImpl      : Result email sent to: student@examind.ai
2026-08-07T02:18:56.317+05:30  INFO 11072 --- [http-nio-5000-exec-4] c.e.ai.service.impl.EmailServiceImpl     : HTML Email sent successfully to pratiknavale21@gmail.com
2026-08-07T02:18:56.318+05:30  INFO 11072 --- [http-nio-5000-exec-4] c.e.ai.service.impl.QuizServiceImpl      : Result email sent to: pratiknavale21@gmail.com
2026-08-07T02:23:29.315+05:30  INFO 3188 --- [main] com.examind.ai.BackendApplication        : Starting BackendApplication using Java 21.0.10 with PID 3188 (F:\CDAC FINAL PROJECT DRAFT\Versions\removing unecessary code\examind-cleaned\examind-cleaned\backend\target\classes started by Dell in F:\CDAC FINAL PROJECT DRAFT\Versions\removing unecessary code\examind-cleaned\examind-cleaned\backend)
2026-08-07T02:23:29.317+05:30  INFO 3188 --- [main] com.examind.ai.BackendApplication        : No active profile set, falling back to 1 default profile: "default"
2026-08-07T02:23:30.582+05:30  INFO 3188 --- [main] .s.d.r.c.RepositoryConfigurationDelegate : Bootstrapping Spring Data JPA repositories in DEFAULT mode.
2026-08-07T02:23:30.845+05:30  INFO 3188 --- [main] .s.d.r.c.RepositoryConfigurationDelegate : Finished Spring Data repository scanning in 232 ms. Found 18 JPA repository interfaces.
2026-08-07T02:23:31.577+05:30  INFO 3188 --- [main] o.s.b.w.embedded.tomcat.TomcatWebServer  : Tomcat initialized with port 5000 (http)
2026-08-07T02:23:31.593+05:30  INFO 3188 --- [main] o.apache.catalina.core.StandardService   : Starting service [Tomcat]
2026-08-07T02:23:31.594+05:30  INFO 3188 --- [main] o.apache.catalina.core.StandardEngine    : Starting Servlet engine: [Apache Tomcat/10.1.26]
2026-08-07T02:23:31.680+05:30  INFO 3188 --- [main] o.a.c.c.C.[Tomcat].[localhost].[/api]    : Initializing Spring embedded WebApplicationContext
2026-08-07T02:23:31.681+05:30  INFO 3188 --- [main] w.s.c.ServletWebServerApplicationContext : Root WebApplicationContext: initialization completed in 2299 ms
2026-08-07T02:23:31.869+05:30  INFO 3188 --- [main] o.hibernate.jpa.internal.util.LogHelper  : HHH000204: Processing PersistenceUnitInfo [name: default]
2026-08-07T02:23:31.933+05:30  INFO 3188 --- [main] org.hibernate.Version                    : HHH000412: Hibernate ORM core version 6.5.2.Final
2026-08-07T02:23:31.975+05:30  INFO 3188 --- [main] o.h.c.internal.RegionFactoryInitiator    : HHH000026: Second-level cache disabled
2026-08-07T02:23:32.278+05:30  INFO 3188 --- [main] o.s.o.j.p.SpringPersistenceUnitInfo      : No LoadTimeWeaver setup: ignoring JPA class transformer
2026-08-07T02:23:32.307+05:30  INFO 3188 --- [main] com.zaxxer.hikari.HikariDataSource       : HikariPool-1 - Starting...
2026-08-07T02:23:32.486+05:30  INFO 3188 --- [main] com.zaxxer.hikari.pool.HikariPool        : HikariPool-1 - Added connection com.mysql.cj.jdbc.ConnectionImpl@6ae42248
2026-08-07T02:23:32.489+05:30  INFO 3188 --- [main] com.zaxxer.hikari.HikariDataSource       : HikariPool-1 - Start completed.
2026-08-07T02:23:32.556+05:30  WARN 3188 --- [main] org.hibernate.orm.deprecation            : HHH90000025: MySQLDialect does not need to be specified explicitly using 'hibernate.dialect' (remove the property setting and it will be selected by default)
2026-08-07T02:23:34.116+05:30  INFO 3188 --- [main] o.h.e.t.j.p.i.JtaPlatformInitiator       : HHH000489: No JTA platform available (set 'hibernate.transaction.jta.platform' to enable JTA platform integration)
2026-08-07T02:23:34.918+05:30  INFO 3188 --- [main] j.LocalContainerEntityManagerFactoryBean : Initialized JPA EntityManagerFactory for persistence unit 'default'
2026-08-07T02:23:35.231+05:30  INFO 3188 --- [main] o.s.d.j.r.query.QueryEnhancerFactory     : Hibernate is in classpath; If applicable, HQL parser will be used.
2026-08-07T02:23:37.520+05:30  WARN 3188 --- [main] JpaBaseConfiguration$JpaWebConfiguration : spring.jpa.open-in-view is enabled by default. Therefore, database queries may be performed during view rendering. Explicitly configure spring.jpa.open-in-view to disable this warning
2026-08-07T02:23:37.565+05:30  INFO 3188 --- [main] r$InitializeUserDetailsManagerConfigurer : Global AuthenticationManager configured with UserDetailsService bean with name customUserDetailsService
2026-08-07T02:23:38.309+05:30  INFO 3188 --- [main] o.s.b.w.embedded.tomcat.TomcatWebServer  : Tomcat started on port 5000 (http) with context path '/api'
2026-08-07T02:23:38.325+05:30  INFO 3188 --- [main] com.examind.ai.BackendApplication        : Started BackendApplication in 9.613 seconds (process running for 10.058)
2026-08-07T02:23:55.306+05:30  INFO 3188 --- [http-nio-5000-exec-1] o.a.c.c.C.[Tomcat].[localhost].[/api]    : Initializing Spring DispatcherServlet 'dispatcherServlet'
2026-08-07T02:23:55.306+05:30  INFO 3188 --- [http-nio-5000-exec-1] o.s.web.servlet.DispatcherServlet        : Initializing Servlet 'dispatcherServlet'
2026-08-07T02:23:55.310+05:30  INFO 3188 --- [http-nio-5000-exec-1] o.s.web.servlet.DispatcherServlet        : Completed initialization in 3 ms
2026-08-07T02:24:01.660+05:30  INFO 3188 --- [http-nio-5000-exec-1] c.e.ai.service.impl.EmailServiceImpl     : Multipart email sent successfully to student@examind.ai
2026-08-07T02:24:01.661+05:30  INFO 3188 --- [http-nio-5000-exec-1] c.e.ai.service.impl.QuizServiceImpl      : Result email sent with attachments to: student@examind.ai
2026-08-07T02:24:06.935+05:30  INFO 3188 --- [http-nio-5000-exec-1] c.e.ai.service.impl.EmailServiceImpl     : Multipart email sent successfully to pratiknavale21@gmail.com
2026-08-07T02:24:06.935+05:30  INFO 3188 --- [http-nio-5000-exec-1] c.e.ai.service.impl.QuizServiceImpl      : Result email sent with attachments to: pratiknavale21@gmail.com
2026-08-07T02:25:20.913+05:30  INFO 3188 --- [http-nio-5000-exec-10] c.e.a.s.impl.NotificationServiceImpl     : Fetching notifications for user: faculty@examind.ai
2026-08-07T02:25:20.913+05:30  INFO 3188 --- [http-nio-5000-exec-3] c.e.a.service.impl.DashboardServiceImpl  : Loading faculty dashboard for: faculty@examind.ai
2026-08-07T02:25:21.007+05:30  INFO 3188 --- [http-nio-5000-exec-5] c.e.a.s.impl.NotificationServiceImpl     : Fetching notifications for user: faculty@examind.ai
2026-08-07T02:25:21.334+05:30  INFO 3188 --- [http-nio-5000-exec-7] c.e.a.service.impl.DashboardServiceImpl  : Loading faculty dashboard for: faculty@examind.ai
2026-08-07T02:25:24.273+05:30  INFO 3188 --- [http-nio-5000-exec-8] c.e.a.s.impl.NotificationServiceImpl     : Fetching notifications for user: faculty@examind.ai
2026-08-07T02:25:24.303+05:30  INFO 3188 --- [http-nio-5000-exec-6] c.e.a.s.impl.NotificationServiceImpl     : Fetching notifications for user: faculty@examind.ai
2026-08-07T02:25:25.644+05:30  INFO 3188 --- [http-nio-5000-exec-4] c.e.a.s.impl.NotificationServiceImpl     : Fetching notifications for user: faculty@examind.ai
2026-08-07T02:25:25.666+05:30  INFO 3188 --- [http-nio-5000-exec-9] c.e.ai.service.impl.QuizServiceImpl      : Loading quizzes for user: faculty@examind.ai, role: faculty
2026-08-07T02:25:25.679+05:30  INFO 3188 --- [http-nio-5000-exec-1] c.e.a.s.impl.NotificationServiceImpl     : Fetching notifications for user: faculty@examind.ai
2026-08-07T02:25:25.845+05:30  INFO 3188 --- [http-nio-5000-exec-2] c.e.ai.service.impl.QuizServiceImpl      : Loading quizzes for user: faculty@examind.ai, role: faculty
2026-08-07T02:25:25.875+05:30  INFO 3188 --- [http-nio-5000-exec-5] c.e.a.service.impl.AnalyticsServiceImpl  : Loading analytics for quiz ID: 20 by: faculty@examind.ai
2026-08-07T02:25:27.554+05:30  INFO 3188 --- [http-nio-5000-exec-3] c.e.a.s.impl.NotificationServiceImpl     : Fetching notifications for user: faculty@examind.ai
2026-08-07T02:25:27.574+05:30  INFO 3188 --- [http-nio-5000-exec-4] c.e.a.s.impl.NotificationServiceImpl     : Fetching notifications for user: faculty@examind.ai
2026-08-07T02:25:28.709+05:30  INFO 3188 --- [http-nio-5000-exec-9] c.e.a.s.impl.NotificationServiceImpl     : Fetching notifications for user: faculty@examind.ai
2026-08-07T02:25:28.741+05:30  INFO 3188 --- [http-nio-5000-exec-10] c.e.a.s.impl.NotificationServiceImpl     : Fetching notifications for user: faculty@examind.ai
2026-08-07T02:25:29.156+05:30  INFO 3188 --- [http-nio-5000-exec-5] c.e.a.s.impl.NotificationServiceImpl     : Fetching notifications for user: faculty@examind.ai
2026-08-07T02:25:29.158+05:30  INFO 3188 --- [http-nio-5000-exec-2] c.e.ai.service.impl.QuizServiceImpl      : Loading quizzes for user: faculty@examind.ai, role: faculty
2026-08-07T02:25:29.176+05:30  INFO 3188 --- [http-nio-5000-exec-8] c.e.a.s.impl.NotificationServiceImpl     : Fetching notifications for user: faculty@examind.ai
2026-08-07T02:25:29.256+05:30  INFO 3188 --- [http-nio-5000-exec-7] c.e.ai.service.impl.QuizServiceImpl      : Loading quizzes for user: faculty@examind.ai, role: faculty
2026-08-07T02:26:41.969+05:30  INFO 3188 --- [http-nio-5000-exec-9] c.e.a.s.impl.NotificationServiceImpl     : Fetching notifications for user: faculty@examind.ai
2026-08-07T02:26:42.011+05:30  INFO 3188 --- [http-nio-5000-exec-10] c.e.ai.service.impl.QuizServiceImpl      : Loading quizzes for user: faculty@examind.ai, role: faculty
2026-08-07T02:26:42.051+05:30  INFO 3188 --- [http-nio-5000-exec-8] c.e.a.s.impl.NotificationServiceImpl     : Fetching notifications for user: faculty@examind.ai
2026-08-07T02:26:42.160+05:30  INFO 3188 --- [http-nio-5000-exec-2] c.e.ai.service.impl.QuizServiceImpl      : Loading quizzes for user: faculty@examind.ai, role: faculty
2026-08-07T02:27:26.654+05:30  INFO 3188 --- [http-nio-5000-exec-10] c.e.a.s.impl.NotificationServiceImpl     : Fetching notifications for user: faculty@examind.ai
2026-08-07T02:27:26.657+05:30  INFO 3188 --- [http-nio-5000-exec-2] c.e.ai.service.impl.QuizServiceImpl      : Loading quizzes for user: faculty@examind.ai, role: faculty
2026-08-07T02:27:26.690+05:30  INFO 3188 --- [http-nio-5000-exec-3] c.e.a.s.impl.NotificationServiceImpl     : Fetching notifications for user: faculty@examind.ai
2026-08-07T02:27:26.826+05:30  INFO 3188 --- [http-nio-5000-exec-7] c.e.ai.service.impl.QuizServiceImpl      : Loading quizzes for user: faculty@examind.ai, role: faculty
2026-08-07T02:27:48.642+05:30  INFO 3188 --- [http-nio-5000-exec-2] c.e.a.s.impl.NotificationServiceImpl     : Fetching notifications for user: faculty@examind.ai
2026-08-07T02:27:48.673+05:30  INFO 3188 --- [http-nio-5000-exec-7] c.e.ai.service.impl.QuizServiceImpl      : Loading quizzes for user: faculty@examind.ai, role: faculty
2026-08-07T02:27:48.686+05:30  INFO 3188 --- [http-nio-5000-exec-1] c.e.a.s.impl.NotificationServiceImpl     : Fetching notifications for user: faculty@examind.ai
2026-08-07T02:27:48.805+05:30  INFO 3188 --- [http-nio-5000-exec-6] c.e.ai.service.impl.QuizServiceImpl      : Loading quizzes for user: faculty@examind.ai, role: faculty
2026-08-07T02:29:02.744+05:30  INFO 3188 --- [http-nio-5000-exec-2] c.e.a.s.impl.NotificationServiceImpl     : Fetching notifications for user: faculty@examind.ai
2026-08-07T02:29:02.777+05:30  INFO 3188 --- [http-nio-5000-exec-1] c.e.a.s.impl.NotificationServiceImpl     : Fetching notifications for user: faculty@examind.ai
2026-08-07T02:29:04.568+05:30  INFO 3188 --- [http-nio-5000-exec-7] c.e.a.s.impl.NotificationServiceImpl     : Fetching notifications for user: faculty@examind.ai
2026-08-07T02:29:04.570+05:30  INFO 3188 --- [http-nio-5000-exec-6] c.e.a.service.impl.DashboardServiceImpl  : Loading faculty dashboard for: faculty@examind.ai
2026-08-07T02:29:04.590+05:30  INFO 3188 --- [http-nio-5000-exec-5] c.e.a.s.impl.NotificationServiceImpl     : Fetching notifications for user: faculty@examind.ai
2026-08-07T02:29:04.768+05:30  INFO 3188 --- [http-nio-5000-exec-4] c.e.a.service.impl.DashboardServiceImpl  : Loading faculty dashboard for: faculty@examind.ai
2026-08-07T02:29:27.733+05:30  INFO 3188 --- [http-nio-5000-exec-9] c.e.a.s.impl.NotificationServiceImpl     : Fetching notifications for user: faculty@examind.ai
2026-08-07T02:29:27.734+05:30  INFO 3188 --- [http-nio-5000-exec-10] c.e.ai.service.impl.QuizServiceImpl      : Loading quizzes for user: faculty@examind.ai, role: faculty
2026-08-07T02:29:27.759+05:30  INFO 3188 --- [http-nio-5000-exec-8] c.e.a.s.impl.NotificationServiceImpl     : Fetching notifications for user: faculty@examind.ai
2026-08-07T02:29:27.835+05:30  INFO 3188 --- [http-nio-5000-exec-3] c.e.ai.service.impl.QuizServiceImpl      : Loading quizzes for user: faculty@examind.ai, role: faculty
2026-08-07T02:29:30.500+05:30  INFO 3188 --- [http-nio-5000-exec-10] c.e.a.s.impl.NotificationServiceImpl     : Fetching notifications for user: faculty@examind.ai
2026-08-07T02:29:30.502+05:30  INFO 3188 --- [http-nio-5000-exec-3] c.e.ai.service.impl.QuizServiceImpl      : Loading quizzes for user: faculty@examind.ai, role: faculty
2026-08-07T02:29:30.537+05:30  INFO 3188 --- [http-nio-5000-exec-10] c.e.a.s.impl.NotificationServiceImpl     : Fetching notifications for user: faculty@examind.ai
2026-08-07T02:29:30.662+05:30  INFO 3188 --- [http-nio-5000-exec-2] c.e.ai.service.impl.QuizServiceImpl      : Loading quizzes for user: faculty@examind.ai, role: faculty
2026-08-07T02:34:36.241+05:30  INFO 3188 --- [http-nio-5000-exec-5] c.e.a.s.impl.NotificationServiceImpl     : Fetching notifications for user: faculty@examind.ai
2026-08-07T02:34:36.242+05:30  INFO 3188 --- [http-nio-5000-exec-1] c.e.ai.service.impl.QuizServiceImpl      : Loading quizzes for user: faculty@examind.ai, role: faculty
2026-08-07T02:34:36.269+05:30  INFO 3188 --- [http-nio-5000-exec-7] c.e.a.s.impl.NotificationServiceImpl     : Fetching notifications for user: faculty@examind.ai
2026-08-07T02:34:36.454+05:30  INFO 3188 --- [http-nio-5000-exec-9] c.e.ai.service.impl.QuizServiceImpl      : Loading quizzes for user: faculty@examind.ai, role: faculty
2026-08-07T02:34:40.606+05:30  INFO 3188 --- [http-nio-5000-exec-8] c.e.a.s.impl.NotificationServiceImpl     : Fetching notifications for user: faculty@examind.ai
2026-08-07T02:34:40.635+05:30  INFO 3188 --- [http-nio-5000-exec-3] c.e.a.s.impl.NotificationServiceImpl     : Fetching notifications for user: faculty@examind.ai
2026-08-07T02:34:41.415+05:30  INFO 3188 --- [http-nio-5000-exec-5] c.e.a.s.impl.NotificationServiceImpl     : Fetching notifications for user: faculty@examind.ai
2026-08-07T02:34:41.416+05:30  INFO 3188 --- [http-nio-5000-exec-7] c.e.ai.service.impl.QuizServiceImpl      : Loading quizzes for user: faculty@examind.ai, role: faculty
2026-08-07T02:34:41.445+05:30  INFO 3188 --- [http-nio-5000-exec-1] c.e.a.s.impl.NotificationServiceImpl     : Fetching notifications for user: faculty@examind.ai
2026-08-07T02:34:41.520+05:30  INFO 3188 --- [http-nio-5000-exec-9] c.e.ai.service.impl.QuizServiceImpl      : Loading quizzes for user: faculty@examind.ai, role: faculty
2026-08-07T02:34:41.546+05:30  INFO 3188 --- [http-nio-5000-exec-4] c.e.a.service.impl.AnalyticsServiceImpl  : Loading analytics for quiz ID: 20 by: faculty@examind.ai
2026-08-07T02:34:42.114+05:30  INFO 3188 --- [http-nio-5000-exec-10] c.e.a.s.impl.NotificationServiceImpl     : Fetching notifications for user: faculty@examind.ai
2026-08-07T02:34:42.131+05:30  INFO 3188 --- [http-nio-5000-exec-8] c.e.a.s.impl.NotificationServiceImpl     : Fetching notifications for user: faculty@examind.ai
2026-08-07T02:34:42.666+05:30  INFO 3188 --- [http-nio-5000-exec-3] c.e.a.s.impl.NotificationServiceImpl     : Fetching notifications for user: faculty@examind.ai
2026-08-07T02:34:42.667+05:30  INFO 3188 --- [http-nio-5000-exec-2] c.e.ai.service.impl.QuizServiceImpl      : Loading quizzes for user: faculty@examind.ai, role: faculty
2026-08-07T02:34:42.688+05:30  INFO 3188 --- [http-nio-5000-exec-6] c.e.a.s.impl.NotificationServiceImpl     : Fetching notifications for user: faculty@examind.ai
2026-08-07T02:34:42.756+05:30  INFO 3188 --- [http-nio-5000-exec-5] c.e.ai.service.impl.QuizServiceImpl      : Loading quizzes for user: faculty@examind.ai, role: faculty
2026-08-07T02:34:42.775+05:30  INFO 3188 --- [http-nio-5000-exec-1] c.e.a.service.impl.AnalyticsServiceImpl  : Loading analytics for quiz ID: 20 by: faculty@examind.ai
2026-08-07T02:34:43.212+05:30  INFO 3188 --- [http-nio-5000-exec-7] c.e.a.s.impl.NotificationServiceImpl     : Fetching notifications for user: faculty@examind.ai
2026-08-07T02:34:43.226+05:30  INFO 3188 --- [http-nio-5000-exec-9] c.e.a.s.impl.NotificationServiceImpl     : Fetching notifications for user: faculty@examind.ai
2026-08-07T02:34:43.607+05:30  INFO 3188 --- [http-nio-5000-exec-8] c.e.a.s.impl.NotificationServiceImpl     : Fetching notifications for user: faculty@examind.ai
2026-08-07T02:34:43.631+05:30  INFO 3188 --- [http-nio-5000-exec-6] c.e.a.s.impl.NotificationServiceImpl     : Fetching notifications for user: faculty@examind.ai
2026-08-07T02:34:44.002+05:30  INFO 3188 --- [http-nio-5000-exec-1] c.e.a.s.impl.NotificationServiceImpl     : Fetching notifications for user: faculty@examind.ai
2026-08-07T02:34:44.018+05:30  INFO 3188 --- [http-nio-5000-exec-5] c.e.a.s.impl.NotificationServiceImpl     : Fetching notifications for user: faculty@examind.ai
2026-08-07T02:34:44.395+05:30  INFO 3188 --- [http-nio-5000-exec-9] c.e.a.s.impl.NotificationServiceImpl     : Fetching notifications for user: faculty@examind.ai
2026-08-07T02:34:44.400+05:30  INFO 3188 --- [http-nio-5000-exec-6] c.e.ai.service.impl.AdminServiceImpl     : Admin loading all groups
2026-08-07T02:34:44.419+05:30  INFO 3188 --- [http-nio-5000-exec-2] c.e.a.s.impl.NotificationServiceImpl     : Fetching notifications for user: faculty@examind.ai
2026-08-07T02:34:44.474+05:30  INFO 3188 --- [http-nio-5000-exec-1] c.e.ai.service.impl.AdminServiceImpl     : Admin loading all groups
2026-08-07T02:34:44.746+05:30  INFO 3188 --- [http-nio-5000-exec-4] c.e.a.s.impl.NotificationServiceImpl     : Fetching notifications for user: faculty@examind.ai
2026-08-07T02:34:44.746+05:30  INFO 3188 --- [http-nio-5000-exec-10] c.e.a.service.impl.DashboardServiceImpl  : Loading faculty dashboard for: faculty@examind.ai
2026-08-07T02:34:44.775+05:30  INFO 3188 --- [http-nio-5000-exec-7] c.e.a.s.impl.NotificationServiceImpl     : Fetching notifications for user: faculty@examind.ai
2026-08-07T02:34:44.897+05:30  INFO 3188 --- [http-nio-5000-exec-8] c.e.a.service.impl.DashboardServiceImpl  : Loading faculty dashboard for: faculty@examind.ai
2026-08-07T02:44:36.199+05:30  INFO 3188 --- [http-nio-5000-exec-7] c.e.ai.service.impl.AuthServiceImpl      : User login attempt from IP: 0:0:0:0:0:0:0:1, email: pratik.navale.cmfeb26@gmail.com
2026-08-07T02:44:36.519+05:30  INFO 3188 --- [http-nio-5000-exec-7] c.e.ai.service.impl.AuthServiceImpl      : User logged in successfully: pratik.navale.cmfeb26@gmail.com
2026-08-07T02:44:36.669+05:30  INFO 3188 --- [http-nio-5000-exec-8] c.e.a.s.impl.NotificationServiceImpl     : Fetching notifications for user: pratik.navale.cmfeb26@gmail.com
2026-08-07T02:44:36.671+05:30  INFO 3188 --- [http-nio-5000-exec-3] c.e.ai.service.impl.AdminServiceImpl     : Compiling admin dashboard statistics
2026-08-07T02:44:36.692+05:30  INFO 3188 --- [http-nio-5000-exec-8] c.e.a.s.impl.NotificationServiceImpl     : Fetching notifications for user: pratik.navale.cmfeb26@gmail.com
2026-08-07T02:44:36.804+05:30  INFO 3188 --- [http-nio-5000-exec-6] c.e.ai.service.impl.AdminServiceImpl     : Compiling admin dashboard statistics
2026-08-07T02:44:39.325+05:30  INFO 3188 --- [http-nio-5000-exec-1] c.e.a.s.impl.NotificationServiceImpl     : Fetching notifications for user: pratik.navale.cmfeb26@gmail.com
2026-08-07T02:44:39.333+05:30  INFO 3188 --- [http-nio-5000-exec-7] c.e.ai.service.impl.AdminServiceImpl     : Admin fetching filtered users list: role=null, status=null, search=null
2026-08-07T02:44:39.338+05:30  INFO 3188 --- [http-nio-5000-exec-10] c.e.a.s.impl.NotificationServiceImpl     : Fetching notifications for user: pratik.navale.cmfeb26@gmail.com
2026-08-07T02:44:39.384+05:30  INFO 3188 --- [http-nio-5000-exec-2] c.e.ai.service.impl.AdminServiceImpl     : Admin fetching filtered users list: role=null, status=null, search=null
2026-08-07T02:44:41.782+05:30  INFO 3188 --- [http-nio-5000-exec-9] c.e.a.s.impl.NotificationServiceImpl     : Fetching notifications for user: pratik.navale.cmfeb26@gmail.com
2026-08-07T02:44:41.793+05:30  INFO 3188 --- [http-nio-5000-exec-6] c.e.ai.service.impl.AdminServiceImpl     : Admin fetching quizzes list: search=null, published=null
2026-08-07T02:44:41.807+05:30  INFO 3188 --- [http-nio-5000-exec-5] c.e.a.s.impl.NotificationServiceImpl     : Fetching notifications for user: pratik.navale.cmfeb26@gmail.com
2026-08-07T02:44:41.872+05:30  INFO 3188 --- [http-nio-5000-exec-4] c.e.ai.service.impl.AdminServiceImpl     : Admin fetching quizzes list: search=null, published=null
2026-08-07T02:44:44.351+05:30  INFO 3188 --- [http-nio-5000-exec-1] c.e.a.s.impl.NotificationServiceImpl     : Fetching notifications for user: pratik.navale.cmfeb26@gmail.com
2026-08-07T02:44:44.353+05:30  INFO 3188 --- [http-nio-5000-exec-10] c.e.ai.service.impl.AdminServiceImpl     : Admin fetching filtered users list: role=null, status=null, search=null
2026-08-07T02:44:44.362+05:30  INFO 3188 --- [http-nio-5000-exec-7] c.e.a.s.impl.NotificationServiceImpl     : Fetching notifications for user: pratik.navale.cmfeb26@gmail.com
2026-08-07T02:44:44.381+05:30  INFO 3188 --- [http-nio-5000-exec-2] c.e.ai.service.impl.AdminServiceImpl     : Admin fetching filtered users list: role=null, status=null, search=null
2026-08-07T02:44:46.292+05:30  INFO 3188 --- [http-nio-5000-exec-3] c.e.ai.service.impl.AdminServiceImpl     : Admin fetching filtered users list: role=student, status=null, search=null
2026-08-07T02:44:53.013+05:30  INFO 3188 --- [http-nio-5000-exec-5] c.e.ai.service.impl.AdminServiceImpl     : Admin fetching filtered users list: role=faculty, status=null, search=null
2026-08-07T02:44:53.902+05:30  INFO 3188 --- [http-nio-5000-exec-4] c.e.ai.service.impl.AdminServiceImpl     : Admin fetching filtered users list: role=admin, status=null, search=null
2026-08-07T02:44:54.570+05:30  INFO 3188 --- [http-nio-5000-exec-1] c.e.ai.service.impl.AdminServiceImpl     : Admin fetching filtered users list: role=student, status=null, search=null
2026-08-07T02:45:10.067+05:30  INFO 3188 --- [http-nio-5000-exec-10] c.e.ai.service.impl.AdminServiceImpl     : Admin deleting user ID: 5
2026-08-07T02:45:10.213+05:30  WARN 3188 --- [http-nio-5000-exec-10] o.h.engine.jdbc.spi.SqlExceptionHelper   : SQL Error: 1451, SQLState: 23000
2026-08-07T02:45:10.214+05:30 ERROR 3188 --- [http-nio-5000-exec-10] o.h.engine.jdbc.spi.SqlExceptionHelper   : Cannot delete or update a parent row: a foreign key constraint fails (`examind_ai`.`activity_logs`, CONSTRAINT `FK5bm1lt4f4eevt8lv2517soakd` FOREIGN KEY (`user_id`) REFERENCES `users` (`id`))
2026-08-07T02:45:28.088+05:30  INFO 3188 --- [http-nio-5000-exec-2] c.e.ai.service.impl.AdminServiceImpl     : Admin fetching filtered users list: role=faculty, status=null, search=null
2026-08-07T02:45:28.568+05:30  INFO 3188 --- [http-nio-5000-exec-8] c.e.ai.service.impl.AdminServiceImpl     : Admin fetching filtered users list: role=student, status=null, search=null
2026-08-07T02:45:32.558+05:30  INFO 3188 --- [http-nio-5000-exec-9] c.e.ai.service.impl.AdminServiceImpl     : Admin deleting user ID: 18
2026-08-07T02:45:32.608+05:30  WARN 3188 --- [http-nio-5000-exec-9] o.h.engine.jdbc.spi.SqlExceptionHelper   : SQL Error: 1451, SQLState: 23000
2026-08-07T02:45:32.608+05:30 ERROR 3188 --- [http-nio-5000-exec-9] o.h.engine.jdbc.spi.SqlExceptionHelper   : Cannot delete or update a parent row: a foreign key constraint fails (`examind_ai`.`activity_logs`, CONSTRAINT `FK5bm1lt4f4eevt8lv2517soakd` FOREIGN KEY (`user_id`) REFERENCES `users` (`id`))
2026-08-07T02:48:59.870+05:30  INFO 23592 --- [main] com.examind.ai.BackendApplication        : Starting BackendApplication using Java 21.0.10 with PID 23592 (F:\CDAC FINAL PROJECT DRAFT\Versions\removing unecessary code\examind-cleaned\examind-cleaned\backend\target\classes started by Dell in F:\CDAC FINAL PROJECT DRAFT\Versions\removing unecessary code\examind-cleaned\examind-cleaned\backend)
2026-08-07T02:48:59.872+05:30  INFO 23592 --- [main] com.examind.ai.BackendApplication        : No active profile set, falling back to 1 default profile: "default"
2026-08-07T02:49:00.804+05:30  INFO 23592 --- [main] .s.d.r.c.RepositoryConfigurationDelegate : Bootstrapping Spring Data JPA repositories in DEFAULT mode.
2026-08-07T02:49:00.939+05:30  INFO 23592 --- [main] .s.d.r.c.RepositoryConfigurationDelegate : Finished Spring Data repository scanning in 125 ms. Found 18 JPA repository interfaces.
2026-08-07T02:49:01.818+05:30  INFO 23592 --- [main] o.s.b.w.embedded.tomcat.TomcatWebServer  : Tomcat initialized with port 5000 (http)
2026-08-07T02:49:01.831+05:30  INFO 23592 --- [main] o.apache.catalina.core.StandardService   : Starting service [Tomcat]
2026-08-07T02:49:01.832+05:30  INFO 23592 --- [main] o.apache.catalina.core.StandardEngine    : Starting Servlet engine: [Apache Tomcat/10.1.26]
2026-08-07T02:49:01.899+05:30  INFO 23592 --- [main] o.a.c.c.C.[Tomcat].[localhost].[/api]    : Initializing Spring embedded WebApplicationContext
2026-08-07T02:49:01.900+05:30  INFO 23592 --- [main] w.s.c.ServletWebServerApplicationContext : Root WebApplicationContext: initialization completed in 1961 ms
2026-08-07T02:49:02.089+05:30  INFO 23592 --- [main] o.hibernate.jpa.internal.util.LogHelper  : HHH000204: Processing PersistenceUnitInfo [name: default]
2026-08-07T02:49:02.142+05:30  INFO 23592 --- [main] org.hibernate.Version                    : HHH000412: Hibernate ORM core version 6.5.2.Final
2026-08-07T02:49:02.178+05:30  INFO 23592 --- [main] o.h.c.internal.RegionFactoryInitiator    : HHH000026: Second-level cache disabled
2026-08-07T02:49:02.481+05:30  INFO 23592 --- [main] o.s.o.j.p.SpringPersistenceUnitInfo      : No LoadTimeWeaver setup: ignoring JPA class transformer
2026-08-07T02:49:02.511+05:30  INFO 23592 --- [main] com.zaxxer.hikari.HikariDataSource       : HikariPool-1 - Starting...
2026-08-07T02:49:02.740+05:30  INFO 23592 --- [main] com.zaxxer.hikari.pool.HikariPool        : HikariPool-1 - Added connection com.mysql.cj.jdbc.ConnectionImpl@10d905c1
2026-08-07T02:49:02.744+05:30  INFO 23592 --- [main] com.zaxxer.hikari.HikariDataSource       : HikariPool-1 - Start completed.
2026-08-07T02:49:02.801+05:30  WARN 23592 --- [main] org.hibernate.orm.deprecation            : HHH90000025: MySQLDialect does not need to be specified explicitly using 'hibernate.dialect' (remove the property setting and it will be selected by default)
2026-08-07T02:49:04.944+05:30  INFO 23592 --- [main] o.h.e.t.j.p.i.JtaPlatformInitiator       : HHH000489: No JTA platform available (set 'hibernate.transaction.jta.platform' to enable JTA platform integration)
2026-08-07T02:49:06.321+05:30  INFO 23592 --- [main] j.LocalContainerEntityManagerFactoryBean : Initialized JPA EntityManagerFactory for persistence unit 'default'
2026-08-07T02:49:06.930+05:30  INFO 23592 --- [main] o.s.d.j.r.query.QueryEnhancerFactory     : Hibernate is in classpath; If applicable, HQL parser will be used.
2026-08-07T02:49:10.512+05:30  WARN 23592 --- [main] JpaBaseConfiguration$JpaWebConfiguration : spring.jpa.open-in-view is enabled by default. Therefore, database queries may be performed during view rendering. Explicitly configure spring.jpa.open-in-view to disable this warning
2026-08-07T02:49:10.584+05:30  INFO 23592 --- [main] r$InitializeUserDetailsManagerConfigurer : Global AuthenticationManager configured with UserDetailsService bean with name customUserDetailsService
2026-08-07T02:49:11.885+05:30  INFO 23592 --- [main] o.s.b.w.embedded.tomcat.TomcatWebServer  : Tomcat started on port 5000 (http) with context path '/api'
2026-08-07T02:49:11.907+05:30  INFO 23592 --- [main] com.examind.ai.BackendApplication        : Started BackendApplication in 12.597 seconds (process running for 13.043)
2026-08-07T02:49:12.047+05:30  INFO 23592 --- [http-nio-5000-exec-2] o.a.c.c.C.[Tomcat].[localhost].[/api]    : Initializing Spring DispatcherServlet 'dispatcherServlet'
2026-08-07T02:49:12.048+05:30  INFO 23592 --- [http-nio-5000-exec-2] o.s.web.servlet.DispatcherServlet        : Initializing Servlet 'dispatcherServlet'
2026-08-07T02:49:12.052+05:30  INFO 23592 --- [http-nio-5000-exec-2] o.s.web.servlet.DispatcherServlet        : Completed initialization in 4 ms
2026-08-07T02:49:31.307+05:30  INFO 23592 --- [http-nio-5000-exec-5] c.e.ai.service.impl.AuthServiceImpl      : User login attempt from IP: 127.0.0.1, email: pratik.navale.cmfeb26@gmail.com
2026-08-07T02:49:31.654+05:30  INFO 23592 --- [http-nio-5000-exec-5] c.e.ai.service.impl.AuthServiceImpl      : User logged in successfully: pratik.navale.cmfeb26@gmail.com
2026-08-07T02:49:31.997+05:30  INFO 23592 --- [http-nio-5000-exec-6] c.e.a.s.impl.NotificationServiceImpl     : Fetching notifications for user: pratik.navale.cmfeb26@gmail.com
2026-08-07T02:49:32.007+05:30  INFO 23592 --- [http-nio-5000-exec-8] c.e.ai.service.impl.AdminServiceImpl     : Compiling admin dashboard statistics
2026-08-07T02:49:32.050+05:30  INFO 23592 --- [http-nio-5000-exec-9] c.e.a.s.impl.NotificationServiceImpl     : Fetching notifications for user: pratik.navale.cmfeb26@gmail.com
2026-08-07T02:49:32.347+05:30  INFO 23592 --- [http-nio-5000-exec-10] c.e.ai.service.impl.AdminServiceImpl     : Compiling admin dashboard statistics
2026-08-07T02:49:34.400+05:30  INFO 23592 --- [http-nio-5000-exec-2] c.e.a.s.impl.NotificationServiceImpl     : Fetching notifications for user: pratik.navale.cmfeb26@gmail.com
2026-08-07T02:49:34.402+05:30  INFO 23592 --- [http-nio-5000-exec-1] c.e.ai.service.impl.AdminServiceImpl     : Admin loading all groups
2026-08-07T02:49:34.434+05:30  INFO 23592 --- [http-nio-5000-exec-7] c.e.a.s.impl.NotificationServiceImpl     : Fetching notifications for user: pratik.navale.cmfeb26@gmail.com
2026-08-07T02:49:34.437+05:30  INFO 23592 --- [http-nio-5000-exec-5] c.e.ai.service.impl.AdminServiceImpl     : Admin fetching filtered users list: role=faculty, status=null, search=null
2026-08-07T02:49:34.497+05:30  INFO 23592 --- [http-nio-5000-exec-6] c.e.ai.service.impl.AdminServiceImpl     : Admin loading all groups
2026-08-07T02:49:34.516+05:30  INFO 23592 --- [http-nio-5000-exec-9] c.e.ai.service.impl.AdminServiceImpl     : Admin fetching filtered users list: role=faculty, status=null, search=null
2026-08-07T02:49:36.280+05:30  INFO 23592 --- [http-nio-5000-exec-8] c.e.a.s.impl.NotificationServiceImpl     : Fetching notifications for user: pratik.navale.cmfeb26@gmail.com
2026-08-07T02:49:36.282+05:30  INFO 23592 --- [http-nio-5000-exec-10] c.e.ai.service.impl.AdminServiceImpl     : Admin fetching filtered users list: role=null, status=null, search=null
2026-08-07T02:49:36.317+05:30  INFO 23592 --- [http-nio-5000-exec-4] c.e.a.s.impl.NotificationServiceImpl     : Fetching notifications for user: pratik.navale.cmfeb26@gmail.com
2026-08-07T02:49:36.351+05:30  INFO 23592 --- [http-nio-5000-exec-3] c.e.ai.service.impl.AdminServiceImpl     : Admin fetching filtered users list: role=null, status=null, search=null
2026-08-07T02:49:40.089+05:30  INFO 23592 --- [http-nio-5000-exec-2] c.e.ai.service.impl.AdminServiceImpl     : Admin deleting user ID: 18
2026-08-07T02:49:40.155+05:30  WARN 23592 --- [http-nio-5000-exec-2] o.h.engine.jdbc.spi.SqlExceptionHelper   : SQL Error: 1451, SQLState: 23000
2026-08-07T02:49:40.155+05:30 ERROR 23592 --- [http-nio-5000-exec-2] o.h.engine.jdbc.spi.SqlExceptionHelper   : Cannot delete or update a parent row: a foreign key constraint fails (`examind_ai`.`activity_logs`, CONSTRAINT `FK5bm1lt4f4eevt8lv2517soakd` FOREIGN KEY (`user_id`) REFERENCES `users` (`id`))
2026-08-07T02:51:53.938+05:30  INFO 10760 --- [main] com.examind.ai.BackendApplication        : Starting BackendApplication using Java 21.0.10 with PID 10760 (F:\CDAC FINAL PROJECT DRAFT\Versions\removing unecessary code\examind-cleaned\examind-cleaned\backend\target\classes started by Dell in F:\CDAC FINAL PROJECT DRAFT\Versions\removing unecessary code\examind-cleaned\examind-cleaned\backend)
2026-08-07T02:51:53.941+05:30  INFO 10760 --- [main] com.examind.ai.BackendApplication        : No active profile set, falling back to 1 default profile: "default"
2026-08-07T02:51:55.502+05:30  INFO 10760 --- [main] .s.d.r.c.RepositoryConfigurationDelegate : Bootstrapping Spring Data JPA repositories in DEFAULT mode.
2026-08-07T02:51:55.715+05:30  INFO 10760 --- [main] .s.d.r.c.RepositoryConfigurationDelegate : Finished Spring Data repository scanning in 196 ms. Found 18 JPA repository interfaces.
2026-08-07T02:51:57.002+05:30  INFO 10760 --- [main] o.s.b.w.embedded.tomcat.TomcatWebServer  : Tomcat initialized with port 5000 (http)
2026-08-07T02:51:57.032+05:30  INFO 10760 --- [main] o.apache.catalina.core.StandardService   : Starting service [Tomcat]
2026-08-07T02:51:57.033+05:30  INFO 10760 --- [main] o.apache.catalina.core.StandardEngine    : Starting Servlet engine: [Apache Tomcat/10.1.26]
2026-08-07T02:51:57.153+05:30  INFO 10760 --- [main] o.a.c.c.C.[Tomcat].[localhost].[/api]    : Initializing Spring embedded WebApplicationContext
2026-08-07T02:51:57.153+05:30  INFO 10760 --- [main] w.s.c.ServletWebServerApplicationContext : Root WebApplicationContext: initialization completed in 3140 ms
2026-08-07T02:51:57.530+05:30  INFO 10760 --- [main] o.hibernate.jpa.internal.util.LogHelper  : HHH000204: Processing PersistenceUnitInfo [name: default]
2026-08-07T02:51:57.629+05:30  INFO 10760 --- [main] org.hibernate.Version                    : HHH000412: Hibernate ORM core version 6.5.2.Final
2026-08-07T02:51:57.727+05:30  INFO 10760 --- [main] o.h.c.internal.RegionFactoryInitiator    : HHH000026: Second-level cache disabled
2026-08-07T02:51:58.279+05:30  INFO 10760 --- [main] o.s.o.j.p.SpringPersistenceUnitInfo      : No LoadTimeWeaver setup: ignoring JPA class transformer
2026-08-07T02:51:58.323+05:30  INFO 10760 --- [main] com.zaxxer.hikari.HikariDataSource       : HikariPool-1 - Starting...
2026-08-07T02:51:58.616+05:30  INFO 10760 --- [main] com.zaxxer.hikari.pool.HikariPool        : HikariPool-1 - Added connection com.mysql.cj.jdbc.ConnectionImpl@40c28b0d
2026-08-07T02:51:58.619+05:30  INFO 10760 --- [main] com.zaxxer.hikari.HikariDataSource       : HikariPool-1 - Start completed.
2026-08-07T02:51:58.714+05:30  WARN 10760 --- [main] org.hibernate.orm.deprecation            : HHH90000025: MySQLDialect does not need to be specified explicitly using 'hibernate.dialect' (remove the property setting and it will be selected by default)
2026-08-07T02:52:01.703+05:30  INFO 10760 --- [main] o.h.e.t.j.p.i.JtaPlatformInitiator       : HHH000489: No JTA platform available (set 'hibernate.transaction.jta.platform' to enable JTA platform integration)
2026-08-07T02:52:02.764+05:30  INFO 10760 --- [main] j.LocalContainerEntityManagerFactoryBean : Initialized JPA EntityManagerFactory for persistence unit 'default'
2026-08-07T02:52:03.185+05:30  INFO 10760 --- [main] o.s.d.j.r.query.QueryEnhancerFactory     : Hibernate is in classpath; If applicable, HQL parser will be used.
2026-08-07T02:52:07.295+05:30  WARN 10760 --- [main] JpaBaseConfiguration$JpaWebConfiguration : spring.jpa.open-in-view is enabled by default. Therefore, database queries may be performed during view rendering. Explicitly configure spring.jpa.open-in-view to disable this warning
2026-08-07T02:52:07.370+05:30  INFO 10760 --- [main] r$InitializeUserDetailsManagerConfigurer : Global AuthenticationManager configured with UserDetailsService bean with name customUserDetailsService
2026-08-07T02:52:08.529+05:30  INFO 10760 --- [main] o.s.b.w.embedded.tomcat.TomcatWebServer  : Tomcat started on port 5000 (http) with context path '/api'
2026-08-07T02:52:08.541+05:30  INFO 10760 --- [main] com.examind.ai.BackendApplication        : Started BackendApplication in 15.295 seconds (process running for 15.833)
2026-08-07T02:52:11.788+05:30  INFO 10760 --- [http-nio-5000-exec-1] o.a.c.c.C.[Tomcat].[localhost].[/api]    : Initializing Spring DispatcherServlet 'dispatcherServlet'
2026-08-07T02:52:11.789+05:30  INFO 10760 --- [http-nio-5000-exec-1] o.s.web.servlet.DispatcherServlet        : Initializing Servlet 'dispatcherServlet'
2026-08-07T02:52:11.800+05:30  INFO 10760 --- [http-nio-5000-exec-1] o.s.web.servlet.DispatcherServlet        : Completed initialization in 8 ms
2026-08-07T02:52:19.564+05:30  INFO 10760 --- [http-nio-5000-exec-3] c.e.ai.service.impl.AuthServiceImpl      : User login attempt from IP: 0:0:0:0:0:0:0:1, email: pratiknavale21@gmail.com
2026-08-07T02:52:31.439+05:30  INFO 10760 --- [http-nio-5000-exec-4] c.e.ai.service.impl.AuthServiceImpl      : User login attempt from IP: 0:0:0:0:0:0:0:1, email: pratik.navale.cmfeb26@gmail.com
2026-08-07T02:52:31.876+05:30  INFO 10760 --- [http-nio-5000-exec-4] c.e.ai.service.impl.AuthServiceImpl      : User logged in successfully: pratik.navale.cmfeb26@gmail.com
2026-08-07T02:52:32.160+05:30  INFO 10760 --- [http-nio-5000-exec-6] c.e.a.s.impl.NotificationServiceImpl     : Fetching notifications for user: pratik.navale.cmfeb26@gmail.com
2026-08-07T02:52:32.161+05:30  INFO 10760 --- [http-nio-5000-exec-7] c.e.ai.service.impl.AdminServiceImpl     : Compiling admin dashboard statistics
2026-08-07T02:52:32.214+05:30  INFO 10760 --- [http-nio-5000-exec-8] c.e.a.s.impl.NotificationServiceImpl     : Fetching notifications for user: pratik.navale.cmfeb26@gmail.com
2026-08-07T02:52:32.520+05:30  INFO 10760 --- [http-nio-5000-exec-9] c.e.ai.service.impl.AdminServiceImpl     : Compiling admin dashboard statistics
2026-08-07T02:52:34.656+05:30  INFO 10760 --- [http-nio-5000-exec-3] c.e.a.s.impl.NotificationServiceImpl     : Fetching notifications for user: pratik.navale.cmfeb26@gmail.com
2026-08-07T02:52:34.669+05:30  INFO 10760 --- [http-nio-5000-exec-4] c.e.ai.service.impl.AdminServiceImpl     : Admin fetching filtered users list: role=null, status=null, search=null
2026-08-07T02:52:34.689+05:30  INFO 10760 --- [http-nio-5000-exec-5] c.e.a.s.impl.NotificationServiceImpl     : Fetching notifications for user: pratik.navale.cmfeb26@gmail.com
2026-08-07T02:52:34.794+05:30  INFO 10760 --- [http-nio-5000-exec-6] c.e.ai.service.impl.AdminServiceImpl     : Admin fetching filtered users list: role=null, status=null, search=null
2026-08-07T02:52:37.500+05:30  INFO 10760 --- [http-nio-5000-exec-8] c.e.ai.service.impl.AdminServiceImpl     : Admin deleting user ID: 18
2026-08-07T02:52:47.889+05:30  INFO 10760 --- [http-nio-5000-exec-9] c.e.ai.service.impl.AdminServiceImpl     : Admin deleting user ID: 3
2026-08-07T02:53:02.546+05:30  INFO 10760 --- [http-nio-5000-exec-2] c.e.ai.service.impl.AdminServiceImpl     : Admin deleting user ID: 13
2026-08-07T02:53:02.610+05:30  WARN 10760 --- [http-nio-5000-exec-2] o.h.engine.jdbc.spi.SqlExceptionHelper   : SQL Error: 1451, SQLState: 23000
2026-08-07T02:53:02.611+05:30 ERROR 10760 --- [http-nio-5000-exec-2] o.h.engine.jdbc.spi.SqlExceptionHelper   : Cannot delete or update a parent row: a foreign key constraint fails (`examind_ai`.`payments`, CONSTRAINT `FKj94hgy9v5fw1munb90tar2eje` FOREIGN KEY (`user_id`) REFERENCES `users` (`id`))
2026-08-07T02:53:19.020+05:30  INFO 10760 --- [http-nio-5000-exec-3] c.e.ai.service.impl.AdminServiceImpl     : Admin deleting user ID: 14
2026-08-07T02:53:25.150+05:30  INFO 10760 --- [http-nio-5000-exec-1] c.e.a.s.impl.NotificationServiceImpl     : Fetching notifications for user: pratik.navale.cmfeb26@gmail.com
2026-08-07T02:53:25.151+05:30  INFO 10760 --- [http-nio-5000-exec-3] c.e.ai.service.impl.AdminServiceImpl     : Admin fetching filtered users list: role=null, status=null, search=null
2026-08-07T02:53:25.182+05:30  INFO 10760 --- [http-nio-5000-exec-1] c.e.a.s.impl.NotificationServiceImpl     : Fetching notifications for user: pratik.navale.cmfeb26@gmail.com
2026-08-07T02:53:25.201+05:30  INFO 10760 --- [http-nio-5000-exec-6] c.e.ai.service.impl.AdminServiceImpl     : Admin fetching filtered users list: role=null, status=null, search=null
2026-08-07T02:54:38.761+05:30  INFO 10760 --- [http-nio-5000-exec-9] c.e.ai.service.impl.AdminServiceImpl     : Admin fetching filtered users list: role=null, status=null, search=null
2026-08-07T02:55:09.137+05:30  INFO 10760 --- [http-nio-5000-exec-2] c.e.ai.service.impl.AdminServiceImpl     : Admin fetching filtered users list: role=student, status=null, search=null
2026-08-07T02:55:09.651+05:30  INFO 10760 --- [http-nio-5000-exec-5] c.e.ai.service.impl.AdminServiceImpl     : Admin fetching filtered users list: role=admin, status=null, search=null
2026-08-07T02:55:14.929+05:30  INFO 10760 --- [http-nio-5000-exec-3] c.e.ai.service.impl.AdminServiceImpl     : Admin fetching filtered users list: role=null, status=null, search=null
2026-08-07T02:55:15.462+05:30  INFO 10760 --- [http-nio-5000-exec-1] c.e.a.s.impl.NotificationServiceImpl     : Fetching notifications for user: pratik.navale.cmfeb26@gmail.com
2026-08-07T02:55:15.464+05:30  INFO 10760 --- [http-nio-5000-exec-6] c.e.ai.service.impl.AdminServiceImpl     : Compiling admin dashboard statistics
2026-08-07T02:55:15.491+05:30  INFO 10760 --- [http-nio-5000-exec-4] c.e.a.s.impl.NotificationServiceImpl     : Fetching notifications for user: pratik.navale.cmfeb26@gmail.com
2026-08-07T02:55:15.575+05:30  INFO 10760 --- [http-nio-5000-exec-8] c.e.ai.service.impl.AdminServiceImpl     : Compiling admin dashboard statistics
2026-08-07T02:55:17.303+05:30  INFO 10760 --- [http-nio-5000-exec-6] c.e.a.s.impl.NotificationServiceImpl     : Fetching notifications for user: pratik.navale.cmfeb26@gmail.com
2026-08-07T02:55:17.304+05:30  INFO 10760 --- [http-nio-5000-exec-8] c.e.ai.service.impl.AdminServiceImpl     : Compiling admin dashboard statistics
2026-08-07T02:55:17.334+05:30  INFO 10760 --- [http-nio-5000-exec-9] c.e.a.s.impl.NotificationServiceImpl     : Fetching notifications for user: pratik.navale.cmfeb26@gmail.com
2026-08-07T02:55:17.453+05:30  INFO 10760 --- [http-nio-5000-exec-7] c.e.ai.service.impl.AdminServiceImpl     : Compiling admin dashboard statistics
2026-08-07T02:55:20.520+05:30  INFO 10760 --- [http-nio-5000-exec-10] c.e.a.s.impl.NotificationServiceImpl     : Fetching notifications for user: pratik.navale.cmfeb26@gmail.com
2026-08-07T02:55:20.522+05:30  INFO 10760 --- [http-nio-5000-exec-3] c.e.ai.service.impl.AdminServiceImpl     : Admin fetching filtered users list: role=null, status=null, search=null
2026-08-07T02:55:20.543+05:30  INFO 10760 --- [http-nio-5000-exec-5] c.e.a.s.impl.NotificationServiceImpl     : Fetching notifications for user: pratik.navale.cmfeb26@gmail.com
2026-08-07T02:55:20.552+05:30  INFO 10760 --- [http-nio-5000-exec-2] c.e.ai.service.impl.AdminServiceImpl     : Admin fetching filtered users list: role=null, status=null, search=null
2026-08-07T02:55:21.163+05:30  INFO 10760 --- [http-nio-5000-exec-1] c.e.a.s.impl.NotificationServiceImpl     : Fetching notifications for user: pratik.navale.cmfeb26@gmail.com
2026-08-07T02:55:21.165+05:30  INFO 10760 --- [http-nio-5000-exec-4] c.e.ai.service.impl.AdminServiceImpl     : Admin loading all groups
2026-08-07T02:55:21.165+05:30  INFO 10760 --- [http-nio-5000-exec-6] c.e.ai.service.impl.AdminServiceImpl     : Admin fetching filtered users list: role=faculty, status=null, search=null
2026-08-07T02:55:21.182+05:30  INFO 10760 --- [http-nio-5000-exec-8] c.e.a.s.impl.NotificationServiceImpl     : Fetching notifications for user: pratik.navale.cmfeb26@gmail.com
2026-08-07T02:55:21.183+05:30  INFO 10760 --- [http-nio-5000-exec-9] c.e.ai.service.impl.AdminServiceImpl     : Admin fetching filtered users list: role=faculty, status=null, search=null
2026-08-07T02:55:21.245+05:30  INFO 10760 --- [http-nio-5000-exec-4] c.e.ai.service.impl.AdminServiceImpl     : Admin loading all groups
2026-08-07T02:55:21.864+05:30  INFO 10760 --- [http-nio-5000-exec-10] c.e.a.s.impl.NotificationServiceImpl     : Fetching notifications for user: pratik.navale.cmfeb26@gmail.com
2026-08-07T02:55:21.870+05:30  INFO 10760 --- [http-nio-5000-exec-3] c.e.ai.service.impl.AdminServiceImpl     : Admin fetching quizzes list: search=null, published=null
2026-08-07T02:55:21.884+05:30  INFO 10760 --- [http-nio-5000-exec-5] c.e.a.s.impl.NotificationServiceImpl     : Fetching notifications for user: pratik.navale.cmfeb26@gmail.com
2026-08-07T02:55:21.994+05:30  INFO 10760 --- [http-nio-5000-exec-2] c.e.ai.service.impl.AdminServiceImpl     : Admin fetching quizzes list: search=null, published=null
2026-08-07T02:55:22.414+05:30  INFO 10760 --- [http-nio-5000-exec-6] c.e.a.s.impl.NotificationServiceImpl     : Fetching notifications for user: pratik.navale.cmfeb26@gmail.com
2026-08-07T02:55:22.415+05:30  INFO 10760 --- [http-nio-5000-exec-8] c.e.ai.service.impl.AdminServiceImpl     : Admin loading all groups
2026-08-07T02:55:22.454+05:30  INFO 10760 --- [http-nio-5000-exec-9] c.e.a.s.impl.NotificationServiceImpl     : Fetching notifications for user: pratik.navale.cmfeb26@gmail.com
2026-08-07T02:55:22.550+05:30  INFO 10760 --- [http-nio-5000-exec-7] c.e.ai.service.impl.AdminServiceImpl     : Admin loading all groups
2026-08-07T02:55:23.969+05:30  INFO 10760 --- [http-nio-5000-exec-4] c.e.a.s.impl.NotificationServiceImpl     : Fetching notifications for user: pratik.navale.cmfeb26@gmail.com
2026-08-07T02:55:23.990+05:30  INFO 10760 --- [http-nio-5000-exec-3] c.e.a.s.impl.NotificationServiceImpl     : Fetching notifications for user: pratik.navale.cmfeb26@gmail.com
2026-08-07T02:55:24.806+05:30  INFO 10760 --- [http-nio-5000-exec-2] c.e.a.s.impl.NotificationServiceImpl     : Fetching notifications for user: pratik.navale.cmfeb26@gmail.com
2026-08-07T02:55:24.829+05:30  INFO 10760 --- [http-nio-5000-exec-7] c.e.a.s.impl.NotificationServiceImpl     : Fetching notifications for user: pratik.navale.cmfeb26@gmail.com
2026-08-07T02:55:44.871+05:30  INFO 10760 --- [http-nio-5000-exec-5] c.e.a.s.impl.NotificationServiceImpl     : Fetching notifications for user: pratik.navale.cmfeb26@gmail.com
2026-08-07T02:55:44.877+05:30  INFO 10760 --- [http-nio-5000-exec-10] c.e.ai.service.impl.AdminServiceImpl     : Admin loading all groups
2026-08-07T02:55:44.906+05:30  INFO 10760 --- [http-nio-5000-exec-3] c.e.a.s.impl.NotificationServiceImpl     : Fetching notifications for user: pratik.navale.cmfeb26@gmail.com
2026-08-07T02:55:44.914+05:30  INFO 10760 --- [http-nio-5000-exec-6] c.e.ai.service.impl.AdminServiceImpl     : Admin loading all groups
2026-08-07T02:55:45.680+05:30  INFO 10760 --- [http-nio-5000-exec-2] c.e.a.s.impl.NotificationServiceImpl     : Fetching notifications for user: pratik.navale.cmfeb26@gmail.com
2026-08-07T02:55:45.682+05:30  INFO 10760 --- [http-nio-5000-exec-9] c.e.ai.service.impl.AdminServiceImpl     : Admin fetching quizzes list: search=null, published=null
2026-08-07T02:55:45.701+05:30  INFO 10760 --- [http-nio-5000-exec-7] c.e.a.s.impl.NotificationServiceImpl     : Fetching notifications for user: pratik.navale.cmfeb26@gmail.com
2026-08-07T02:55:45.771+05:30  INFO 10760 --- [http-nio-5000-exec-1] c.e.ai.service.impl.AdminServiceImpl     : Admin fetching quizzes list: search=null, published=null
2026-08-07T02:55:46.415+05:30  INFO 10760 --- [http-nio-5000-exec-5] c.e.a.s.impl.NotificationServiceImpl     : Fetching notifications for user: pratik.navale.cmfeb26@gmail.com
2026-08-07T02:55:46.416+05:30  INFO 10760 --- [http-nio-5000-exec-10] c.e.ai.service.impl.AdminServiceImpl     : Admin loading all groups
2026-08-07T02:55:46.416+05:30  INFO 10760 --- [http-nio-5000-exec-4] c.e.ai.service.impl.AdminServiceImpl     : Admin fetching filtered users list: role=faculty, status=null, search=null
2026-08-07T02:55:46.437+05:30  INFO 10760 --- [http-nio-5000-exec-6] c.e.a.s.impl.NotificationServiceImpl     : Fetching notifications for user: pratik.navale.cmfeb26@gmail.com
2026-08-07T02:55:46.452+05:30  INFO 10760 --- [http-nio-5000-exec-8] c.e.ai.service.impl.AdminServiceImpl     : Admin loading all groups
2026-08-07T02:55:46.461+05:30  INFO 10760 --- [http-nio-5000-exec-3] c.e.ai.service.impl.AdminServiceImpl     : Admin fetching filtered users list: role=faculty, status=null, search=null
2026-08-07T02:55:46.831+05:30  INFO 10760 --- [http-nio-5000-exec-2] c.e.a.s.impl.NotificationServiceImpl     : Fetching notifications for user: pratik.navale.cmfeb26@gmail.com
2026-08-07T02:55:46.832+05:30  INFO 10760 --- [http-nio-5000-exec-7] c.e.ai.service.impl.AdminServiceImpl     : Admin fetching filtered users list: role=null, status=null, search=null
2026-08-07T02:55:46.845+05:30  INFO 10760 --- [http-nio-5000-exec-9] c.e.a.s.impl.NotificationServiceImpl     : Fetching notifications for user: pratik.navale.cmfeb26@gmail.com
2026-08-07T02:55:46.857+05:30  INFO 10760 --- [http-nio-5000-exec-1] c.e.ai.service.impl.AdminServiceImpl     : Admin fetching filtered users list: role=null, status=null, search=null
2026-08-07T02:55:47.346+05:30  INFO 10760 --- [http-nio-5000-exec-5] c.e.a.s.impl.NotificationServiceImpl     : Fetching notifications for user: pratik.navale.cmfeb26@gmail.com
2026-08-07T02:55:47.347+05:30  INFO 10760 --- [http-nio-5000-exec-4] c.e.ai.service.impl.AdminServiceImpl     : Compiling admin dashboard statistics
2026-08-07T02:55:47.362+05:30  INFO 10760 --- [http-nio-5000-exec-10] c.e.a.s.impl.NotificationServiceImpl     : Fetching notifications for user: pratik.navale.cmfeb26@gmail.com
2026-08-07T02:55:47.449+05:30  INFO 10760 --- [http-nio-5000-exec-6] c.e.ai.service.impl.AdminServiceImpl     : Compiling admin dashboard statistics
2026-08-07T02:55:55.040+05:30  INFO 10760 --- [http-nio-5000-exec-3] c.e.a.s.impl.NotificationServiceImpl     : Fetching notifications for user: pratik.navale.cmfeb26@gmail.com
2026-08-07T02:55:55.041+05:30  INFO 10760 --- [http-nio-5000-exec-8] c.e.ai.service.impl.AdminServiceImpl     : Compiling admin dashboard statistics
2026-08-07T02:55:55.058+05:30  INFO 10760 --- [http-nio-5000-exec-2] c.e.a.s.impl.NotificationServiceImpl     : Fetching notifications for user: pratik.navale.cmfeb26@gmail.com
2026-08-07T02:55:55.139+05:30  INFO 10760 --- [http-nio-5000-exec-7] c.e.ai.service.impl.AdminServiceImpl     : Compiling admin dashboard statistics
2026-08-07T02:55:57.448+05:30  INFO 10760 --- [http-nio-5000-exec-9] c.e.a.s.impl.NotificationServiceImpl     : Fetching notifications for user: pratik.navale.cmfeb26@gmail.com
2026-08-07T02:55:57.453+05:30  INFO 10760 --- [http-nio-5000-exec-10] c.e.ai.service.impl.AdminServiceImpl     : Admin fetching quizzes list: search=null, published=true
2026-08-07T02:55:57.462+05:30  INFO 10760 --- [http-nio-5000-exec-4] c.e.a.s.impl.NotificationServiceImpl     : Fetching notifications for user: pratik.navale.cmfeb26@gmail.com
2026-08-07T02:55:57.489+05:30  INFO 10760 --- [http-nio-5000-exec-6] c.e.ai.service.impl.AdminServiceImpl     : Admin fetching quizzes list: search=null, published=true
2026-08-07T02:56:01.963+05:30  INFO 10760 --- [http-nio-5000-exec-3] c.e.ai.service.impl.AdminServiceImpl     : Admin fetching quizzes list: search=null, published=null
2026-08-07T02:56:10.834+05:30  INFO 10760 --- [http-nio-5000-exec-2] c.e.a.s.impl.NotificationServiceImpl     : Fetching notifications for user: pratik.navale.cmfeb26@gmail.com
2026-08-07T02:56:10.835+05:30  INFO 10760 --- [http-nio-5000-exec-8] c.e.ai.service.impl.AdminServiceImpl     : Compiling admin dashboard statistics
2026-08-07T02:56:10.852+05:30  INFO 10760 --- [http-nio-5000-exec-2] c.e.a.s.impl.NotificationServiceImpl     : Fetching notifications for user: pratik.navale.cmfeb26@gmail.com
2026-08-07T02:56:10.933+05:30  INFO 10760 --- [http-nio-5000-exec-7] c.e.ai.service.impl.AdminServiceImpl     : Compiling admin dashboard statistics
