2026-08-06T19:36:30.368+05:30  INFO 12612 --- [main] com.examind.ai.BackendApplication        : Starting BackendApplication using Java 19.0.2 with PID 12612 (F:\CDAC_2026_BATCH\CADC_FINAL_PROJECT_STUFF\cleancodewithmicroservices\examind-cleaned\backend\target\classes started by manep in F:\CDAC_2026_BATCH\CADC_FINAL_PROJECT_STUFF\cleancodewithmicroservices\examind-cleaned\backend)
2026-08-06T19:36:30.372+05:30  INFO 12612 --- [main] com.examind.ai.BackendApplication        : No active profile set, falling back to 1 default profile: "default"
2026-08-06T19:36:34.799+05:30  INFO 12612 --- [main] .s.d.r.c.RepositoryConfigurationDelegate : Bootstrapping Spring Data JPA repositories in DEFAULT mode.
2026-08-06T19:36:35.162+05:30  INFO 12612 --- [main] .s.d.r.c.RepositoryConfigurationDelegate : Finished Spring Data repository scanning in 330 ms. Found 20 JPA repository interfaces.
2026-08-06T19:36:36.283+05:30  INFO 12612 --- [main] o.s.b.w.embedded.tomcat.TomcatWebServer  : Tomcat initialized with port 5000 (http)
2026-08-06T19:36:36.306+05:30  INFO 12612 --- [main] o.apache.catalina.core.StandardService   : Starting service [Tomcat]
2026-08-06T19:36:36.307+05:30  INFO 12612 --- [main] o.apache.catalina.core.StandardEngine    : Starting Servlet engine: [Apache Tomcat/10.1.26]
2026-08-06T19:36:36.449+05:30  INFO 12612 --- [main] o.a.c.c.C.[Tomcat].[localhost].[/api]    : Initializing Spring embedded WebApplicationContext
2026-08-06T19:36:36.450+05:30  INFO 12612 --- [main] w.s.c.ServletWebServerApplicationContext : Root WebApplicationContext: initialization completed in 5907 ms
2026-08-06T19:36:36.762+05:30  INFO 12612 --- [main] o.hibernate.jpa.internal.util.LogHelper  : HHH000204: Processing PersistenceUnitInfo [name: default]
2026-08-06T19:36:36.944+05:30  INFO 12612 --- [main] org.hibernate.Version                    : HHH000412: Hibernate ORM core version 6.5.2.Final
2026-08-06T19:36:37.064+05:30  INFO 12612 --- [main] o.h.c.internal.RegionFactoryInitiator    : HHH000026: Second-level cache disabled
2026-08-06T19:36:37.657+05:30  INFO 12612 --- [main] o.s.o.j.p.SpringPersistenceUnitInfo      : No LoadTimeWeaver setup: ignoring JPA class transformer
2026-08-06T19:36:37.711+05:30  INFO 12612 --- [main] com.zaxxer.hikari.HikariDataSource       : HikariPool-1 - Starting...
2026-08-06T19:36:38.124+05:30  INFO 12612 --- [main] com.zaxxer.hikari.pool.HikariPool        : HikariPool-1 - Added connection com.mysql.cj.jdbc.ConnectionImpl@294c44b7
2026-08-06T19:36:38.128+05:30  INFO 12612 --- [main] com.zaxxer.hikari.HikariDataSource       : HikariPool-1 - Start completed.
2026-08-06T19:36:38.292+05:30  WARN 12612 --- [main] org.hibernate.orm.deprecation            : HHH90000025: MySQLDialect does not need to be specified explicitly using 'hibernate.dialect' (remove the property setting and it will be selected by default)
2026-08-06T19:36:41.217+05:30  INFO 12612 --- [main] o.h.e.t.j.p.i.JtaPlatformInitiator       : HHH000489: No JTA platform available (set 'hibernate.transaction.jta.platform' to enable JTA platform integration)
2026-08-06T19:36:46.338+05:30  INFO 12612 --- [main] j.LocalContainerEntityManagerFactoryBean : Initialized JPA EntityManagerFactory for persistence unit 'default'
2026-08-06T19:36:46.892+05:30  INFO 12612 --- [main] o.s.d.j.r.query.QueryEnhancerFactory     : Hibernate is in classpath; If applicable, HQL parser will be used.
2026-08-06T19:36:49.968+05:30  WARN 12612 --- [main] JpaBaseConfiguration$JpaWebConfiguration : spring.jpa.open-in-view is enabled by default. Therefore, database queries may be performed during view rendering. Explicitly configure spring.jpa.open-in-view to disable this warning
2026-08-06T19:36:50.034+05:30  INFO 12612 --- [main] r$InitializeUserDetailsManagerConfigurer : Global AuthenticationManager configured with UserDetailsService bean with name customUserDetailsService
2026-08-06T19:36:51.698+05:30  INFO 12612 --- [main] o.s.b.w.embedded.tomcat.TomcatWebServer  : Tomcat started on port 5000 (http) with context path '/api'
2026-08-06T19:36:51.721+05:30  INFO 12612 --- [main] com.examind.ai.BackendApplication        : Started BackendApplication in 22.507 seconds (process running for 24.803)
2026-08-06T19:36:51.951+05:30  INFO 12612 --- [main] com.examind.ai.config.DataSeeder         : Seeding default user: System Admin (admin)
2026-08-06T19:36:52.320+05:30  INFO 12612 --- [main] com.examind.ai.config.DataSeeder         : Seeding default user: Dr. Sarah Jenkins (faculty)
2026-08-06T19:36:52.470+05:30  INFO 12612 --- [main] com.examind.ai.config.DataSeeder         : Seeding default user: Alex Johnson (student)
2026-08-06T19:39:24.997+05:30  INFO 12612 --- [http-nio-5000-exec-2] o.a.c.c.C.[Tomcat].[localhost].[/api]    : Initializing Spring DispatcherServlet 'dispatcherServlet'
2026-08-06T19:39:24.997+05:30  INFO 12612 --- [http-nio-5000-exec-2] o.s.web.servlet.DispatcherServlet        : Initializing Servlet 'dispatcherServlet'
2026-08-06T19:39:25.001+05:30  INFO 12612 --- [http-nio-5000-exec-2] o.s.web.servlet.DispatcherServlet        : Completed initialization in 4 ms
2026-08-06T19:39:29.550+05:30  INFO 12612 --- [http-nio-5000-exec-9] c.e.a.controller.NotificationController  : Fetching notifications for user: cdacwptfeb2026@gmail.com
2026-08-06T19:39:29.585+05:30  INFO 12612 --- [http-nio-5000-exec-10] c.e.a.service.impl.DashboardServiceImpl  : Loading student dashboard for: cdacwptfeb2026@gmail.com
2026-08-06T19:39:29.718+05:30  INFO 12612 --- [http-nio-5000-exec-2] c.e.a.controller.NotificationController  : Fetching notifications for user: cdacwptfeb2026@gmail.com
2026-08-06T19:39:29.720+05:30  INFO 12612 --- [http-nio-5000-exec-6] c.e.a.service.impl.DashboardServiceImpl  : Loading student dashboard for: cdacwptfeb2026@gmail.com
2026-08-06T19:40:44.005+05:30  INFO 12612 --- [http-nio-5000-exec-2] c.e.ai.service.impl.AuthServiceImpl      : User login attempt from IP: 0:0:0:0:0:0:0:1, email: prasad.mane.cmfeb26@gmail.com
2026-08-06T19:40:44.288+05:30  INFO 12612 --- [http-nio-5000-exec-2] c.e.ai.service.impl.AuthServiceImpl      : User logged in successfully: prasad.mane.cmfeb26@gmail.com
2026-08-06T19:40:45.822+05:30  INFO 12612 --- [http-nio-5000-exec-8] c.e.a.controller.NotificationController  : Fetching notifications for user: prasad.mane.cmfeb26@gmail.com
2026-08-06T19:40:45.829+05:30  INFO 12612 --- [http-nio-5000-exec-1] c.e.ai.service.impl.AdminServiceImpl     : Compiling admin dashboard statistics
2026-08-06T19:40:45.870+05:30  INFO 12612 --- [http-nio-5000-exec-4] c.e.a.controller.NotificationController  : Fetching notifications for user: prasad.mane.cmfeb26@gmail.com
2026-08-06T19:40:46.058+05:30  INFO 12612 --- [http-nio-5000-exec-7] c.e.ai.service.impl.AdminServiceImpl     : Compiling admin dashboard statistics
2026-08-06T19:40:53.430+05:30  INFO 12612 --- [http-nio-5000-exec-2] c.e.a.controller.NotificationController  : Fetching notifications for user: prasad.mane.cmfeb26@gmail.com
2026-08-06T19:40:53.435+05:30  INFO 12612 --- [http-nio-5000-exec-6] c.e.ai.service.impl.AdminServiceImpl     : Admin fetching filtered users list: role=null, status=null, search=null
2026-08-06T19:40:53.463+05:30  INFO 12612 --- [http-nio-5000-exec-5] c.e.a.controller.NotificationController  : Fetching notifications for user: prasad.mane.cmfeb26@gmail.com
2026-08-06T19:40:53.547+05:30  INFO 12612 --- [http-nio-5000-exec-3] c.e.ai.service.impl.AdminServiceImpl     : Admin fetching filtered users list: role=null, status=null, search=null
2026-08-06T19:40:59.209+05:30  INFO 12612 --- [http-nio-5000-exec-4] c.e.ai.service.impl.AdminServiceImpl     : Admin fetching details for user ID: 3
2026-08-06T19:41:09.253+05:30  INFO 12612 --- [http-nio-5000-exec-1] c.e.a.controller.NotificationController  : Fetching notifications for user: prasad.mane.cmfeb26@gmail.com
2026-08-06T19:41:09.262+05:30  INFO 12612 --- [http-nio-5000-exec-7] c.e.ai.service.impl.AdminServiceImpl     : Compiling admin dashboard statistics
2026-08-06T19:41:09.342+05:30  INFO 12612 --- [http-nio-5000-exec-9] c.e.a.controller.NotificationController  : Fetching notifications for user: prasad.mane.cmfeb26@gmail.com
2026-08-06T19:41:09.363+05:30  INFO 12612 --- [http-nio-5000-exec-10] c.e.ai.service.impl.AdminServiceImpl     : Compiling admin dashboard statistics
2026-08-06T19:41:12.996+05:30  INFO 12612 --- [http-nio-5000-exec-5] c.e.a.controller.NotificationController  : Fetching notifications for user: prasad.mane.cmfeb26@gmail.com
2026-08-06T19:41:13.033+05:30  INFO 12612 --- [http-nio-5000-exec-3] c.e.ai.service.impl.AdminServiceImpl     : Admin fetching filtered users list: role=student, status=null, search=null
2026-08-06T19:41:13.048+05:30  INFO 12612 --- [http-nio-5000-exec-8] c.e.a.controller.NotificationController  : Fetching notifications for user: prasad.mane.cmfeb26@gmail.com
2026-08-06T19:41:13.082+05:30  INFO 12612 --- [http-nio-5000-exec-4] c.e.ai.service.impl.AdminServiceImpl     : Admin fetching filtered users list: role=student, status=null, search=null
2026-08-06T19:41:15.064+05:30  INFO 12612 --- [http-nio-5000-exec-7] c.e.ai.service.impl.AdminServiceImpl     : Compiling admin dashboard statistics
2026-08-06T19:41:15.065+05:30  INFO 12612 --- [http-nio-5000-exec-1] c.e.a.controller.NotificationController  : Fetching notifications for user: prasad.mane.cmfeb26@gmail.com
2026-08-06T19:41:15.116+05:30  INFO 12612 --- [http-nio-5000-exec-10] c.e.ai.service.impl.AdminServiceImpl     : Compiling admin dashboard statistics
2026-08-06T19:41:15.119+05:30  INFO 12612 --- [http-nio-5000-exec-9] c.e.a.controller.NotificationController  : Fetching notifications for user: prasad.mane.cmfeb26@gmail.com
2026-08-06T19:41:16.568+05:30  INFO 12612 --- [http-nio-5000-exec-5] c.e.a.controller.NotificationController  : Fetching notifications for user: prasad.mane.cmfeb26@gmail.com
2026-08-06T19:41:16.569+05:30  INFO 12612 --- [http-nio-5000-exec-3] c.e.ai.service.impl.AdminServiceImpl     : Admin fetching filtered users list: role=faculty, status=null, search=null
2026-08-06T19:41:16.669+05:30  INFO 12612 --- [http-nio-5000-exec-8] c.e.ai.service.impl.AdminServiceImpl     : Admin fetching filtered users list: role=faculty, status=null, search=null
2026-08-06T19:41:16.715+05:30  INFO 12612 --- [http-nio-5000-exec-4] c.e.a.controller.NotificationController  : Fetching notifications for user: prasad.mane.cmfeb26@gmail.com
2026-08-06T19:41:18.658+05:30  INFO 12612 --- [http-nio-5000-exec-1] c.e.a.controller.NotificationController  : Fetching notifications for user: prasad.mane.cmfeb26@gmail.com
2026-08-06T19:41:18.673+05:30  INFO 12612 --- [http-nio-5000-exec-7] c.e.ai.service.impl.AdminServiceImpl     : Compiling admin dashboard statistics
2026-08-06T19:41:18.697+05:30  INFO 12612 --- [http-nio-5000-exec-9] c.e.a.controller.NotificationController  : Fetching notifications for user: prasad.mane.cmfeb26@gmail.com
2026-08-06T19:41:18.759+05:30  INFO 12612 --- [http-nio-5000-exec-10] c.e.ai.service.impl.AdminServiceImpl     : Compiling admin dashboard statistics
2026-08-06T19:41:20.111+05:30  INFO 12612 --- [http-nio-5000-exec-3] c.e.ai.service.impl.AdminServiceImpl     : Admin fetching quizzes list: search=null, published=null
2026-08-06T19:41:20.112+05:30  INFO 12612 --- [http-nio-5000-exec-5] c.e.a.controller.NotificationController  : Fetching notifications for user: prasad.mane.cmfeb26@gmail.com
2026-08-06T19:41:20.160+05:30  INFO 12612 --- [http-nio-5000-exec-4] c.e.a.controller.NotificationController  : Fetching notifications for user: prasad.mane.cmfeb26@gmail.com
2026-08-06T19:41:20.164+05:30  INFO 12612 --- [http-nio-5000-exec-8] c.e.ai.service.impl.AdminServiceImpl     : Admin fetching quizzes list: search=null, published=null
2026-08-06T19:41:22.072+05:30  INFO 12612 --- [http-nio-5000-exec-1] c.e.a.controller.NotificationController  : Fetching notifications for user: prasad.mane.cmfeb26@gmail.com
2026-08-06T19:41:22.088+05:30  INFO 12612 --- [http-nio-5000-exec-7] c.e.ai.service.impl.AdminServiceImpl     : Compiling admin dashboard statistics
2026-08-06T19:41:22.172+05:30  INFO 12612 --- [http-nio-5000-exec-9] c.e.a.controller.NotificationController  : Fetching notifications for user: prasad.mane.cmfeb26@gmail.com
2026-08-06T19:41:22.269+05:30  INFO 12612 --- [http-nio-5000-exec-10] c.e.ai.service.impl.AdminServiceImpl     : Compiling admin dashboard statistics
2026-08-06T19:41:23.327+05:30  INFO 12612 --- [http-nio-5000-exec-2] c.e.a.controller.NotificationController  : Fetching notifications for user: prasad.mane.cmfeb26@gmail.com
2026-08-06T19:41:23.342+05:30  INFO 12612 --- [http-nio-5000-exec-6] c.e.ai.service.impl.AdminServiceImpl     : Admin fetching quizzes list: search=null, published=null
2026-08-06T19:41:23.363+05:30  INFO 12612 --- [http-nio-5000-exec-3] c.e.a.controller.NotificationController  : Fetching notifications for user: prasad.mane.cmfeb26@gmail.com
2026-08-06T19:41:23.373+05:30  INFO 12612 --- [http-nio-5000-exec-5] c.e.ai.service.impl.AdminServiceImpl     : Admin fetching quizzes list: search=null, published=null
2026-08-06T19:41:25.274+05:30  INFO 12612 --- [http-nio-5000-exec-4] c.e.a.controller.NotificationController  : Fetching notifications for user: prasad.mane.cmfeb26@gmail.com
2026-08-06T19:41:25.274+05:30  INFO 12612 --- [http-nio-5000-exec-8] c.e.ai.service.impl.AdminServiceImpl     : Compiling admin dashboard statistics
2026-08-06T19:41:25.348+05:30  INFO 12612 --- [http-nio-5000-exec-1] c.e.a.controller.NotificationController  : Fetching notifications for user: prasad.mane.cmfeb26@gmail.com
2026-08-06T19:41:25.348+05:30  INFO 12612 --- [http-nio-5000-exec-7] c.e.ai.service.impl.AdminServiceImpl     : Compiling admin dashboard statistics
2026-08-06T19:41:26.658+05:30  INFO 12612 --- [http-nio-5000-exec-6] c.e.ai.service.impl.AdminServiceImpl     : Admin fetching quizzes list: search=null, published=true
2026-08-06T19:41:26.660+05:30  INFO 12612 --- [http-nio-5000-exec-2] c.e.a.controller.NotificationController  : Fetching notifications for user: prasad.mane.cmfeb26@gmail.com
2026-08-06T19:41:26.709+05:30  INFO 12612 --- [http-nio-5000-exec-3] c.e.ai.service.impl.AdminServiceImpl     : Admin fetching quizzes list: search=null, published=true
2026-08-06T19:41:26.711+05:30  INFO 12612 --- [http-nio-5000-exec-5] c.e.a.controller.NotificationController  : Fetching notifications for user: prasad.mane.cmfeb26@gmail.com
2026-08-06T19:41:28.162+05:30  INFO 12612 --- [http-nio-5000-exec-4] c.e.a.controller.NotificationController  : Fetching notifications for user: prasad.mane.cmfeb26@gmail.com
2026-08-06T19:41:28.162+05:30  INFO 12612 --- [http-nio-5000-exec-8] c.e.ai.service.impl.AdminServiceImpl     : Compiling admin dashboard statistics
2026-08-06T19:41:28.225+05:30  INFO 12612 --- [http-nio-5000-exec-1] c.e.a.controller.NotificationController  : Fetching notifications for user: prasad.mane.cmfeb26@gmail.com
2026-08-06T19:41:28.241+05:30  INFO 12612 --- [http-nio-5000-exec-7] c.e.ai.service.impl.AdminServiceImpl     : Compiling admin dashboard statistics
2026-08-06T19:41:29.410+05:30  INFO 12612 --- [http-nio-5000-exec-9] c.e.a.controller.NotificationController  : Fetching notifications for user: prasad.mane.cmfeb26@gmail.com
2026-08-06T19:41:29.411+05:30  INFO 12612 --- [http-nio-5000-exec-10] c.e.ai.service.impl.AdminServiceImpl     : Admin fetching quizzes list: search=null, published=null
2026-08-06T19:41:29.440+05:30  INFO 12612 --- [http-nio-5000-exec-6] c.e.ai.service.impl.AdminServiceImpl     : Admin fetching quizzes list: search=null, published=null
2026-08-06T19:41:29.453+05:30  INFO 12612 --- [http-nio-5000-exec-2] c.e.a.controller.NotificationController  : Fetching notifications for user: prasad.mane.cmfeb26@gmail.com
2026-08-06T19:41:30.799+05:30  INFO 12612 --- [http-nio-5000-exec-5] c.e.ai.service.impl.AdminServiceImpl     : Compiling admin dashboard statistics
2026-08-06T19:41:30.809+05:30  INFO 12612 --- [http-nio-5000-exec-3] c.e.a.controller.NotificationController  : Fetching notifications for user: prasad.mane.cmfeb26@gmail.com
2026-08-06T19:41:30.845+05:30  INFO 12612 --- [http-nio-5000-exec-4] c.e.a.controller.NotificationController  : Fetching notifications for user: prasad.mane.cmfeb26@gmail.com
2026-08-06T19:41:30.855+05:30  INFO 12612 --- [http-nio-5000-exec-8] c.e.ai.service.impl.AdminServiceImpl     : Compiling admin dashboard statistics
2026-08-06T19:41:33.123+05:30  INFO 12612 --- [http-nio-5000-exec-7] c.e.ai.service.impl.AdminServiceImpl     : Admin fetching filtered users list: role=null, status=null, search=null
2026-08-06T19:41:33.125+05:30  INFO 12612 --- [http-nio-5000-exec-1] c.e.a.controller.NotificationController  : Fetching notifications for user: prasad.mane.cmfeb26@gmail.com
2026-08-06T19:41:33.203+05:30  INFO 12612 --- [http-nio-5000-exec-10] c.e.a.controller.NotificationController  : Fetching notifications for user: prasad.mane.cmfeb26@gmail.com
2026-08-06T19:41:33.217+05:30  INFO 12612 --- [http-nio-5000-exec-9] c.e.ai.service.impl.AdminServiceImpl     : Admin fetching filtered users list: role=null, status=null, search=null
2026-08-06T19:41:36.269+05:30  INFO 12612 --- [http-nio-5000-exec-6] c.e.ai.service.impl.AdminServiceImpl     : Admin fetching filtered users list: role=student, status=null, search=null
2026-08-06T19:41:37.521+05:30  INFO 12612 --- [http-nio-5000-exec-2] c.e.ai.service.impl.AdminServiceImpl     : Admin fetching filtered users list: role=faculty, status=null, search=null
2026-08-06T19:41:38.985+05:30  INFO 12612 --- [http-nio-5000-exec-5] c.e.ai.service.impl.AdminServiceImpl     : Admin fetching filtered users list: role=admin, status=null, search=null
2026-08-06T19:41:40.336+05:30  INFO 12612 --- [http-nio-5000-exec-4] c.e.ai.service.impl.AdminServiceImpl     : Admin fetching filtered users list: role=null, status=null, search=null
2026-08-06T19:41:45.693+05:30  INFO 12612 --- [http-nio-5000-exec-8] c.e.ai.service.impl.AdminServiceImpl     : Admin fetching details for user ID: 3
2026-08-06T19:41:48.304+05:30  INFO 12612 --- [http-nio-5000-exec-7] c.e.ai.service.impl.AdminServiceImpl     : Admin fetching details for user ID: 2
2026-08-06T19:41:51.887+05:30  INFO 12612 --- [http-nio-5000-exec-9] c.e.ai.service.impl.AdminServiceImpl     : Admin fetching details for user ID: 1
2026-08-06T19:42:01.933+05:30  INFO 12612 --- [http-nio-5000-exec-2] c.e.ai.service.impl.AdminServiceImpl     : Admin updating details for user ID: 3
2026-08-06T19:42:07.295+05:30  INFO 12612 --- [http-nio-5000-exec-5] c.e.ai.service.impl.AdminServiceImpl     : Admin updating details for user ID: 2
2026-08-06T19:42:12.985+05:30  INFO 12612 --- [http-nio-5000-exec-8] c.e.ai.service.impl.AdminServiceImpl     : Admin updating details for user ID: 1
2026-08-06T19:42:50.532+05:30  INFO 12612 --- [http-nio-5000-exec-2] c.e.a.controller.NotificationController  : Fetching notifications for user: prasad.mane.cmfeb26@gmail.com
2026-08-06T19:42:50.532+05:30  INFO 12612 --- [http-nio-5000-exec-3] c.e.ai.service.impl.AdminServiceImpl     : Admin loading all groups
2026-08-06T19:42:50.537+05:30  INFO 12612 --- [http-nio-5000-exec-5] c.e.ai.service.impl.AdminServiceImpl     : Admin fetching filtered users list: role=faculty, status=null, search=null
2026-08-06T19:42:50.577+05:30  INFO 12612 --- [http-nio-5000-exec-4] c.e.a.controller.NotificationController  : Fetching notifications for user: prasad.mane.cmfeb26@gmail.com
2026-08-06T19:42:50.580+05:30  INFO 12612 --- [http-nio-5000-exec-1] c.e.ai.service.impl.AdminServiceImpl     : Admin loading all groups
2026-08-06T19:42:50.701+05:30  INFO 12612 --- [http-nio-5000-exec-8] c.e.ai.service.impl.AdminServiceImpl     : Admin fetching filtered users list: role=faculty, status=null, search=null
2026-08-06T19:42:51.842+05:30  INFO 12612 --- [http-nio-5000-exec-7] c.e.a.controller.NotificationController  : Fetching notifications for user: prasad.mane.cmfeb26@gmail.com
2026-08-06T19:42:51.872+05:30  INFO 12612 --- [http-nio-5000-exec-10] c.e.ai.service.impl.AdminServiceImpl     : Admin fetching quizzes list: search=null, published=null
2026-08-06T19:42:51.898+05:30  INFO 12612 --- [http-nio-5000-exec-9] c.e.a.controller.NotificationController  : Fetching notifications for user: prasad.mane.cmfeb26@gmail.com
2026-08-06T19:42:51.913+05:30  INFO 12612 --- [http-nio-5000-exec-6] c.e.ai.service.impl.AdminServiceImpl     : Admin fetching quizzes list: search=null, published=null
2026-08-06T19:42:53.292+05:30  INFO 12612 --- [http-nio-5000-exec-5] c.e.a.controller.NotificationController  : Fetching notifications for user: prasad.mane.cmfeb26@gmail.com
2026-08-06T19:42:53.309+05:30  INFO 12612 --- [http-nio-5000-exec-1] c.e.ai.service.impl.AdminServiceImpl     : Admin loading all groups
2026-08-06T19:42:53.392+05:30  INFO 12612 --- [http-nio-5000-exec-4] c.e.a.controller.NotificationController  : Fetching notifications for user: prasad.mane.cmfeb26@gmail.com
2026-08-06T19:42:53.395+05:30  INFO 12612 --- [http-nio-5000-exec-7] c.e.ai.service.impl.AdminServiceImpl     : Admin loading all groups
2026-08-06T19:42:54.578+05:30  INFO 12612 --- [http-nio-5000-exec-9] c.e.a.controller.NotificationController  : Fetching notifications for user: prasad.mane.cmfeb26@gmail.com
2026-08-06T19:42:54.611+05:30  INFO 12612 --- [http-nio-5000-exec-5] c.e.a.controller.NotificationController  : Fetching notifications for user: prasad.mane.cmfeb26@gmail.com
2026-08-06T19:42:55.792+05:30  INFO 12612 --- [http-nio-5000-exec-8] c.e.a.controller.NotificationController  : Fetching notifications for user: prasad.mane.cmfeb26@gmail.com
2026-08-06T19:42:55.850+05:30  INFO 12612 --- [http-nio-5000-exec-10] c.e.a.controller.NotificationController  : Fetching notifications for user: prasad.mane.cmfeb26@gmail.com
2026-08-06T19:42:57.865+05:30  INFO 12612 --- [http-nio-5000-exec-6] c.e.a.controller.NotificationController  : Fetching notifications for user: prasad.mane.cmfeb26@gmail.com
2026-08-06T19:42:57.865+05:30  INFO 12612 --- [http-nio-5000-exec-2] c.e.ai.service.impl.AdminServiceImpl     : Admin fetching quizzes list: search=null, published=null
2026-08-06T19:42:57.892+05:30  INFO 12612 --- [http-nio-5000-exec-9] c.e.ai.service.impl.AdminServiceImpl     : Admin fetching quizzes list: search=null, published=null
2026-08-06T19:42:57.896+05:30  INFO 12612 --- [http-nio-5000-exec-3] c.e.a.controller.NotificationController  : Fetching notifications for user: prasad.mane.cmfeb26@gmail.com
2026-08-06T19:43:00.445+05:30  INFO 12612 --- [http-nio-5000-exec-5] c.e.ai.service.impl.AdminServiceImpl     : Admin fetching quizzes list: search=null, published=true
2026-08-06T19:43:01.056+05:30  INFO 12612 --- [http-nio-5000-exec-4] c.e.ai.service.impl.AdminServiceImpl     : Admin fetching quizzes list: search=null, published=false
2026-08-06T19:43:02.565+05:30  INFO 12612 --- [http-nio-5000-exec-8] c.e.a.controller.NotificationController  : Fetching notifications for user: prasad.mane.cmfeb26@gmail.com
2026-08-06T19:43:02.579+05:30  INFO 12612 --- [http-nio-5000-exec-10] c.e.ai.service.impl.AdminServiceImpl     : Admin loading all groups
2026-08-06T19:43:02.617+05:30  INFO 12612 --- [http-nio-5000-exec-6] c.e.ai.service.impl.AdminServiceImpl     : Admin loading all groups
2026-08-06T19:43:02.621+05:30  INFO 12612 --- [http-nio-5000-exec-2] c.e.a.controller.NotificationController  : Fetching notifications for user: prasad.mane.cmfeb26@gmail.com
2026-08-06T19:43:42.701+05:30  INFO 12612 --- [http-nio-5000-exec-4] c.e.a.controller.NotificationController  : Fetching notifications for user: prasad.mane.cmfeb26@gmail.com
2026-08-06T19:43:42.772+05:30  INFO 12612 --- [http-nio-5000-exec-7] c.e.a.controller.NotificationController  : Fetching notifications for user: prasad.mane.cmfeb26@gmail.com
2026-08-06T19:43:49.417+05:30  INFO 12612 --- [http-nio-5000-exec-6] c.e.a.controller.NotificationController  : Fetching notifications for user: prasad.mane.cmfeb26@gmail.com
2026-08-06T19:43:49.446+05:30  INFO 12612 --- [http-nio-5000-exec-3] c.e.a.controller.NotificationController  : Fetching notifications for user: prasad.mane.cmfeb26@gmail.com
2026-08-06T19:45:19.227+05:30  INFO 12612 --- [http-nio-5000-exec-6] c.e.a.controller.NotificationController  : Fetching notifications for user: prasad.mane.cmfeb26@gmail.com
2026-08-06T19:45:19.270+05:30  INFO 12612 --- [http-nio-5000-exec-3] c.e.a.controller.NotificationController  : Fetching notifications for user: prasad.mane.cmfeb26@gmail.com
2026-08-06T19:45:22.603+05:30  INFO 12612 --- [http-nio-5000-exec-1] c.e.a.controller.NotificationController  : Fetching notifications for user: prasad.mane.cmfeb26@gmail.com
2026-08-06T19:45:22.627+05:30  INFO 12612 --- [http-nio-5000-exec-4] c.e.a.controller.NotificationController  : Fetching notifications for user: prasad.mane.cmfeb26@gmail.com
2026-08-06T19:46:06.598+05:30  INFO 12612 --- [http-nio-5000-exec-2] c.e.ai.service.impl.AuthServiceImpl      : User login attempt from IP: 0:0:0:0:0:0:0:1, email: maneprasad1610@gmail.com
2026-08-06T19:46:06.741+05:30  INFO 12612 --- [http-nio-5000-exec-2] c.e.ai.service.impl.AuthServiceImpl      : User logged in successfully: maneprasad1610@gmail.com
2026-08-06T19:46:07.369+05:30  INFO 12612 --- [http-nio-5000-exec-5] c.e.a.controller.NotificationController  : Fetching notifications for user: maneprasad1610@gmail.com
2026-08-06T19:46:07.389+05:30  INFO 12612 --- [http-nio-5000-exec-5] c.e.a.service.impl.DashboardServiceImpl  : Loading faculty dashboard for: maneprasad1610@gmail.com
2026-08-06T19:46:07.424+05:30  INFO 12612 --- [http-nio-5000-exec-4] c.e.a.controller.NotificationController  : Fetching notifications for user: maneprasad1610@gmail.com
2026-08-06T19:46:07.486+05:30  INFO 12612 --- [http-nio-5000-exec-8] c.e.a.service.impl.DashboardServiceImpl  : Loading faculty dashboard for: maneprasad1610@gmail.com
2026-08-06T19:46:13.622+05:30  INFO 12612 --- [http-nio-5000-exec-10] c.e.a.controller.NotificationController  : Fetching notifications for user: maneprasad1610@gmail.com
2026-08-06T19:46:13.702+05:30  INFO 12612 --- [http-nio-5000-exec-2] c.e.ai.service.impl.AdminServiceImpl     : Admin loading all groups
2026-08-06T19:46:13.793+05:30  INFO 12612 --- [http-nio-5000-exec-9] c.e.a.controller.NotificationController  : Fetching notifications for user: maneprasad1610@gmail.com
2026-08-06T19:46:13.801+05:30  INFO 12612 --- [http-nio-5000-exec-3] c.e.ai.service.impl.AdminServiceImpl     : Admin loading all groups
2026-08-06T19:46:26.617+05:30  INFO 12612 --- [http-nio-5000-exec-1] c.e.a.controller.NotificationController  : Fetching notifications for user: maneprasad1610@gmail.com
2026-08-06T19:46:26.655+05:30  INFO 12612 --- [http-nio-5000-exec-10] c.e.a.controller.NotificationController  : Fetching notifications for user: maneprasad1610@gmail.com
2026-08-06T19:46:27.653+05:30  INFO 12612 --- [http-nio-5000-exec-5] c.e.a.controller.NotificationController  : Fetching notifications for user: maneprasad1610@gmail.com
2026-08-06T19:46:27.667+05:30  INFO 12612 --- [http-nio-5000-exec-7] c.e.ai.service.impl.QuizServiceImpl      : Loading quizzes for user: maneprasad1610@gmail.com, role: faculty
2026-08-06T19:46:27.674+05:30  INFO 12612 --- [http-nio-5000-exec-1] c.e.a.controller.NotificationController  : Fetching notifications for user: maneprasad1610@gmail.com
2026-08-06T19:46:27.698+05:30  INFO 12612 --- [http-nio-5000-exec-10] c.e.ai.service.impl.QuizServiceImpl      : Loading quizzes for user: maneprasad1610@gmail.com, role: faculty
2026-08-06T19:46:34.024+05:30  INFO 12612 --- [http-nio-5000-exec-2] c.e.a.controller.NotificationController  : Fetching notifications for user: maneprasad1610@gmail.com
2026-08-06T19:46:34.071+05:30  INFO 12612 --- [http-nio-5000-exec-9] c.e.a.controller.NotificationController  : Fetching notifications for user: maneprasad1610@gmail.com
2026-08-06T19:48:19.730+05:30  INFO 12612 --- [http-nio-5000-exec-1] c.e.ai.service.impl.QuizServiceImpl      : User: maneprasad1610@gmail.com creating new quiz
2026-08-06T19:48:20.493+05:30  INFO 12612 --- [http-nio-5000-exec-4] c.e.a.controller.NotificationController  : Fetching notifications for user: maneprasad1610@gmail.com
2026-08-06T19:48:20.747+05:30  INFO 12612 --- [http-nio-5000-exec-7] c.e.ai.service.impl.QuizServiceImpl      : Loading quiz ID: 1 for user: maneprasad1610@gmail.com
2026-08-06T19:48:20.747+05:30  INFO 12612 --- [http-nio-5000-exec-5] c.e.ai.service.impl.QuizServiceImpl      : Loading quiz ID: 1 for user: maneprasad1610@gmail.com
2026-08-06T19:48:20.748+05:30  INFO 12612 --- [http-nio-5000-exec-10] c.e.a.controller.NotificationController  : Fetching notifications for user: maneprasad1610@gmail.com
2026-08-06T19:48:20.774+05:30  INFO 12612 --- [http-nio-5000-exec-1] c.e.ai.service.impl.QuizServiceImpl      : Loading questions for quiz ID: 1
2026-08-06T19:48:20.774+05:30  INFO 12612 --- [http-nio-5000-exec-1] c.e.ai.service.impl.QuizServiceImpl      : Loading quiz ID: 1 for user: maneprasad1610@gmail.com
2026-08-06T19:48:20.796+05:30  INFO 12612 --- [http-nio-5000-exec-2] c.e.ai.service.impl.QuizServiceImpl      : Loading quiz ID: 1 for user: maneprasad1610@gmail.com
2026-08-06T19:48:20.836+05:30  INFO 12612 --- [http-nio-5000-exec-6] c.e.ai.service.impl.QuizServiceImpl      : Loading questions for quiz ID: 1
2026-08-06T19:48:20.836+05:30  INFO 12612 --- [http-nio-5000-exec-6] c.e.ai.service.impl.QuizServiceImpl      : Loading quiz ID: 1 for user: maneprasad1610@gmail.com
2026-08-06T19:48:20.839+05:30  INFO 12612 --- [http-nio-5000-exec-3] c.e.ai.service.impl.QuizServiceImpl      : Loading quiz ID: 1 for user: maneprasad1610@gmail.com
2026-08-06T19:48:31.632+05:30  INFO 12612 --- [http-nio-5000-exec-9] c.e.ai.service.impl.QuizServiceImpl      : Loading quiz ID: 1 for user: maneprasad1610@gmail.com
2026-08-06T19:48:40.546+05:30  INFO 12612 --- [http-nio-5000-exec-4] c.e.ai.service.impl.QuizServiceImpl      : Loading quiz ID: 1 for user: maneprasad1610@gmail.com
2026-08-06T19:50:18.238+05:30  INFO 12612 --- [http-nio-5000-exec-8] c.e.ai.service.impl.QuizServiceImpl      : Adding question to quiz ID: 1
2026-08-06T19:52:20.133+05:30  INFO 12612 --- [http-nio-5000-exec-4] c.e.ai.service.impl.QuizServiceImpl      : Adding question to quiz ID: 1
2026-08-06T19:53:30.237+05:30  INFO 12612 --- [http-nio-5000-exec-7] c.e.ai.service.impl.QuizServiceImpl      : Adding question to quiz ID: 1
2026-08-06T19:54:31.567+05:30  INFO 12612 --- [http-nio-5000-exec-2] c.e.ai.service.impl.QuizServiceImpl      : Adding question to quiz ID: 1
2026-08-06T19:57:12.213+05:30  INFO 12612 --- [http-nio-5000-exec-6] c.e.ai.service.impl.QuizServiceImpl      : Adding question to quiz ID: 1
2026-08-06T19:57:30.368+05:30  INFO 12612 --- [http-nio-5000-exec-8] com.examind.ai.controller.AIController   : Received request for AI question generation. Provider: Groq
2026-08-06T19:57:30.378+05:30  INFO 12612 --- [http-nio-5000-exec-8] com.examind.ai.controller.AIController   : [Groq Attempt 1/3] Calling Groq API...
2026-08-06T19:57:34.308+05:30  INFO 12612 --- [http-nio-5000-exec-8] com.examind.ai.controller.AIController   : [Groq] Response received (3722 chars)
2026-08-06T19:57:39.621+05:30  INFO 12612 --- [http-nio-5000-exec-4] c.e.ai.service.impl.QuizServiceImpl      : Adding question to quiz ID: 1
2026-08-06T19:57:39.667+05:30  INFO 12612 --- [http-nio-5000-exec-4] c.e.ai.service.impl.QuizServiceImpl      : Adding question to quiz ID: 1
2026-08-06T19:57:39.689+05:30  INFO 12612 --- [http-nio-5000-exec-4] c.e.ai.service.impl.QuizServiceImpl      : Adding question to quiz ID: 1
2026-08-06T19:57:39.713+05:30  INFO 12612 --- [http-nio-5000-exec-4] c.e.ai.service.impl.QuizServiceImpl      : Adding question to quiz ID: 1
2026-08-06T19:57:39.739+05:30  INFO 12612 --- [http-nio-5000-exec-4] c.e.ai.service.impl.QuizServiceImpl      : Adding question to quiz ID: 1
2026-08-06T19:57:39.767+05:30  INFO 12612 --- [http-nio-5000-exec-4] c.e.ai.service.impl.QuizServiceImpl      : Adding question to quiz ID: 1
2026-08-06T19:58:28.326+05:30  INFO 12612 --- [http-nio-5000-exec-1] c.e.ai.service.impl.QuizServiceImpl      : User: maneprasad1610@gmail.com toggling publish state for quiz ID: 1
2026-08-06T19:58:28.386+05:30  INFO 12612 --- [http-nio-5000-exec-1] c.e.ai.service.impl.QuizServiceImpl      : Quiz published. Broadcasting notifications to students.
2026-08-06T19:58:31.632+05:30  INFO 12612 --- [http-nio-5000-exec-2] c.e.a.controller.NotificationController  : Fetching notifications for user: maneprasad1610@gmail.com
2026-08-06T19:58:31.689+05:30  INFO 12612 --- [http-nio-5000-exec-3] c.e.a.controller.NotificationController  : Fetching notifications for user: maneprasad1610@gmail.com
2026-08-06T19:58:32.522+05:30  INFO 12612 --- [http-nio-5000-exec-4] c.e.a.controller.NotificationController  : Fetching notifications for user: maneprasad1610@gmail.com
2026-08-06T19:58:32.616+05:30  INFO 12612 --- [http-nio-5000-exec-10] c.e.ai.service.impl.QuizServiceImpl      : Loading quizzes for user: maneprasad1610@gmail.com, role: faculty
2026-08-06T19:58:32.641+05:30  INFO 12612 --- [http-nio-5000-exec-7] c.e.a.controller.NotificationController  : Fetching notifications for user: maneprasad1610@gmail.com
2026-08-06T19:58:32.714+05:30  INFO 12612 --- [http-nio-5000-exec-1] c.e.ai.service.impl.QuizServiceImpl      : Loading quizzes for user: maneprasad1610@gmail.com, role: faculty
2026-08-06T19:58:52.525+05:30  INFO 12612 --- [http-nio-5000-exec-5] c.e.ai.service.impl.AuthServiceImpl      : User login attempt from IP: 0:0:0:0:0:0:0:1, email: cdacwptfeb2026@gmail.com
2026-08-06T19:58:52.658+05:30  INFO 12612 --- [http-nio-5000-exec-5] c.e.ai.service.impl.AuthServiceImpl      : User logged in successfully: cdacwptfeb2026@gmail.com
2026-08-06T19:58:53.047+05:30  INFO 12612 --- [http-nio-5000-exec-3] c.e.a.service.impl.DashboardServiceImpl  : Loading student dashboard for: cdacwptfeb2026@gmail.com
2026-08-06T19:58:53.048+05:30  INFO 12612 --- [http-nio-5000-exec-6] c.e.a.controller.NotificationController  : Fetching notifications for user: cdacwptfeb2026@gmail.com
2026-08-06T19:58:53.083+05:30  INFO 12612 --- [http-nio-5000-exec-8] c.e.a.controller.NotificationController  : Fetching notifications for user: cdacwptfeb2026@gmail.com
2026-08-06T19:58:53.089+05:30  INFO 12612 --- [http-nio-5000-exec-9] c.e.a.service.impl.DashboardServiceImpl  : Loading student dashboard for: cdacwptfeb2026@gmail.com
2026-08-06T19:58:56.896+05:30  INFO 12612 --- [http-nio-5000-exec-7] c.e.a.controller.NotificationController  : Fetching notifications for user: cdacwptfeb2026@gmail.com
2026-08-06T19:58:56.922+05:30  INFO 12612 --- [http-nio-5000-exec-5] c.e.a.controller.NotificationController  : Fetching notifications for user: cdacwptfeb2026@gmail.com
2026-08-06T19:59:02.115+05:30  INFO 12612 --- [http-nio-5000-exec-3] c.e.a.controller.NotificationController  : Fetching notifications for user: cdacwptfeb2026@gmail.com
2026-08-06T19:59:02.118+05:30  INFO 12612 --- [http-nio-5000-exec-8] c.e.ai.service.impl.QuizServiceImpl      : Loading quizzes for user: cdacwptfeb2026@gmail.com, role: student
2026-08-06T19:59:02.118+05:30  INFO 12612 --- [http-nio-5000-exec-9] c.e.ai.service.impl.AttemptServiceImpl   : Loading attempts list for student: cdacwptfeb2026@gmail.com
2026-08-06T19:59:02.131+05:30  INFO 12612 --- [http-nio-5000-exec-9] c.e.a.controller.NotificationController  : Fetching notifications for user: cdacwptfeb2026@gmail.com
2026-08-06T19:59:02.143+05:30  INFO 12612 --- [http-nio-5000-exec-10] c.e.ai.service.impl.AttemptServiceImpl   : Loading attempts list for student: cdacwptfeb2026@gmail.com
2026-08-06T19:59:02.212+05:30  INFO 12612 --- [http-nio-5000-exec-7] c.e.ai.service.impl.QuizServiceImpl      : Loading quizzes for user: cdacwptfeb2026@gmail.com, role: student
2026-08-06T19:59:04.488+05:30  INFO 12612 --- [http-nio-5000-exec-5] c.e.a.controller.NotificationController  : Fetching notifications for user: cdacwptfeb2026@gmail.com
2026-08-06T19:59:04.506+05:30  INFO 12612 --- [http-nio-5000-exec-1] c.e.ai.service.impl.AttemptServiceImpl   : Loading attempts list for student: cdacwptfeb2026@gmail.com
2026-08-06T19:59:04.519+05:30  INFO 12612 --- [http-nio-5000-exec-2] c.e.a.controller.NotificationController  : Fetching notifications for user: cdacwptfeb2026@gmail.com
2026-08-06T19:59:04.522+05:30  INFO 12612 --- [http-nio-5000-exec-6] c.e.ai.service.impl.AttemptServiceImpl   : Loading attempts list for student: cdacwptfeb2026@gmail.com
2026-08-06T19:59:05.315+05:30  INFO 12612 --- [http-nio-5000-exec-3] c.e.a.controller.NotificationController  : Fetching notifications for user: cdacwptfeb2026@gmail.com
2026-08-06T19:59:05.348+05:30  INFO 12612 --- [http-nio-5000-exec-10] c.e.a.controller.NotificationController  : Fetching notifications for user: cdacwptfeb2026@gmail.com
2026-08-06T19:59:09.090+05:30  INFO 12612 --- [http-nio-5000-exec-6] c.e.a.controller.NotificationController  : Fetching notifications for user: cdacwptfeb2026@gmail.com
2026-08-06T19:59:09.135+05:30  INFO 12612 --- [http-nio-5000-exec-4] c.e.a.controller.PaymentProxyController  : Proxying request [GET /api/payments/plans] -> target [http://localhost:5001/api/payments/plans]
2026-08-06T19:59:09.141+05:30  INFO 12612 --- [http-nio-5000-exec-3] c.e.a.controller.PaymentProxyController  : Proxying request [GET /api/payments/my] -> target [http://localhost:5001/api/payments/my]
2026-08-06T19:59:09.179+05:30  INFO 12612 --- [http-nio-5000-exec-9] c.e.a.controller.NotificationController  : Fetching notifications for user: cdacwptfeb2026@gmail.com
2026-08-06T19:59:10.491+05:30  INFO 12612 --- [http-nio-5000-exec-8] c.e.a.controller.PaymentProxyController  : Proxying request [GET /api/payments/plans] -> target [http://localhost:5001/api/payments/plans]
2026-08-06T19:59:10.554+05:30  INFO 12612 --- [http-nio-5000-exec-7] c.e.a.controller.PaymentProxyController  : Proxying request [GET /api/payments/my] -> target [http://localhost:5001/api/payments/my]
2026-08-06T19:59:11.997+05:30  INFO 12612 --- [http-nio-5000-exec-1] c.e.a.controller.NotificationController  : Fetching notifications for user: cdacwptfeb2026@gmail.com
2026-08-06T19:59:12.015+05:30  INFO 12612 --- [http-nio-5000-exec-6] c.e.a.controller.NotificationController  : Fetching notifications for user: cdacwptfeb2026@gmail.com
2026-08-06T19:59:13.218+05:30  INFO 12612 --- [http-nio-5000-exec-10] c.e.a.controller.NotificationController  : Fetching notifications for user: cdacwptfeb2026@gmail.com
2026-08-06T19:59:13.249+05:30  INFO 12612 --- [http-nio-5000-exec-5] c.e.a.controller.NotificationController  : Fetching notifications for user: cdacwptfeb2026@gmail.com
2026-08-06T19:59:14.202+05:30  INFO 12612 --- [http-nio-5000-exec-1] c.e.a.controller.NotificationController  : Fetching notifications for user: cdacwptfeb2026@gmail.com
2026-08-06T19:59:14.218+05:30  INFO 12612 --- [http-nio-5000-exec-2] c.e.a.controller.NotificationController  : Fetching notifications for user: cdacwptfeb2026@gmail.com
2026-08-06T19:59:14.951+05:30  INFO 12612 --- [http-nio-5000-exec-6] c.e.a.controller.NotificationController  : Fetching notifications for user: cdacwptfeb2026@gmail.com
2026-08-06T19:59:14.951+05:30  INFO 12612 --- [http-nio-5000-exec-4] c.e.a.controller.PaymentProxyController  : Proxying request [GET /api/payments/my] -> target [http://localhost:5001/api/payments/my]
2026-08-06T19:59:14.951+05:30  INFO 12612 --- [http-nio-5000-exec-9] c.e.a.controller.PaymentProxyController  : Proxying request [GET /api/payments/plans] -> target [http://localhost:5001/api/payments/plans]
2026-08-06T19:59:15.071+05:30  INFO 12612 --- [http-nio-5000-exec-10] c.e.a.controller.NotificationController  : Fetching notifications for user: cdacwptfeb2026@gmail.com
2026-08-06T19:59:15.071+05:30  INFO 12612 --- [http-nio-5000-exec-3] c.e.a.controller.PaymentProxyController  : Proxying request [GET /api/payments/plans] -> target [http://localhost:5001/api/payments/plans]
2026-08-06T19:59:15.073+05:30  INFO 12612 --- [http-nio-5000-exec-5] c.e.a.controller.PaymentProxyController  : Proxying request [GET /api/payments/my] -> target [http://localhost:5001/api/payments/my]
2026-08-06T19:59:17.921+05:30  INFO 12612 --- [http-nio-5000-exec-1] c.e.a.controller.NotificationController  : Fetching notifications for user: cdacwptfeb2026@gmail.com
2026-08-06T19:59:17.939+05:30  INFO 12612 --- [http-nio-5000-exec-2] c.e.ai.service.impl.QuizServiceImpl      : Loading quizzes for user: cdacwptfeb2026@gmail.com, role: student
2026-08-06T19:59:17.940+05:30  INFO 12612 --- [http-nio-5000-exec-6] c.e.ai.service.impl.AttemptServiceImpl   : Loading attempts list for student: cdacwptfeb2026@gmail.com
2026-08-06T19:59:17.958+05:30  INFO 12612 --- [http-nio-5000-exec-9] c.e.a.controller.NotificationController  : Fetching notifications for user: cdacwptfeb2026@gmail.com
2026-08-06T19:59:17.983+05:30  INFO 12612 --- [http-nio-5000-exec-8] c.e.ai.service.impl.AttemptServiceImpl   : Loading attempts list for student: cdacwptfeb2026@gmail.com
2026-08-06T19:59:18.002+05:30  INFO 12612 --- [http-nio-5000-exec-4] c.e.ai.service.impl.QuizServiceImpl      : Loading quizzes for user: cdacwptfeb2026@gmail.com, role: student
2026-08-06T19:59:23.657+05:30  INFO 12612 --- [http-nio-5000-exec-7] c.e.ai.service.impl.QuizServiceImpl      : Loading quiz ID: 1 for user: cdacwptfeb2026@gmail.com
2026-08-06T19:59:23.810+05:30  INFO 12612 --- [http-nio-5000-exec-6] c.e.ai.service.impl.QuizServiceImpl      : Loading quiz ID: 1 for user: cdacwptfeb2026@gmail.com
2026-08-06T19:59:32.129+05:30  INFO 12612 --- [http-nio-5000-exec-8] c.e.ai.service.impl.AttemptServiceImpl   : Student: cdacwptfeb2026@gmail.com starting quiz ID: 1
2026-08-06T19:59:42.477+05:30  INFO 12612 --- [http-nio-5000-exec-2] c.e.ai.service.impl.AttemptServiceImpl   : Student: cdacwptfeb2026@gmail.com starting quiz ID: 1
2026-08-06T19:59:43.014+05:30  INFO 12612 --- [http-nio-5000-exec-10] c.e.ai.service.impl.AttemptServiceImpl   : Loading details for attempt ID: 1
2026-08-06T20:01:50.676+05:30  INFO 12612 --- [http-nio-5000-exec-8] c.e.ai.service.impl.AttemptServiceImpl   : Submitting quiz attempt ID: 1
2026-08-06T20:01:52.414+05:30  INFO 12612 --- [http-nio-5000-exec-8] c.e.ai.service.impl.AttemptServiceImpl   : Student cdacwptfeb2026@gmail.com earned badge: 🎯 First Quiz
2026-08-06T20:01:56.408+05:30 ERROR 12612 --- [http-nio-5000-exec-8] c.e.ai.service.impl.EmailServiceImpl     : Failed to send HTML email to cdacwptfeb2026@gmail.com. Error: Failed messages: jakarta.mail.MessagingException: can't determine local email address
2026-08-06T20:01:58.499+05:30  INFO 12612 --- [http-nio-5000-exec-10] c.e.a.controller.NotificationController  : Fetching notifications for user: cdacwptfeb2026@gmail.com
2026-08-06T20:01:58.528+05:30  INFO 12612 --- [http-nio-5000-exec-10] c.e.ai.service.impl.AttemptServiceImpl   : Loading details for attempt ID: 1
2026-08-06T20:01:58.540+05:30  INFO 12612 --- [http-nio-5000-exec-3] c.e.a.controller.NotificationController  : Fetching notifications for user: cdacwptfeb2026@gmail.com
2026-08-06T20:01:58.671+05:30  INFO 12612 --- [http-nio-5000-exec-8] c.e.ai.service.impl.AttemptServiceImpl   : Loading details for attempt ID: 1
2026-08-06T20:01:58.700+05:30  INFO 12612 --- [http-nio-5000-exec-2] c.e.ai.controller.CertificateController  : Request to get certificate for attempt ID: 1
2026-08-06T20:01:59.133+05:30  INFO 12612 --- [http-nio-5000-exec-4] c.e.ai.controller.CertificateController  : Request to get certificate for attempt ID: 1
2026-08-06T20:02:27.705+05:30 ERROR 12612 --- [http-nio-5000-exec-7] c.e.ai.service.impl.EmailServiceImpl     : Failed to send HTML email to maneprasad1610@gmail.com. Error: Failed messages: jakarta.mail.MessagingException: can't determine local email address
2026-08-06T20:03:19.121+05:30 ERROR 12612 --- [http-nio-5000-exec-5] c.e.ai.service.impl.EmailServiceImpl     : Failed to send HTML email to maneprasad1610@gmail.com. Error: Failed messages: jakarta.mail.MessagingException: can't determine local email address
2026-08-06T20:03:30.097+05:30  INFO 12612 --- [http-nio-5000-exec-4] c.e.a.controller.NotificationController  : Fetching notifications for user: cdacwptfeb2026@gmail.com
2026-08-06T20:03:30.098+05:30  INFO 12612 --- [http-nio-5000-exec-1] c.e.a.controller.PaymentProxyController  : Proxying request [GET /api/payments/plans] -> target [http://localhost:5001/api/payments/plans]
2026-08-06T20:03:30.128+05:30  INFO 12612 --- [http-nio-5000-exec-6] c.e.a.controller.PaymentProxyController  : Proxying request [GET /api/payments/my] -> target [http://localhost:5001/api/payments/my]
2026-08-06T20:03:30.131+05:30  INFO 12612 --- [http-nio-5000-exec-9] c.e.a.controller.NotificationController  : Fetching notifications for user: cdacwptfeb2026@gmail.com
2026-08-06T20:03:30.172+05:30  INFO 12612 --- [http-nio-5000-exec-7] c.e.a.controller.PaymentProxyController  : Proxying request [GET /api/payments/plans] -> target [http://localhost:5001/api/payments/plans]
2026-08-06T20:03:30.199+05:30  INFO 12612 --- [http-nio-5000-exec-10] c.e.a.controller.PaymentProxyController  : Proxying request [GET /api/payments/my] -> target [http://localhost:5001/api/payments/my]
2026-08-06T20:03:34.649+05:30  INFO 12612 --- [http-nio-5000-exec-2] c.e.a.controller.NotificationController  : Fetching notifications for user: cdacwptfeb2026@gmail.com
2026-08-06T20:03:34.650+05:30  INFO 12612 --- [http-nio-5000-exec-5] c.e.ai.service.impl.AttemptServiceImpl   : Loading attempts list for student: cdacwptfeb2026@gmail.com
2026-08-06T20:03:34.672+05:30  INFO 12612 --- [http-nio-5000-exec-2] c.e.a.controller.NotificationController  : Fetching notifications for user: cdacwptfeb2026@gmail.com
2026-08-06T20:03:34.733+05:30  INFO 12612 --- [http-nio-5000-exec-9] c.e.ai.service.impl.AttemptServiceImpl   : Loading attempts list for student: cdacwptfeb2026@gmail.com
2026-08-06T20:03:37.000+05:30  INFO 12612 --- [http-nio-5000-exec-1] c.e.a.controller.NotificationController  : Fetching notifications for user: cdacwptfeb2026@gmail.com
2026-08-06T20:03:37.008+05:30  INFO 12612 --- [http-nio-5000-exec-3] c.e.ai.service.impl.QuizServiceImpl      : Loading quizzes for user: cdacwptfeb2026@gmail.com, role: student
2026-08-06T20:03:37.021+05:30  INFO 12612 --- [http-nio-5000-exec-6] c.e.ai.service.impl.AttemptServiceImpl   : Loading attempts list for student: cdacwptfeb2026@gmail.com
2026-08-06T20:03:37.022+05:30  INFO 12612 --- [http-nio-5000-exec-7] c.e.a.controller.NotificationController  : Fetching notifications for user: cdacwptfeb2026@gmail.com
2026-08-06T20:03:37.076+05:30  INFO 12612 --- [http-nio-5000-exec-8] c.e.ai.service.impl.QuizServiceImpl      : Loading quizzes for user: cdacwptfeb2026@gmail.com, role: student
2026-08-06T20:03:37.081+05:30  INFO 12612 --- [http-nio-5000-exec-10] c.e.ai.service.impl.AttemptServiceImpl   : Loading attempts list for student: cdacwptfeb2026@gmail.com
2026-08-06T20:03:39.320+05:30  INFO 12612 --- [http-nio-5000-exec-4] c.e.a.controller.NotificationController  : Fetching notifications for user: cdacwptfeb2026@gmail.com
2026-08-06T20:03:39.352+05:30  INFO 12612 --- [http-nio-5000-exec-5] c.e.ai.service.impl.AttemptServiceImpl   : Loading details for attempt ID: 1
2026-08-06T20:03:39.352+05:30  INFO 12612 --- [http-nio-5000-exec-9] c.e.a.controller.NotificationController  : Fetching notifications for user: cdacwptfeb2026@gmail.com
2026-08-06T20:03:39.424+05:30  INFO 12612 --- [http-nio-5000-exec-7] c.e.ai.service.impl.AttemptServiceImpl   : Loading details for attempt ID: 1
2026-08-06T20:03:39.436+05:30  INFO 12612 --- [http-nio-5000-exec-3] c.e.ai.controller.CertificateController  : Request to get certificate for attempt ID: 1
2026-08-06T20:03:39.626+05:30  INFO 12612 --- [http-nio-5000-exec-6] c.e.ai.controller.CertificateController  : Request to get certificate for attempt ID: 1
2026-08-06T20:03:50.934+05:30  INFO 12612 --- [http-nio-5000-exec-10] c.e.ai.controller.CertificateController  : Verifying certificate ID: 1e362543-6826-4307-b71e-d982a6f3ab66
2026-08-06T20:03:50.989+05:30  INFO 12612 --- [http-nio-5000-exec-4] c.e.ai.controller.CertificateController  : Verifying certificate ID: 1e362543-6826-4307-b71e-d982a6f3ab66
2026-08-06T20:04:16.084+05:30  INFO 12612 --- [http-nio-5000-exec-2] c.e.a.controller.NotificationController  : Fetching notifications for user: cdacwptfeb2026@gmail.com
2026-08-06T20:04:16.084+05:30  INFO 12612 --- [http-nio-5000-exec-7] c.e.a.service.impl.DashboardServiceImpl  : Loading student dashboard for: cdacwptfeb2026@gmail.com
2026-08-06T20:04:16.143+05:30  INFO 12612 --- [http-nio-5000-exec-9] c.e.a.controller.NotificationController  : Fetching notifications for user: cdacwptfeb2026@gmail.com
2026-08-06T20:04:16.176+05:30  INFO 12612 --- [http-nio-5000-exec-1] c.e.a.service.impl.DashboardServiceImpl  : Loading student dashboard for: cdacwptfeb2026@gmail.com
2026-08-06T20:04:18.387+05:30  INFO 12612 --- [http-nio-5000-exec-5] c.e.a.controller.NotificationController  : Fetching notifications for user: cdacwptfeb2026@gmail.com
2026-08-06T20:04:18.410+05:30  INFO 12612 --- [http-nio-5000-exec-6] c.e.a.controller.NotificationController  : Fetching notifications for user: cdacwptfeb2026@gmail.com
2026-08-06T20:04:20.193+05:30  INFO 12612 --- [http-nio-5000-exec-10] c.e.a.controller.NotificationController  : Fetching notifications for user: cdacwptfeb2026@gmail.com
2026-08-06T20:04:20.194+05:30  INFO 12612 --- [http-nio-5000-exec-2] c.e.ai.service.impl.AttemptServiceImpl   : Loading attempts list for student: cdacwptfeb2026@gmail.com
2026-08-06T20:04:20.197+05:30  INFO 12612 --- [http-nio-5000-exec-4] c.e.ai.service.impl.QuizServiceImpl      : Loading quizzes for user: cdacwptfeb2026@gmail.com, role: student
2026-08-06T20:04:20.215+05:30  INFO 12612 --- [http-nio-5000-exec-9] c.e.a.controller.NotificationController  : Fetching notifications for user: cdacwptfeb2026@gmail.com
2026-08-06T20:04:20.273+05:30  INFO 12612 --- [http-nio-5000-exec-7] c.e.ai.service.impl.AttemptServiceImpl   : Loading attempts list for student: cdacwptfeb2026@gmail.com
2026-08-06T20:04:20.286+05:30  INFO 12612 --- [http-nio-5000-exec-1] c.e.ai.service.impl.QuizServiceImpl      : Loading quizzes for user: cdacwptfeb2026@gmail.com, role: student
2026-08-06T20:04:21.168+05:30  INFO 12612 --- [http-nio-5000-exec-5] c.e.a.controller.NotificationController  : Fetching notifications for user: cdacwptfeb2026@gmail.com
2026-08-06T20:04:21.183+05:30  INFO 12612 --- [http-nio-5000-exec-3] c.e.ai.service.impl.AttemptServiceImpl   : Loading attempts list for student: cdacwptfeb2026@gmail.com
2026-08-06T20:04:21.184+05:30  INFO 12612 --- [http-nio-5000-exec-6] c.e.a.controller.NotificationController  : Fetching notifications for user: cdacwptfeb2026@gmail.com
2026-08-06T20:04:21.346+05:30  INFO 12612 --- [http-nio-5000-exec-8] c.e.ai.service.impl.AttemptServiceImpl   : Loading attempts list for student: cdacwptfeb2026@gmail.com
2026-08-06T20:04:26.079+05:30  INFO 12612 --- [http-nio-5000-exec-10] c.e.a.controller.NotificationController  : Fetching notifications for user: cdacwptfeb2026@gmail.com
2026-08-06T20:04:26.143+05:30  INFO 12612 --- [http-nio-5000-exec-2] c.e.a.controller.NotificationController  : Fetching notifications for user: cdacwptfeb2026@gmail.com
2026-08-06T20:04:35.442+05:30  INFO 12612 --- [http-nio-5000-exec-5] c.e.a.controller.NotificationController  : Fetching notifications for user: cdacwptfeb2026@gmail.com
2026-08-06T20:04:35.476+05:30  INFO 12612 --- [http-nio-5000-exec-8] c.e.a.controller.NotificationController  : Fetching notifications for user: cdacwptfeb2026@gmail.com
2026-08-06T20:04:48.167+05:30  INFO 12612 --- [http-nio-5000-exec-2] c.e.a.controller.NotificationController  : Fetching notifications for user: cdacwptfeb2026@gmail.com
2026-08-06T20:04:48.256+05:30  INFO 12612 --- [http-nio-5000-exec-7] c.e.a.controller.NotificationController  : Fetching notifications for user: cdacwptfeb2026@gmail.com
2026-08-06T20:04:49.418+05:30  INFO 12612 --- [http-nio-5000-exec-6] c.e.a.controller.NotificationController  : Fetching notifications for user: cdacwptfeb2026@gmail.com
2026-08-06T20:04:49.436+05:30  INFO 12612 --- [http-nio-5000-exec-5] c.e.ai.service.impl.AttemptServiceImpl   : Loading attempts list for student: cdacwptfeb2026@gmail.com
2026-08-06T20:04:49.448+05:30  INFO 12612 --- [http-nio-5000-exec-8] c.e.a.controller.NotificationController  : Fetching notifications for user: cdacwptfeb2026@gmail.com
2026-08-06T20:04:49.541+05:30  INFO 12612 --- [http-nio-5000-exec-10] c.e.ai.service.impl.AttemptServiceImpl   : Loading attempts list for student: cdacwptfeb2026@gmail.com
2026-08-06T20:04:51.059+05:30  INFO 12612 --- [http-nio-5000-exec-3] c.e.a.controller.NotificationController  : Fetching notifications for user: cdacwptfeb2026@gmail.com
2026-08-06T20:04:51.066+05:30  INFO 12612 --- [http-nio-5000-exec-9] c.e.ai.service.impl.QuizServiceImpl      : Loading quizzes for user: cdacwptfeb2026@gmail.com, role: student
2026-08-06T20:04:51.072+05:30  INFO 12612 --- [http-nio-5000-exec-2] c.e.ai.service.impl.AttemptServiceImpl   : Loading attempts list for student: cdacwptfeb2026@gmail.com
2026-08-06T20:04:51.099+05:30  INFO 12612 --- [http-nio-5000-exec-4] c.e.a.controller.NotificationController  : Fetching notifications for user: cdacwptfeb2026@gmail.com
2026-08-06T20:04:51.141+05:30  INFO 12612 --- [http-nio-5000-exec-7] c.e.ai.service.impl.QuizServiceImpl      : Loading quizzes for user: cdacwptfeb2026@gmail.com, role: student
2026-08-06T20:04:51.157+05:30  INFO 12612 --- [http-nio-5000-exec-1] c.e.ai.service.impl.AttemptServiceImpl   : Loading attempts list for student: cdacwptfeb2026@gmail.com
2026-08-06T20:05:00.942+05:30  INFO 12612 --- [http-nio-5000-exec-8] c.e.ai.service.impl.AttemptServiceImpl   : Loading attempts list for student: cdacwptfeb2026@gmail.com
2026-08-06T20:05:00.953+05:30  INFO 12612 --- [http-nio-5000-exec-5] c.e.ai.service.impl.QuizServiceImpl      : Loading quizzes for user: cdacwptfeb2026@gmail.com, role: student
2026-08-06T20:05:14.298+05:30  INFO 12612 --- [http-nio-5000-exec-10] c.e.a.controller.NotificationController  : Fetching notifications for user: cdacwptfeb2026@gmail.com
2026-08-06T20:05:14.298+05:30  INFO 12612 --- [http-nio-5000-exec-3] c.e.a.service.impl.DashboardServiceImpl  : Loading student dashboard for: cdacwptfeb2026@gmail.com
2026-08-06T20:05:14.322+05:30  INFO 12612 --- [http-nio-5000-exec-4] c.e.a.controller.NotificationController  : Fetching notifications for user: cdacwptfeb2026@gmail.com
2026-08-06T20:05:14.383+05:30  INFO 12612 --- [http-nio-5000-exec-9] c.e.a.service.impl.DashboardServiceImpl  : Loading student dashboard for: cdacwptfeb2026@gmail.com
2026-08-06T20:05:15.933+05:30  INFO 12612 --- [http-nio-5000-exec-2] c.e.a.controller.NotificationController  : Fetching notifications for user: cdacwptfeb2026@gmail.com
2026-08-06T20:05:15.951+05:30  INFO 12612 --- [http-nio-5000-exec-6] c.e.a.controller.NotificationController  : Fetching notifications for user: cdacwptfeb2026@gmail.com
2026-08-06T20:05:17.338+05:30  INFO 12612 --- [http-nio-5000-exec-8] c.e.a.controller.NotificationController  : Fetching notifications for user: cdacwptfeb2026@gmail.com
2026-08-06T20:05:17.342+05:30  INFO 12612 --- [http-nio-5000-exec-5] c.e.a.service.impl.DashboardServiceImpl  : Loading student dashboard for: cdacwptfeb2026@gmail.com
2026-08-06T20:05:17.367+05:30  INFO 12612 --- [http-nio-5000-exec-10] c.e.a.controller.NotificationController  : Fetching notifications for user: cdacwptfeb2026@gmail.com
2026-08-06T20:05:17.426+05:30  INFO 12612 --- [http-nio-5000-exec-4] c.e.a.service.impl.DashboardServiceImpl  : Loading student dashboard for: cdacwptfeb2026@gmail.com
2026-08-06T20:05:24.110+05:30  INFO 12612 --- [http-nio-5000-exec-9] c.e.ai.service.impl.AttemptServiceImpl   : Loading attempts list for student: cdacwptfeb2026@gmail.com
2026-08-06T20:05:24.112+05:30  INFO 12612 --- [http-nio-5000-exec-3] c.e.a.controller.NotificationController  : Fetching notifications for user: cdacwptfeb2026@gmail.com
2026-08-06T20:05:24.133+05:30  INFO 12612 --- [http-nio-5000-exec-7] c.e.a.controller.NotificationController  : Fetching notifications for user: cdacwptfeb2026@gmail.com
2026-08-06T20:05:24.184+05:30  INFO 12612 --- [http-nio-5000-exec-2] c.e.ai.service.impl.AttemptServiceImpl   : Loading attempts list for student: cdacwptfeb2026@gmail.com
2026-08-06T20:05:26.428+05:30  INFO 12612 --- [http-nio-5000-exec-1] c.e.a.controller.NotificationController  : Fetching notifications for user: cdacwptfeb2026@gmail.com
2026-08-06T20:05:26.437+05:30  INFO 12612 --- [http-nio-5000-exec-6] c.e.ai.service.impl.QuizServiceImpl      : Loading quizzes for user: cdacwptfeb2026@gmail.com, role: student
2026-08-06T20:05:26.438+05:30  INFO 12612 --- [http-nio-5000-exec-8] c.e.ai.service.impl.AttemptServiceImpl   : Loading attempts list for student: cdacwptfeb2026@gmail.com
2026-08-06T20:05:26.452+05:30  INFO 12612 --- [http-nio-5000-exec-10] c.e.a.controller.NotificationController  : Fetching notifications for user: cdacwptfeb2026@gmail.com
2026-08-06T20:05:26.497+05:30  INFO 12612 --- [http-nio-5000-exec-4] c.e.ai.service.impl.AttemptServiceImpl   : Loading attempts list for student: cdacwptfeb2026@gmail.com
2026-08-06T20:05:26.497+05:30  INFO 12612 --- [http-nio-5000-exec-5] c.e.ai.service.impl.QuizServiceImpl      : Loading quizzes for user: cdacwptfeb2026@gmail.com, role: student
2026-08-06T20:05:28.127+05:30  INFO 12612 --- [http-nio-5000-exec-3] c.e.a.controller.NotificationController  : Fetching notifications for user: cdacwptfeb2026@gmail.com
2026-08-06T20:05:28.141+05:30  INFO 12612 --- [http-nio-5000-exec-2] c.e.a.controller.NotificationController  : Fetching notifications for user: cdacwptfeb2026@gmail.com
2026-08-06T20:05:28.142+05:30  INFO 12612 --- [http-nio-5000-exec-9] c.e.ai.service.impl.AttemptServiceImpl   : Loading details for attempt ID: 1
2026-08-06T20:05:28.231+05:30  INFO 12612 --- [http-nio-5000-exec-10] c.e.ai.service.impl.AttemptServiceImpl   : Loading details for attempt ID: 1
2026-08-06T20:05:28.241+05:30  INFO 12612 --- [http-nio-5000-exec-6] c.e.ai.controller.CertificateController  : Request to get certificate for attempt ID: 1
2026-08-06T20:05:29.072+05:30  INFO 12612 --- [http-nio-5000-exec-5] c.e.ai.controller.CertificateController  : Request to get certificate for attempt ID: 1
2026-08-06T20:05:36.452+05:30 ERROR 12612 --- [http-nio-5000-exec-3] c.e.ai.service.impl.EmailServiceImpl     : Failed to send HTML email to maneprasad1610@gmail.com. Error: Failed messages: jakarta.mail.MessagingException: can't determine local email address
2026-08-06T20:06:00.223+05:30  INFO 12612 --- [http-nio-5000-exec-7] c.e.a.controller.NotificationController  : Fetching notifications for user: cdacwptfeb2026@gmail.com
2026-08-06T20:06:00.272+05:30  INFO 12612 --- [http-nio-5000-exec-1] c.e.a.controller.NotificationController  : Fetching notifications for user: cdacwptfeb2026@gmail.com
2026-08-06T20:06:08.749+05:30  INFO 12612 --- [http-nio-5000-exec-8] c.e.a.controller.NotificationController  : Fetching notifications for user: cdacwptfeb2026@gmail.com
2026-08-06T20:06:08.804+05:30  INFO 12612 --- [http-nio-5000-exec-10] c.e.a.controller.NotificationController  : Fetching notifications for user: cdacwptfeb2026@gmail.com
2026-08-06T20:06:36.997+05:30  INFO 12612 --- [http-nio-5000-exec-4] c.e.a.controller.NotificationController  : Fetching notifications for user: cdacwptfeb2026@gmail.com
2026-08-06T20:06:36.997+05:30  INFO 12612 --- [http-nio-5000-exec-3] c.e.a.controller.PaymentProxyController  : Proxying request [GET /api/payments/plans] -> target [http://localhost:5001/api/payments/plans]
2026-08-06T20:06:37.001+05:30  INFO 12612 --- [http-nio-5000-exec-7] c.e.a.controller.PaymentProxyController  : Proxying request [GET /api/payments/my] -> target [http://localhost:5001/api/payments/my]
2026-08-06T20:06:37.035+05:30  INFO 12612 --- [http-nio-5000-exec-2] c.e.a.controller.PaymentProxyController  : Proxying request [GET /api/payments/plans] -> target [http://localhost:5001/api/payments/plans]
2026-08-06T20:06:37.036+05:30  INFO 12612 --- [http-nio-5000-exec-1] c.e.a.controller.NotificationController  : Fetching notifications for user: cdacwptfeb2026@gmail.com
2026-08-06T20:06:37.116+05:30  INFO 12612 --- [http-nio-5000-exec-8] c.e.a.controller.PaymentProxyController  : Proxying request [GET /api/payments/my] -> target [http://localhost:5001/api/payments/my]
2026-08-06T20:06:38.549+05:30  INFO 12612 --- [http-nio-5000-exec-5] c.e.a.controller.PaymentProxyController  : Proxying request [POST /api/payments/create-order] -> target [http://localhost:5001/api/payments/create-order]
2026-08-06T20:07:09.428+05:30  INFO 12612 --- [http-nio-5000-exec-2] c.e.a.controller.PaymentProxyController  : Proxying request [POST /api/payments/verify] -> target [http://localhost:5001/api/payments/verify]
2026-08-06T20:07:09.948+05:30  INFO 12612 --- [http-nio-5000-exec-1] c.e.a.controller.InternalUserController  : Successfully upgraded user 3 (email: cdacwptfeb2026@gmail.com) to Pro status internally.
2026-08-06T20:07:10.264+05:30  INFO 12612 --- [http-nio-5000-exec-6] c.e.a.controller.PaymentProxyController  : Proxying request [GET /api/payments/my] -> target [http://localhost:5001/api/payments/my]
2026-08-06T20:07:10.264+05:30  INFO 12612 --- [http-nio-5000-exec-7] c.e.a.controller.PaymentProxyController  : Proxying request [GET /api/payments/plans] -> target [http://localhost:5001/api/payments/plans]
2026-08-06T20:08:24.247+05:30  INFO 12612 --- [http-nio-5000-exec-9] c.e.ai.service.impl.AuthServiceImpl      : User login attempt from IP: 0:0:0:0:0:0:0:1, email: maneprasad1610@gmail.com
2026-08-06T20:08:24.434+05:30  INFO 12612 --- [http-nio-5000-exec-9] c.e.ai.service.impl.AuthServiceImpl      : User logged in successfully: maneprasad1610@gmail.com
2026-08-06T20:08:24.562+05:30  INFO 12612 --- [http-nio-5000-exec-8] c.e.a.controller.NotificationController  : Fetching notifications for user: maneprasad1610@gmail.com
2026-08-06T20:08:24.572+05:30  INFO 12612 --- [http-nio-5000-exec-7] c.e.a.service.impl.DashboardServiceImpl  : Loading faculty dashboard for: maneprasad1610@gmail.com
2026-08-06T20:08:24.588+05:30  INFO 12612 --- [http-nio-5000-exec-10] c.e.a.controller.NotificationController  : Fetching notifications for user: maneprasad1610@gmail.com
2026-08-06T20:08:24.803+05:30  INFO 12612 --- [http-nio-5000-exec-6] c.e.a.service.impl.DashboardServiceImpl  : Loading faculty dashboard for: maneprasad1610@gmail.com
2026-08-06T20:08:28.023+05:30  INFO 12612 --- [http-nio-5000-exec-5] c.e.a.controller.NotificationController  : Fetching notifications for user: maneprasad1610@gmail.com
2026-08-06T20:08:28.055+05:30  INFO 12612 --- [http-nio-5000-exec-3] c.e.a.controller.NotificationController  : Fetching notifications for user: maneprasad1610@gmail.com
2026-08-06T20:08:29.099+05:30  INFO 12612 --- [http-nio-5000-exec-8] c.e.a.controller.NotificationController  : Fetching notifications for user: maneprasad1610@gmail.com
2026-08-06T20:08:29.121+05:30  INFO 12612 --- [http-nio-5000-exec-6] c.e.a.controller.NotificationController  : Fetching notifications for user: maneprasad1610@gmail.com
2026-08-06T20:08:29.121+05:30  INFO 12612 --- [http-nio-5000-exec-7] c.e.ai.service.impl.AdminServiceImpl     : Admin loading all groups
2026-08-06T20:08:29.143+05:30  INFO 12612 --- [http-nio-5000-exec-4] c.e.ai.service.impl.AdminServiceImpl     : Admin loading all groups
2026-08-06T20:08:30.012+05:30  INFO 12612 --- [http-nio-5000-exec-1] c.e.a.controller.NotificationController  : Fetching notifications for user: maneprasad1610@gmail.com
2026-08-06T20:08:30.014+05:30  INFO 12612 --- [http-nio-5000-exec-9] c.e.ai.service.impl.QuizServiceImpl      : Loading quizzes for user: maneprasad1610@gmail.com, role: faculty
2026-08-06T20:08:30.024+05:30  INFO 12612 --- [http-nio-5000-exec-3] c.e.a.controller.NotificationController  : Fetching notifications for user: maneprasad1610@gmail.com
2026-08-06T20:08:30.101+05:30  INFO 12612 --- [http-nio-5000-exec-2] c.e.ai.service.impl.QuizServiceImpl      : Loading quizzes for user: maneprasad1610@gmail.com, role: faculty
2026-08-06T20:08:32.155+05:30  INFO 12612 --- [http-nio-5000-exec-10] c.e.a.controller.NotificationController  : Fetching notifications for user: maneprasad1610@gmail.com
2026-08-06T20:08:32.160+05:30  INFO 12612 --- [http-nio-5000-exec-6] c.e.ai.service.impl.QuizServiceImpl      : Fetching results details for quiz ID: 1
2026-08-06T20:08:32.163+05:30  INFO 12612 --- [http-nio-5000-exec-7] c.e.ai.service.impl.QuizServiceImpl      : Loading quiz ID: 1 for user: maneprasad1610@gmail.com
2026-08-06T20:08:32.178+05:30  INFO 12612 --- [http-nio-5000-exec-5] c.e.a.controller.NotificationController  : Fetching notifications for user: maneprasad1610@gmail.com
2026-08-06T20:08:32.252+05:30  INFO 12612 --- [http-nio-5000-exec-4] c.e.ai.service.impl.QuizServiceImpl      : Loading quiz ID: 1 for user: maneprasad1610@gmail.com
2026-08-06T20:08:32.252+05:30  INFO 12612 --- [http-nio-5000-exec-1] c.e.ai.service.impl.QuizServiceImpl      : Fetching results details for quiz ID: 1
2026-08-06T20:08:42.045+05:30  INFO 12612 --- [http-nio-5000-exec-9] c.e.a.controller.NotificationController  : Fetching notifications for user: maneprasad1610@gmail.com
2026-08-06T20:08:42.099+05:30  INFO 12612 --- [http-nio-5000-exec-10] c.e.a.controller.NotificationController  : Fetching notifications for user: maneprasad1610@gmail.com
2026-08-06T20:08:43.508+05:30  INFO 12612 --- [http-nio-5000-exec-6] c.e.a.controller.NotificationController  : Fetching notifications for user: maneprasad1610@gmail.com
2026-08-06T20:08:43.529+05:30  INFO 12612 --- [http-nio-5000-exec-1] c.e.a.controller.NotificationController  : Fetching notifications for user: maneprasad1610@gmail.com
2026-08-06T20:08:44.817+05:30  INFO 12612 --- [http-nio-5000-exec-2] c.e.a.controller.NotificationController  : Fetching notifications for user: maneprasad1610@gmail.com
2026-08-06T20:08:44.833+05:30  INFO 12612 --- [http-nio-5000-exec-9] c.e.ai.service.impl.QuizServiceImpl      : Loading quizzes for user: maneprasad1610@gmail.com, role: faculty
2026-08-06T20:08:44.839+05:30  INFO 12612 --- [http-nio-5000-exec-10] c.e.a.controller.NotificationController  : Fetching notifications for user: maneprasad1610@gmail.com
2026-08-06T20:08:44.887+05:30  INFO 12612 --- [http-nio-5000-exec-8] c.e.ai.service.impl.QuizServiceImpl      : Loading quizzes for user: maneprasad1610@gmail.com, role: faculty
2026-08-06T20:09:01.860+05:30  INFO 12612 --- [http-nio-5000-exec-5] c.e.a.controller.NotificationController  : Fetching notifications for user: maneprasad1610@gmail.com
2026-08-06T20:09:01.871+05:30  INFO 12612 --- [http-nio-5000-exec-8] c.e.ai.service.impl.QuizServiceImpl      : Fetching results details for quiz ID: 1
2026-08-06T20:09:01.896+05:30  INFO 12612 --- [http-nio-5000-exec-6] c.e.a.controller.NotificationController  : Fetching notifications for user: maneprasad1610@gmail.com
2026-08-06T20:09:01.896+05:30  INFO 12612 --- [http-nio-5000-exec-7] c.e.ai.service.impl.QuizServiceImpl      : Loading quiz ID: 1 for user: maneprasad1610@gmail.com
2026-08-06T20:09:02.394+05:30  INFO 12612 --- [http-nio-5000-exec-4] c.e.ai.service.impl.QuizServiceImpl      : Fetching results details for quiz ID: 1
2026-08-06T20:09:02.395+05:30  INFO 12612 --- [http-nio-5000-exec-3] c.e.ai.service.impl.QuizServiceImpl      : Loading quiz ID: 1 for user: maneprasad1610@gmail.com
2026-08-06T20:09:20.359+05:30  INFO 12612 --- [RMI TCP Connection(46)-127.0.0.1] inMXBeanRegistrar$SpringApplicationAdmin : Application shutdown requested.
2026-08-06T20:09:20.592+05:30  INFO 12612 --- [RMI TCP Connection(46)-127.0.0.1] j.LocalContainerEntityManagerFactoryBean : Closing JPA EntityManagerFactory for persistence unit 'default'
2026-08-06T20:09:20.640+05:30  INFO 12612 --- [RMI TCP Connection(46)-127.0.0.1] com.zaxxer.hikari.HikariDataSource       : HikariPool-1 - Shutdown initiated...
2026-08-06T20:09:20.658+05:30  INFO 12612 --- [RMI TCP Connection(46)-127.0.0.1] com.zaxxer.hikari.HikariDataSource       : HikariPool-1 - Shutdown completed.
2026-08-06T20:13:29.241+05:30  INFO 19696 --- [main] com.examind.ai.BackendApplication        : Starting BackendApplication using Java 19.0.2 with PID 19696 (F:\CDAC_2026_BATCH\CADC_FINAL_PROJECT_STUFF\cleancodewithmicroservices\examind-cleaned\backend\target\classes started by manep in F:\CDAC_2026_BATCH\CADC_FINAL_PROJECT_STUFF\cleancodewithmicroservices\examind-cleaned\backend)
2026-08-06T20:13:29.246+05:30  INFO 19696 --- [main] com.examind.ai.BackendApplication        : No active profile set, falling back to 1 default profile: "default"
2026-08-06T20:13:32.327+05:30  INFO 19696 --- [main] .s.d.r.c.RepositoryConfigurationDelegate : Bootstrapping Spring Data JPA repositories in DEFAULT mode.
2026-08-06T20:13:32.631+05:30  INFO 19696 --- [main] .s.d.r.c.RepositoryConfigurationDelegate : Finished Spring Data repository scanning in 264 ms. Found 20 JPA repository interfaces.
2026-08-06T20:13:33.862+05:30  INFO 19696 --- [main] o.s.b.w.embedded.tomcat.TomcatWebServer  : Tomcat initialized with port 5000 (http)
2026-08-06T20:13:33.885+05:30  INFO 19696 --- [main] o.apache.catalina.core.StandardService   : Starting service [Tomcat]
2026-08-06T20:13:33.887+05:30  INFO 19696 --- [main] o.apache.catalina.core.StandardEngine    : Starting Servlet engine: [Apache Tomcat/10.1.26]
2026-08-06T20:13:33.986+05:30  INFO 19696 --- [main] o.a.c.c.C.[Tomcat].[localhost].[/api]    : Initializing Spring embedded WebApplicationContext
2026-08-06T20:13:33.987+05:30  INFO 19696 --- [main] w.s.c.ServletWebServerApplicationContext : Root WebApplicationContext: initialization completed in 4636 ms
2026-08-06T20:13:34.246+05:30  INFO 19696 --- [main] o.hibernate.jpa.internal.util.LogHelper  : HHH000204: Processing PersistenceUnitInfo [name: default]
2026-08-06T20:13:34.372+05:30  INFO 19696 --- [main] org.hibernate.Version                    : HHH000412: Hibernate ORM core version 6.5.2.Final
2026-08-06T20:13:34.449+05:30  INFO 19696 --- [main] o.h.c.internal.RegionFactoryInitiator    : HHH000026: Second-level cache disabled
2026-08-06T20:13:35.011+05:30  INFO 19696 --- [main] o.s.o.j.p.SpringPersistenceUnitInfo      : No LoadTimeWeaver setup: ignoring JPA class transformer
2026-08-06T20:13:35.060+05:30  INFO 19696 --- [main] com.zaxxer.hikari.HikariDataSource       : HikariPool-1 - Starting...
2026-08-06T20:13:35.446+05:30  INFO 19696 --- [main] com.zaxxer.hikari.pool.HikariPool        : HikariPool-1 - Added connection com.mysql.cj.jdbc.ConnectionImpl@61836cd9
2026-08-06T20:13:35.450+05:30  INFO 19696 --- [main] com.zaxxer.hikari.HikariDataSource       : HikariPool-1 - Start completed.
2026-08-06T20:13:35.873+05:30  WARN 19696 --- [main] org.hibernate.orm.deprecation            : HHH90000025: MySQLDialect does not need to be specified explicitly using 'hibernate.dialect' (remove the property setting and it will be selected by default)
2026-08-06T20:13:38.026+05:30  INFO 19696 --- [main] o.h.e.t.j.p.i.JtaPlatformInitiator       : HHH000489: No JTA platform available (set 'hibernate.transaction.jta.platform' to enable JTA platform integration)
2026-08-06T20:13:38.981+05:30  INFO 19696 --- [main] j.LocalContainerEntityManagerFactoryBean : Initialized JPA EntityManagerFactory for persistence unit 'default'
2026-08-06T20:13:39.337+05:30  INFO 19696 --- [main] o.s.d.j.r.query.QueryEnhancerFactory     : Hibernate is in classpath; If applicable, HQL parser will be used.
2026-08-06T20:13:42.142+05:30  WARN 19696 --- [main] JpaBaseConfiguration$JpaWebConfiguration : spring.jpa.open-in-view is enabled by default. Therefore, database queries may be performed during view rendering. Explicitly configure spring.jpa.open-in-view to disable this warning
2026-08-06T20:13:42.192+05:30  INFO 19696 --- [main] r$InitializeUserDetailsManagerConfigurer : Global AuthenticationManager configured with UserDetailsService bean with name customUserDetailsService
2026-08-06T20:13:43.375+05:30  INFO 19696 --- [main] o.s.b.w.embedded.tomcat.TomcatWebServer  : Tomcat started on port 5000 (http) with context path '/api'
2026-08-06T20:13:43.396+05:30  INFO 19696 --- [main] com.examind.ai.BackendApplication        : Started BackendApplication in 15.202 seconds (process running for 17.077)
2026-08-06T20:15:54.334+05:30  INFO 19696 --- [http-nio-5000-exec-1] o.a.c.c.C.[Tomcat].[localhost].[/api]    : Initializing Spring DispatcherServlet 'dispatcherServlet'
2026-08-06T20:15:54.335+05:30  INFO 19696 --- [http-nio-5000-exec-1] o.s.web.servlet.DispatcherServlet        : Initializing Servlet 'dispatcherServlet'
2026-08-06T20:15:54.337+05:30  INFO 19696 --- [http-nio-5000-exec-1] o.s.web.servlet.DispatcherServlet        : Completed initialization in 1 ms
2026-08-06T20:15:54.873+05:30  INFO 19696 --- [http-nio-5000-exec-2] c.e.a.controller.NotificationController  : Fetching notifications for user: maneprasad1610@gmail.com
2026-08-06T20:15:55.066+05:30  INFO 19696 --- [http-nio-5000-exec-2] c.e.a.controller.NotificationController  : Fetching notifications for user: maneprasad1610@gmail.com
2026-08-06T20:20:32.080+05:30  INFO 19696 --- [RMI TCP Connection(15)-127.0.0.1] inMXBeanRegistrar$SpringApplicationAdmin : Application shutdown requested.
2026-08-06T20:20:32.230+05:30  INFO 19696 --- [RMI TCP Connection(15)-127.0.0.1] j.LocalContainerEntityManagerFactoryBean : Closing JPA EntityManagerFactory for persistence unit 'default'
2026-08-06T20:20:32.235+05:30  INFO 19696 --- [RMI TCP Connection(15)-127.0.0.1] com.zaxxer.hikari.HikariDataSource       : HikariPool-1 - Shutdown initiated...
2026-08-06T20:20:32.249+05:30  INFO 19696 --- [RMI TCP Connection(15)-127.0.0.1] com.zaxxer.hikari.HikariDataSource       : HikariPool-1 - Shutdown completed.
2026-08-06T20:21:10.032+05:30  INFO 16056 --- [main] com.examind.ai.BackendApplication        : Starting BackendApplication using Java 19.0.2 with PID 16056 (F:\CDAC_2026_BATCH\CADC_FINAL_PROJECT_STUFF\cleancodewithmicroservices\examind-cleaned\backend\target\classes started by manep in F:\CDAC_2026_BATCH\CADC_FINAL_PROJECT_STUFF\cleancodewithmicroservices\examind-cleaned\backend)
2026-08-06T20:21:10.036+05:30  INFO 16056 --- [main] com.examind.ai.BackendApplication        : No active profile set, falling back to 1 default profile: "default"
2026-08-06T20:21:12.071+05:30  INFO 16056 --- [main] .s.d.r.c.RepositoryConfigurationDelegate : Bootstrapping Spring Data JPA repositories in DEFAULT mode.
2026-08-06T20:21:12.235+05:30  INFO 16056 --- [main] .s.d.r.c.RepositoryConfigurationDelegate : Finished Spring Data repository scanning in 155 ms. Found 20 JPA repository interfaces.
2026-08-06T20:21:13.242+05:30  INFO 16056 --- [main] o.s.b.w.embedded.tomcat.TomcatWebServer  : Tomcat initialized with port 5000 (http)
2026-08-06T20:21:13.259+05:30  INFO 16056 --- [main] o.apache.catalina.core.StandardService   : Starting service [Tomcat]
2026-08-06T20:21:13.262+05:30  INFO 16056 --- [main] o.apache.catalina.core.StandardEngine    : Starting Servlet engine: [Apache Tomcat/10.1.26]
2026-08-06T20:21:13.359+05:30  INFO 16056 --- [main] o.a.c.c.C.[Tomcat].[localhost].[/api]    : Initializing Spring embedded WebApplicationContext
2026-08-06T20:21:13.360+05:30  INFO 16056 --- [main] w.s.c.ServletWebServerApplicationContext : Root WebApplicationContext: initialization completed in 3202 ms
2026-08-06T20:21:13.591+05:30  INFO 16056 --- [main] o.hibernate.jpa.internal.util.LogHelper  : HHH000204: Processing PersistenceUnitInfo [name: default]
2026-08-06T20:21:13.738+05:30  INFO 16056 --- [main] org.hibernate.Version                    : HHH000412: Hibernate ORM core version 6.5.2.Final
2026-08-06T20:21:13.804+05:30  INFO 16056 --- [main] o.h.c.internal.RegionFactoryInitiator    : HHH000026: Second-level cache disabled
2026-08-06T20:21:14.386+05:30  INFO 16056 --- [main] o.s.o.j.p.SpringPersistenceUnitInfo      : No LoadTimeWeaver setup: ignoring JPA class transformer
2026-08-06T20:21:14.452+05:30  INFO 16056 --- [main] com.zaxxer.hikari.HikariDataSource       : HikariPool-1 - Starting...
2026-08-06T20:21:14.801+05:30  INFO 16056 --- [main] com.zaxxer.hikari.pool.HikariPool        : HikariPool-1 - Added connection com.mysql.cj.jdbc.ConnectionImpl@7c47e077
2026-08-06T20:21:14.805+05:30  INFO 16056 --- [main] com.zaxxer.hikari.HikariDataSource       : HikariPool-1 - Start completed.
2026-08-06T20:21:14.905+05:30  WARN 16056 --- [main] org.hibernate.orm.deprecation            : HHH90000025: MySQLDialect does not need to be specified explicitly using 'hibernate.dialect' (remove the property setting and it will be selected by default)
2026-08-06T20:21:17.270+05:30  INFO 16056 --- [main] o.h.e.t.j.p.i.JtaPlatformInitiator       : HHH000489: No JTA platform available (set 'hibernate.transaction.jta.platform' to enable JTA platform integration)
2026-08-06T20:21:18.108+05:30  INFO 16056 --- [main] j.LocalContainerEntityManagerFactoryBean : Initialized JPA EntityManagerFactory for persistence unit 'default'
2026-08-06T20:21:18.537+05:30  INFO 16056 --- [main] o.s.d.j.r.query.QueryEnhancerFactory     : Hibernate is in classpath; If applicable, HQL parser will be used.
2026-08-06T20:21:21.070+05:30  WARN 16056 --- [main] JpaBaseConfiguration$JpaWebConfiguration : spring.jpa.open-in-view is enabled by default. Therefore, database queries may be performed during view rendering. Explicitly configure spring.jpa.open-in-view to disable this warning
2026-08-06T20:21:21.137+05:30  INFO 16056 --- [main] r$InitializeUserDetailsManagerConfigurer : Global AuthenticationManager configured with UserDetailsService bean with name customUserDetailsService
2026-08-06T20:21:22.185+05:30  INFO 16056 --- [main] o.s.b.w.embedded.tomcat.TomcatWebServer  : Tomcat started on port 5000 (http) with context path '/api'
2026-08-06T20:21:22.208+05:30  INFO 16056 --- [main] com.examind.ai.BackendApplication        : Started BackendApplication in 12.981 seconds (process running for 13.924)
2026-08-06T20:26:12.635+05:30  INFO 16056 --- [http-nio-5000-exec-1] o.a.c.c.C.[Tomcat].[localhost].[/api]    : Initializing Spring DispatcherServlet 'dispatcherServlet'
2026-08-06T20:26:12.635+05:30  INFO 16056 --- [http-nio-5000-exec-1] o.s.web.servlet.DispatcherServlet        : Initializing Servlet 'dispatcherServlet'
2026-08-06T20:26:12.638+05:30  INFO 16056 --- [http-nio-5000-exec-1] o.s.web.servlet.DispatcherServlet        : Completed initialization in 1 ms
2026-08-06T20:26:29.419+05:30  INFO 16056 --- [http-nio-5000-exec-1] c.e.ai.service.impl.AuthServiceImpl      : User login attempt from IP: 0:0:0:0:0:0:0:1, email: maneprasad1610@gmail.com
2026-08-06T20:26:29.903+05:30  INFO 16056 --- [http-nio-5000-exec-1] c.e.ai.service.impl.AuthServiceImpl      : User logged in successfully: maneprasad1610@gmail.com
2026-08-06T20:26:30.522+05:30  INFO 16056 --- [http-nio-5000-exec-3] c.e.a.controller.NotificationController  : Fetching notifications for user: maneprasad1610@gmail.com
2026-08-06T20:26:30.528+05:30  INFO 16056 --- [http-nio-5000-exec-4] c.e.a.service.impl.DashboardServiceImpl  : Loading faculty dashboard for: maneprasad1610@gmail.com
2026-08-06T20:26:30.593+05:30  INFO 16056 --- [http-nio-5000-exec-5] c.e.a.controller.NotificationController  : Fetching notifications for user: maneprasad1610@gmail.com
2026-08-06T20:26:30.812+05:30  INFO 16056 --- [http-nio-5000-exec-7] c.e.a.service.impl.DashboardServiceImpl  : Loading faculty dashboard for: maneprasad1610@gmail.com
2026-08-06T20:26:32.452+05:30  INFO 16056 --- [http-nio-5000-exec-6] c.e.a.controller.NotificationController  : Fetching notifications for user: maneprasad1610@gmail.com
2026-08-06T20:26:32.498+05:30  INFO 16056 --- [http-nio-5000-exec-8] c.e.a.controller.NotificationController  : Fetching notifications for user: maneprasad1610@gmail.com
2026-08-06T20:26:33.404+05:30  INFO 16056 --- [http-nio-5000-exec-3] c.e.a.controller.NotificationController  : Fetching notifications for user: maneprasad1610@gmail.com
2026-08-06T20:26:33.423+05:30  INFO 16056 --- [http-nio-5000-exec-5] c.e.ai.service.impl.QuizServiceImpl      : Loading quizzes for user: maneprasad1610@gmail.com, role: faculty
2026-08-06T20:26:33.444+05:30  INFO 16056 --- [http-nio-5000-exec-4] c.e.a.controller.NotificationController  : Fetching notifications for user: maneprasad1610@gmail.com
2026-08-06T20:26:33.620+05:30  INFO 16056 --- [http-nio-5000-exec-7] c.e.ai.service.impl.QuizServiceImpl      : Loading quizzes for user: maneprasad1610@gmail.com, role: faculty
2026-08-06T20:26:44.006+05:30  INFO 16056 --- [http-nio-5000-exec-6] c.e.a.controller.NotificationController  : Fetching notifications for user: maneprasad1610@gmail.com
2026-08-06T20:26:44.014+05:30  INFO 16056 --- [http-nio-5000-exec-10] c.e.ai.service.impl.QuizServiceImpl      : Loading quiz ID: 1 for user: maneprasad1610@gmail.com
2026-08-06T20:26:44.016+05:30  INFO 16056 --- [http-nio-5000-exec-1] c.e.ai.service.impl.QuizServiceImpl      : Loading questions for quiz ID: 1
2026-08-06T20:26:44.016+05:30  INFO 16056 --- [http-nio-5000-exec-1] c.e.ai.service.impl.QuizServiceImpl      : Loading quiz ID: 1 for user: maneprasad1610@gmail.com
2026-08-06T20:26:44.025+05:30  INFO 16056 --- [http-nio-5000-exec-9] c.e.ai.service.impl.QuizServiceImpl      : Loading quiz ID: 1 for user: maneprasad1610@gmail.com
2026-08-06T20:26:44.048+05:30  INFO 16056 --- [http-nio-5000-exec-8] c.e.a.controller.NotificationController  : Fetching notifications for user: maneprasad1610@gmail.com
2026-08-06T20:26:44.226+05:30  INFO 16056 --- [http-nio-5000-exec-3] c.e.ai.service.impl.QuizServiceImpl      : Loading quiz ID: 1 for user: maneprasad1610@gmail.com
2026-08-06T20:26:44.228+05:30  INFO 16056 --- [http-nio-5000-exec-2] c.e.ai.service.impl.QuizServiceImpl      : Loading quiz ID: 1 for user: maneprasad1610@gmail.com
2026-08-06T20:26:44.262+05:30  INFO 16056 --- [http-nio-5000-exec-4] c.e.ai.service.impl.QuizServiceImpl      : Loading questions for quiz ID: 1
2026-08-06T20:26:44.264+05:30  INFO 16056 --- [http-nio-5000-exec-4] c.e.ai.service.impl.QuizServiceImpl      : Loading quiz ID: 1 for user: maneprasad1610@gmail.com
2026-08-06T20:26:44.464+05:30  INFO 16056 --- [http-nio-5000-exec-5] c.e.a.controller.NotificationController  : Fetching notifications for user: maneprasad1610@gmail.com
2026-08-06T20:26:44.506+05:30  INFO 16056 --- [http-nio-5000-exec-6] c.e.a.controller.NotificationController  : Fetching notifications for user: maneprasad1610@gmail.com
2026-08-06T20:26:44.525+05:30  INFO 16056 --- [http-nio-5000-exec-7] c.e.ai.service.impl.QuizServiceImpl      : Loading quizzes for user: maneprasad1610@gmail.com, role: faculty
2026-08-06T20:26:44.681+05:30  INFO 16056 --- [http-nio-5000-exec-8] c.e.ai.service.impl.QuizServiceImpl      : Loading quizzes for user: maneprasad1610@gmail.com, role: faculty
2026-08-06T20:26:51.299+05:30  INFO 16056 --- [http-nio-5000-exec-9] c.e.ai.service.impl.QuizServiceImpl      : Fetching results details for quiz ID: 1
2026-08-06T20:26:51.300+05:30  INFO 16056 --- [http-nio-5000-exec-10] c.e.a.controller.NotificationController  : Fetching notifications for user: maneprasad1610@gmail.com
2026-08-06T20:26:51.304+05:30  INFO 16056 --- [http-nio-5000-exec-1] c.e.ai.service.impl.QuizServiceImpl      : Loading quiz ID: 1 for user: maneprasad1610@gmail.com
2026-08-06T20:26:51.346+05:30  INFO 16056 --- [http-nio-5000-exec-3] c.e.a.controller.NotificationController  : Fetching notifications for user: maneprasad1610@gmail.com
2026-08-06T20:26:51.407+05:30  INFO 16056 --- [http-nio-5000-exec-2] c.e.ai.service.impl.QuizServiceImpl      : Loading quiz ID: 1 for user: maneprasad1610@gmail.com
2026-08-06T20:26:51.427+05:30  INFO 16056 --- [http-nio-5000-exec-4] c.e.ai.service.impl.QuizServiceImpl      : Fetching results details for quiz ID: 1
2026-08-06T20:26:55.040+05:30  INFO 16056 --- [http-nio-5000-exec-5] c.e.a.controller.NotificationController  : Fetching notifications for user: maneprasad1610@gmail.com
2026-08-06T20:26:55.070+05:30  INFO 16056 --- [http-nio-5000-exec-6] c.e.a.controller.NotificationController  : Fetching notifications for user: maneprasad1610@gmail.com
2026-08-06T20:26:55.876+05:30  INFO 16056 --- [http-nio-5000-exec-7] c.e.a.controller.NotificationController  : Fetching notifications for user: maneprasad1610@gmail.com
2026-08-06T20:26:55.882+05:30  INFO 16056 --- [http-nio-5000-exec-8] c.e.ai.service.impl.QuizServiceImpl      : Loading quizzes for user: maneprasad1610@gmail.com, role: faculty
2026-08-06T20:26:55.901+05:30  INFO 16056 --- [http-nio-5000-exec-10] c.e.a.controller.NotificationController  : Fetching notifications for user: maneprasad1610@gmail.com
2026-08-06T20:26:55.950+05:30  INFO 16056 --- [http-nio-5000-exec-1] c.e.ai.service.impl.QuizServiceImpl      : Loading quizzes for user: maneprasad1610@gmail.com, role: faculty
2026-08-06T20:26:58.434+05:30  INFO 16056 --- [http-nio-5000-exec-3] c.e.a.controller.NotificationController  : Fetching notifications for user: maneprasad1610@gmail.com
2026-08-06T20:26:58.436+05:30  INFO 16056 --- [http-nio-5000-exec-9] c.e.ai.service.impl.QuizServiceImpl      : Fetching results details for quiz ID: 1
2026-08-06T20:26:58.453+05:30  INFO 16056 --- [http-nio-5000-exec-2] c.e.ai.service.impl.QuizServiceImpl      : Loading quiz ID: 1 for user: maneprasad1610@gmail.com
2026-08-06T20:26:58.485+05:30  INFO 16056 --- [http-nio-5000-exec-4] c.e.a.controller.NotificationController  : Fetching notifications for user: maneprasad1610@gmail.com
2026-08-06T20:26:58.515+05:30  INFO 16056 --- [http-nio-5000-exec-5] c.e.ai.service.impl.QuizServiceImpl      : Fetching results details for quiz ID: 1
2026-08-06T20:26:58.515+05:30  INFO 16056 --- [http-nio-5000-exec-6] c.e.ai.service.impl.QuizServiceImpl      : Loading quiz ID: 1 for user: maneprasad1610@gmail.com
2026-08-06T20:27:01.736+05:30  INFO 16056 --- [http-nio-5000-exec-7] c.e.a.controller.NotificationController  : Fetching notifications for user: maneprasad1610@gmail.com
2026-08-06T20:27:01.769+05:30  INFO 16056 --- [http-nio-5000-exec-1] c.e.a.controller.NotificationController  : Fetching notifications for user: maneprasad1610@gmail.com
2026-08-06T20:27:02.698+05:30  INFO 16056 --- [http-nio-5000-exec-9] c.e.a.controller.NotificationController  : Fetching notifications for user: maneprasad1610@gmail.com
2026-08-06T20:27:02.698+05:30  INFO 16056 --- [http-nio-5000-exec-2] c.e.ai.service.impl.QuizServiceImpl      : Loading quizzes for user: maneprasad1610@gmail.com, role: faculty
2026-08-06T20:27:02.732+05:30  INFO 16056 --- [http-nio-5000-exec-6] c.e.a.controller.NotificationController  : Fetching notifications for user: maneprasad1610@gmail.com
2026-08-06T20:27:02.762+05:30  INFO 16056 --- [http-nio-5000-exec-5] c.e.ai.service.impl.QuizServiceImpl      : Loading quizzes for user: maneprasad1610@gmail.com, role: faculty
2026-08-06T20:27:08.655+05:30  INFO 16056 --- [http-nio-5000-exec-7] c.e.ai.service.impl.QuizServiceImpl      : User: maneprasad1610@gmail.com toggling publish state for quiz ID: 1
2026-08-06T20:27:11.789+05:30  INFO 16056 --- [http-nio-5000-exec-8] c.e.ai.service.impl.QuizServiceImpl      : User: maneprasad1610@gmail.com toggling publish state for quiz ID: 1
2026-08-06T20:27:11.818+05:30  INFO 16056 --- [http-nio-5000-exec-8] c.e.ai.service.impl.QuizServiceImpl      : Quiz published. Broadcasting notifications to students.
2026-08-06T20:27:16.486+05:30  INFO 16056 --- [http-nio-5000-exec-1] c.e.ai.service.impl.QuizServiceImpl      : Cloning quiz ID: 1
2026-08-06T20:27:16.633+05:30  INFO 16056 --- [http-nio-5000-exec-1] c.e.ai.service.impl.QuizServiceImpl      : Successfully cloned quiz: 'Core java (Copy)' (ID: 2)
2026-08-06T20:27:26.455+05:30  INFO 16056 --- [http-nio-5000-exec-3] c.e.ai.service.impl.QuizServiceImpl      : User: maneprasad1610@gmail.com deleting quiz ID: 2
2026-08-06T20:27:29.769+05:30  INFO 16056 --- [http-nio-5000-exec-9] c.e.a.controller.NotificationController  : Fetching notifications for user: maneprasad1610@gmail.com
2026-08-06T20:27:29.820+05:30  INFO 16056 --- [http-nio-5000-exec-5] c.e.a.controller.NotificationController  : Fetching notifications for user: maneprasad1610@gmail.com
2026-08-06T20:27:31.027+05:30  INFO 16056 --- [http-nio-5000-exec-10] c.e.a.controller.NotificationController  : Fetching notifications for user: maneprasad1610@gmail.com
2026-08-06T20:27:31.031+05:30  INFO 16056 --- [http-nio-5000-exec-1] c.e.ai.service.impl.QuizServiceImpl      : Loading quizzes for user: maneprasad1610@gmail.com, role: faculty
2026-08-06T20:27:31.052+05:30  INFO 16056 --- [http-nio-5000-exec-4] c.e.a.controller.NotificationController  : Fetching notifications for user: maneprasad1610@gmail.com
2026-08-06T20:27:31.090+05:30  INFO 16056 --- [http-nio-5000-exec-3] c.e.ai.service.impl.QuizServiceImpl      : Loading quizzes for user: maneprasad1610@gmail.com, role: faculty
2026-08-06T20:27:31.892+05:30  INFO 16056 --- [http-nio-5000-exec-2] c.e.a.controller.NotificationController  : Fetching notifications for user: maneprasad1610@gmail.com
2026-08-06T20:27:31.919+05:30  INFO 16056 --- [http-nio-5000-exec-6] c.e.a.controller.NotificationController  : Fetching notifications for user: maneprasad1610@gmail.com
2026-08-06T20:27:33.587+05:30  INFO 16056 --- [http-nio-5000-exec-9] c.e.a.controller.NotificationController  : Fetching notifications for user: maneprasad1610@gmail.com
2026-08-06T20:27:33.623+05:30  INFO 16056 --- [http-nio-5000-exec-5] c.e.a.controller.NotificationController  : Fetching notifications for user: maneprasad1610@gmail.com
2026-08-06T20:27:37.685+05:30  INFO 16056 --- [http-nio-5000-exec-10] c.e.a.controller.NotificationController  : Fetching notifications for user: maneprasad1610@gmail.com
2026-08-06T20:27:37.716+05:30  INFO 16056 --- [http-nio-5000-exec-4] c.e.a.controller.NotificationController  : Fetching notifications for user: maneprasad1610@gmail.com
2026-08-06T20:27:49.853+05:30  INFO 16056 --- [http-nio-5000-exec-5] c.e.a.controller.NotificationController  : Fetching notifications for user: maneprasad1610@gmail.com
2026-08-06T20:27:49.853+05:30  INFO 16056 --- [http-nio-5000-exec-7] c.e.ai.service.impl.QuizServiceImpl      : Loading quizzes for user: maneprasad1610@gmail.com, role: faculty
2026-08-06T20:27:49.885+05:30  INFO 16056 --- [http-nio-5000-exec-8] c.e.a.controller.NotificationController  : Fetching notifications for user: maneprasad1610@gmail.com
2026-08-06T20:27:49.929+05:30  INFO 16056 --- [http-nio-5000-exec-10] c.e.ai.service.impl.QuizServiceImpl      : Loading quizzes for user: maneprasad1610@gmail.com, role: faculty
2026-08-06T20:27:53.989+05:30  INFO 16056 --- [http-nio-5000-exec-1] c.e.ai.service.impl.QuizServiceImpl      : Loading quizzes for user: maneprasad1610@gmail.com, role: faculty
2026-08-06T20:27:53.992+05:30  INFO 16056 --- [http-nio-5000-exec-10] c.e.a.controller.NotificationController  : Fetching notifications for user: maneprasad1610@gmail.com
2026-08-06T20:27:54.084+05:30  INFO 16056 --- [http-nio-5000-exec-2] c.e.ai.service.impl.QuizServiceImpl      : Loading quizzes for user: maneprasad1610@gmail.com, role: faculty
2026-08-06T20:27:54.119+05:30  INFO 16056 --- [http-nio-5000-exec-3] c.e.a.controller.NotificationController  : Fetching notifications for user: maneprasad1610@gmail.com
2026-08-06T20:29:01.429+05:30  INFO 16056 --- [http-nio-5000-exec-8] c.e.a.controller.NotificationController  : Fetching notifications for user: maneprasad1610@gmail.com
2026-08-06T20:29:01.445+05:30  INFO 16056 --- [http-nio-5000-exec-5] c.e.ai.service.impl.QuizServiceImpl      : Loading quizzes for user: maneprasad1610@gmail.com, role: faculty
2026-08-06T20:29:01.519+05:30  INFO 16056 --- [http-nio-5000-exec-7] c.e.a.controller.NotificationController  : Fetching notifications for user: maneprasad1610@gmail.com
2026-08-06T20:29:01.549+05:30  INFO 16056 --- [http-nio-5000-exec-10] c.e.ai.service.impl.QuizServiceImpl      : Loading quizzes for user: maneprasad1610@gmail.com, role: faculty
2026-08-06T20:29:56.381+05:30  INFO 16056 --- [http-nio-5000-exec-10] c.e.a.controller.NotificationController  : Fetching notifications for user: maneprasad1610@gmail.com
2026-08-06T20:29:56.384+05:30  INFO 16056 --- [http-nio-5000-exec-1] c.e.ai.service.impl.QuizServiceImpl      : Loading quizzes for user: maneprasad1610@gmail.com, role: faculty
2026-08-06T20:29:56.533+05:30  INFO 16056 --- [http-nio-5000-exec-2] c.e.a.controller.NotificationController  : Fetching notifications for user: maneprasad1610@gmail.com
2026-08-06T20:29:56.535+05:30  INFO 16056 --- [http-nio-5000-exec-3] c.e.ai.service.impl.QuizServiceImpl      : Loading quizzes for user: maneprasad1610@gmail.com, role: faculty
2026-08-06T20:30:30.443+05:30  INFO 16056 --- [http-nio-5000-exec-2] c.e.a.controller.NotificationController  : Fetching notifications for user: maneprasad1610@gmail.com
2026-08-06T20:30:30.485+05:30  INFO 16056 --- [http-nio-5000-exec-4] c.e.a.controller.NotificationController  : Fetching notifications for user: maneprasad1610@gmail.com
2026-08-06T20:30:34.726+05:30  INFO 16056 --- [http-nio-5000-exec-5] c.e.a.controller.NotificationController  : Fetching notifications for user: maneprasad1610@gmail.com
2026-08-06T20:30:34.746+05:30  INFO 16056 --- [http-nio-5000-exec-8] c.e.a.controller.NotificationController  : Fetching notifications for user: maneprasad1610@gmail.com
2026-08-06T20:30:36.663+05:30  INFO 16056 --- [http-nio-5000-exec-10] c.e.a.controller.NotificationController  : Fetching notifications for user: maneprasad1610@gmail.com
2026-08-06T20:30:36.695+05:30  INFO 16056 --- [http-nio-5000-exec-2] c.e.a.controller.NotificationController  : Fetching notifications for user: maneprasad1610@gmail.com
2026-08-06T20:30:38.425+05:30  INFO 16056 --- [http-nio-5000-exec-3] c.e.a.controller.NotificationController  : Fetching notifications for user: maneprasad1610@gmail.com
2026-08-06T20:30:38.456+05:30  INFO 16056 --- [http-nio-5000-exec-9] c.e.a.controller.NotificationController  : Fetching notifications for user: maneprasad1610@gmail.com
2026-08-06T20:30:42.015+05:30  INFO 16056 --- [http-nio-5000-exec-5] c.e.a.controller.NotificationController  : Fetching notifications for user: maneprasad1610@gmail.com
2026-08-06T20:30:42.078+05:30  INFO 16056 --- [http-nio-5000-exec-8] c.e.a.controller.NotificationController  : Fetching notifications for user: maneprasad1610@gmail.com
2026-08-06T20:31:38.321+05:30  INFO 16056 --- [http-nio-5000-exec-10] c.e.ai.service.impl.AuthServiceImpl      : User login attempt from IP: 0:0:0:0:0:0:0:1, email: maneprasad1610@gmail.com
2026-08-06T20:31:38.503+05:30  INFO 16056 --- [http-nio-5000-exec-10] c.e.ai.service.impl.AuthServiceImpl      : User logged in successfully: maneprasad1610@gmail.com
2026-08-06T20:31:38.933+05:30  INFO 16056 --- [http-nio-5000-exec-1] c.e.a.controller.NotificationController  : Fetching notifications for user: maneprasad1610@gmail.com
2026-08-06T20:31:38.976+05:30  INFO 16056 --- [http-nio-5000-exec-4] c.e.a.service.impl.DashboardServiceImpl  : Loading faculty dashboard for: maneprasad1610@gmail.com
2026-08-06T20:31:39.009+05:30  INFO 16056 --- [http-nio-5000-exec-3] c.e.a.controller.NotificationController  : Fetching notifications for user: maneprasad1610@gmail.com
2026-08-06T20:31:39.066+05:30  INFO 16056 --- [http-nio-5000-exec-9] c.e.a.service.impl.DashboardServiceImpl  : Loading faculty dashboard for: maneprasad1610@gmail.com
2026-08-06T20:31:43.166+05:30  INFO 16056 --- [http-nio-5000-exec-5] c.e.a.controller.NotificationController  : Fetching notifications for user: maneprasad1610@gmail.com
2026-08-06T20:31:43.166+05:30  INFO 16056 --- [http-nio-5000-exec-8] c.e.ai.service.impl.QuizServiceImpl      : Loading quizzes for user: maneprasad1610@gmail.com, role: faculty
2026-08-06T20:31:43.206+05:30  INFO 16056 --- [http-nio-5000-exec-6] c.e.a.controller.NotificationController  : Fetching notifications for user: maneprasad1610@gmail.com
2026-08-06T20:31:43.230+05:30  INFO 16056 --- [http-nio-5000-exec-7] c.e.ai.service.impl.QuizServiceImpl      : Loading quizzes for user: maneprasad1610@gmail.com, role: faculty
2026-08-06T20:31:47.610+05:30  INFO 16056 --- [http-nio-5000-exec-10] c.e.a.controller.NotificationController  : Fetching notifications for user: maneprasad1610@gmail.com
2026-08-06T20:31:47.617+05:30  INFO 16056 --- [http-nio-5000-exec-1] c.e.ai.service.impl.QuizServiceImpl      : Loading quiz ID: 1 for user: maneprasad1610@gmail.com
2026-08-06T20:31:47.617+05:30  INFO 16056 --- [http-nio-5000-exec-2] c.e.ai.service.impl.QuizServiceImpl      : Fetching results details for quiz ID: 1
2026-08-06T20:31:47.652+05:30  INFO 16056 --- [http-nio-5000-exec-3] c.e.a.controller.NotificationController  : Fetching notifications for user: maneprasad1610@gmail.com
2026-08-06T20:31:47.682+05:30  INFO 16056 --- [http-nio-5000-exec-2] c.e.ai.service.impl.QuizServiceImpl      : Loading quiz ID: 1 for user: maneprasad1610@gmail.com
2026-08-06T20:31:47.686+05:30  INFO 16056 --- [http-nio-5000-exec-9] c.e.ai.service.impl.QuizServiceImpl      : Fetching results details for quiz ID: 1
2026-08-06T20:32:00.623+05:30  INFO 16056 --- [http-nio-5000-exec-5] c.e.ai.service.impl.AuthServiceImpl      : User login attempt from IP: 0:0:0:0:0:0:0:1, email: cdacwptfeb2026@gmail.com
2026-08-06T20:32:00.761+05:30  INFO 16056 --- [http-nio-5000-exec-5] c.e.ai.service.impl.AuthServiceImpl      : User logged in successfully: cdacwptfeb2026@gmail.com
2026-08-06T20:32:01.142+05:30  INFO 16056 --- [http-nio-5000-exec-8] c.e.a.controller.NotificationController  : Fetching notifications for user: cdacwptfeb2026@gmail.com
2026-08-06T20:32:01.146+05:30  INFO 16056 --- [http-nio-5000-exec-7] c.e.a.service.impl.DashboardServiceImpl  : Loading student dashboard for: cdacwptfeb2026@gmail.com
2026-08-06T20:32:01.211+05:30  INFO 16056 --- [http-nio-5000-exec-10] c.e.a.controller.NotificationController  : Fetching notifications for user: cdacwptfeb2026@gmail.com
2026-08-06T20:32:01.243+05:30  INFO 16056 --- [http-nio-5000-exec-3] c.e.a.service.impl.DashboardServiceImpl  : Loading student dashboard for: cdacwptfeb2026@gmail.com
2026-08-06T20:32:05.779+05:30  INFO 16056 --- [http-nio-5000-exec-1] c.e.a.controller.NotificationController  : Fetching notifications for user: cdacwptfeb2026@gmail.com
2026-08-06T20:32:05.780+05:30  INFO 16056 --- [http-nio-5000-exec-4] c.e.ai.service.impl.AttemptServiceImpl   : Loading attempts list for student: cdacwptfeb2026@gmail.com
2026-08-06T20:32:05.805+05:30  INFO 16056 --- [http-nio-5000-exec-2] c.e.a.controller.NotificationController  : Fetching notifications for user: cdacwptfeb2026@gmail.com
2026-08-06T20:32:05.871+05:30  INFO 16056 --- [http-nio-5000-exec-9] c.e.ai.service.impl.AttemptServiceImpl   : Loading attempts list for student: cdacwptfeb2026@gmail.com
2026-08-06T20:32:12.769+05:30  INFO 16056 --- [http-nio-5000-exec-5] c.e.a.controller.NotificationController  : Fetching notifications for user: cdacwptfeb2026@gmail.com
2026-08-06T20:32:12.794+05:30  INFO 16056 --- [http-nio-5000-exec-8] c.e.a.controller.NotificationController  : Fetching notifications for user: cdacwptfeb2026@gmail.com
2026-08-06T20:32:24.123+05:30  INFO 16056 --- [http-nio-5000-exec-7] c.e.a.controller.NotificationController  : Fetching notifications for user: cdacwptfeb2026@gmail.com
2026-08-06T20:32:24.157+05:30  INFO 16056 --- [http-nio-5000-exec-1] c.e.a.controller.NotificationController  : Fetching notifications for user: cdacwptfeb2026@gmail.com
2026-08-06T20:33:31.405+05:30  INFO 16056 --- [http-nio-5000-exec-8] c.e.a.controller.NotificationController  : Fetching notifications for user: cdacwptfeb2026@gmail.com
2026-08-06T20:33:31.444+05:30  INFO 16056 --- [http-nio-5000-exec-10] c.e.a.controller.NotificationController  : Fetching notifications for user: cdacwptfeb2026@gmail.com
2026-08-06T20:33:33.603+05:30  INFO 16056 --- [http-nio-5000-exec-1] c.e.a.controller.NotificationController  : Fetching notifications for user: cdacwptfeb2026@gmail.com
2026-08-06T20:33:33.634+05:30  INFO 16056 --- [http-nio-5000-exec-5] c.e.a.controller.NotificationController  : Fetching notifications for user: cdacwptfeb2026@gmail.com
2026-08-06T20:34:10.679+05:30  INFO 16056 --- [http-nio-5000-exec-6] c.e.a.controller.NotificationController  : Fetching notifications for user: cdacwptfeb2026@gmail.com
2026-08-06T20:34:10.680+05:30  INFO 16056 --- [http-nio-5000-exec-7] c.e.ai.controller.AICoachController      : Generating AI Coach insights for student: cdacwptfeb2026@gmail.com
2026-08-06T20:34:10.697+05:30  INFO 16056 --- [http-nio-5000-exec-10] c.e.a.controller.NotificationController  : Fetching notifications for user: cdacwptfeb2026@gmail.com
2026-08-06T20:34:10.741+05:30  INFO 16056 --- [http-nio-5000-exec-3] c.e.ai.controller.AICoachController      : Generating AI Coach insights for student: cdacwptfeb2026@gmail.com
2026-08-06T20:34:13.503+05:30  INFO 16056 --- [http-nio-5000-exec-2] c.e.a.controller.NotificationController  : Fetching notifications for user: cdacwptfeb2026@gmail.com
2026-08-06T20:34:13.530+05:30  INFO 16056 --- [http-nio-5000-exec-5] c.e.a.controller.NotificationController  : Fetching notifications for user: cdacwptfeb2026@gmail.com
2026-08-06T20:34:15.300+05:30  INFO 16056 --- [http-nio-5000-exec-8] c.e.a.controller.NotificationController  : Fetching notifications for user: cdacwptfeb2026@gmail.com
2026-08-06T20:34:15.349+05:30  INFO 16056 --- [http-nio-5000-exec-7] c.e.a.controller.NotificationController  : Fetching notifications for user: cdacwptfeb2026@gmail.com
2026-08-06T20:34:17.666+05:30  INFO 16056 --- [http-nio-5000-exec-2] c.e.a.controller.NotificationController  : Fetching notifications for user: cdacwptfeb2026@gmail.com
2026-08-06T20:34:17.668+05:30  INFO 16056 --- [http-nio-5000-exec-1] c.e.ai.service.impl.AttemptServiceImpl   : Loading attempts list for student: cdacwptfeb2026@gmail.com
2026-08-06T20:34:17.689+05:30  INFO 16056 --- [http-nio-5000-exec-4] c.e.a.controller.NotificationController  : Fetching notifications for user: cdacwptfeb2026@gmail.com
2026-08-06T20:34:17.733+05:30  INFO 16056 --- [http-nio-5000-exec-5] c.e.ai.service.impl.AttemptServiceImpl   : Loading attempts list for student: cdacwptfeb2026@gmail.com
2026-08-06T20:34:24.502+05:30  INFO 16056 --- [http-nio-5000-exec-4] c.e.ai.controller.CertificateController  : Verifying certificate ID: 1e362543-6826-4307-b71e-d982a6f3ab66
2026-08-06T20:34:24.577+05:30  INFO 16056 --- [http-nio-5000-exec-1] c.e.ai.controller.CertificateController  : Verifying certificate ID: 1e362543-6826-4307-b71e-d982a6f3ab66
2026-08-06T20:34:32.995+05:30  INFO 16056 --- [http-nio-5000-exec-5] c.e.a.controller.NotificationController  : Fetching notifications for user: cdacwptfeb2026@gmail.com
2026-08-06T20:34:33.074+05:30  INFO 16056 --- [http-nio-5000-exec-6] c.e.ai.service.impl.AttemptServiceImpl   : Loading details for attempt ID: 1
2026-08-06T20:34:33.089+05:30  INFO 16056 --- [http-nio-5000-exec-8] c.e.a.controller.NotificationController  : Fetching notifications for user: cdacwptfeb2026@gmail.com
2026-08-06T20:34:33.175+05:30  INFO 16056 --- [http-nio-5000-exec-3] c.e.ai.service.impl.AttemptServiceImpl   : Loading details for attempt ID: 1
2026-08-06T20:34:33.199+05:30  INFO 16056 --- [http-nio-5000-exec-7] c.e.ai.controller.CertificateController  : Request to get certificate for attempt ID: 1
2026-08-06T20:34:33.389+05:30  INFO 16056 --- [http-nio-5000-exec-2] c.e.ai.controller.CertificateController  : Request to get certificate for attempt ID: 1
2026-08-06T20:34:39.990+05:30  INFO 16056 --- [http-nio-5000-exec-5] c.e.a.controller.NotificationController  : Fetching notifications for user: cdacwptfeb2026@gmail.com
2026-08-06T20:34:39.990+05:30  INFO 16056 --- [http-nio-5000-exec-9] c.e.ai.controller.AICoachController      : Generating AI Coach insights for student: cdacwptfeb2026@gmail.com
2026-08-06T20:34:40.047+05:30  INFO 16056 --- [http-nio-5000-exec-8] c.e.a.controller.NotificationController  : Fetching notifications for user: cdacwptfeb2026@gmail.com
2026-08-06T20:34:40.105+05:30  INFO 16056 --- [http-nio-5000-exec-10] c.e.ai.controller.AICoachController      : Generating AI Coach insights for student: cdacwptfeb2026@gmail.com
2026-08-06T20:34:41.026+05:30  INFO 16056 --- [http-nio-5000-exec-6] c.e.a.controller.NotificationController  : Fetching notifications for user: cdacwptfeb2026@gmail.com
2026-08-06T20:34:41.028+05:30  INFO 16056 --- [http-nio-5000-exec-3] c.e.ai.service.impl.AttemptServiceImpl   : Loading attempts list for student: cdacwptfeb2026@gmail.com
2026-08-06T20:34:41.054+05:30  INFO 16056 --- [http-nio-5000-exec-7] c.e.a.controller.NotificationController  : Fetching notifications for user: cdacwptfeb2026@gmail.com
2026-08-06T20:34:41.091+05:30  INFO 16056 --- [http-nio-5000-exec-2] c.e.ai.service.impl.AttemptServiceImpl   : Loading attempts list for student: cdacwptfeb2026@gmail.com
2026-08-06T20:34:42.522+05:30  INFO 16056 --- [http-nio-5000-exec-4] c.e.a.controller.NotificationController  : Fetching notifications for user: cdacwptfeb2026@gmail.com
2026-08-06T20:34:42.549+05:30  INFO 16056 --- [http-nio-5000-exec-1] c.e.a.controller.NotificationController  : Fetching notifications for user: cdacwptfeb2026@gmail.com
2026-08-06T20:34:44.953+05:30  INFO 16056 --- [http-nio-5000-exec-5] c.e.a.controller.NotificationController  : Fetching notifications for user: cdacwptfeb2026@gmail.com
2026-08-06T20:34:44.976+05:30  INFO 16056 --- [http-nio-5000-exec-8] c.e.a.controller.NotificationController  : Fetching notifications for user: cdacwptfeb2026@gmail.com
2026-08-06T20:34:46.942+05:30  INFO 16056 --- [http-nio-5000-exec-9] c.e.a.controller.NotificationController  : Fetching notifications for user: cdacwptfeb2026@gmail.com
2026-08-06T20:34:46.948+05:30  INFO 16056 --- [http-nio-5000-exec-10] c.e.a.controller.PaymentProxyController  : Proxying request [GET /api/payments/plans] -> target [http://localhost:5001/api/payments/plans]
2026-08-06T20:34:46.955+05:30  INFO 16056 --- [http-nio-5000-exec-6] c.e.a.controller.PaymentProxyController  : Proxying request [GET /api/payments/my] -> target [http://localhost:5001/api/payments/my]
2026-08-06T20:34:46.975+05:30  INFO 16056 --- [http-nio-5000-exec-7] c.e.a.controller.NotificationController  : Fetching notifications for user: cdacwptfeb2026@gmail.com
2026-08-06T20:34:47.747+05:30  INFO 16056 --- [http-nio-5000-exec-2] c.e.a.controller.PaymentProxyController  : Proxying request [GET /api/payments/plans] -> target [http://localhost:5001/api/payments/plans]
2026-08-06T20:34:47.857+05:30  INFO 16056 --- [http-nio-5000-exec-4] c.e.a.controller.PaymentProxyController  : Proxying request [GET /api/payments/my] -> target [http://localhost:5001/api/payments/my]
2026-08-06T20:34:49.551+05:30  INFO 16056 --- [http-nio-5000-exec-5] c.e.a.controller.NotificationController  : Fetching notifications for user: cdacwptfeb2026@gmail.com
2026-08-06T20:34:49.575+05:30  INFO 16056 --- [http-nio-5000-exec-9] c.e.a.controller.NotificationController  : Fetching notifications for user: cdacwptfeb2026@gmail.com
2026-08-06T20:34:50.769+05:30  INFO 16056 --- [http-nio-5000-exec-3] c.e.a.controller.NotificationController  : Fetching notifications for user: cdacwptfeb2026@gmail.com
2026-08-06T20:34:50.789+05:30  INFO 16056 --- [http-nio-5000-exec-2] c.e.a.controller.NotificationController  : Fetching notifications for user: cdacwptfeb2026@gmail.com
2026-08-06T20:34:52.039+05:30  INFO 16056 --- [http-nio-5000-exec-1] c.e.a.controller.NotificationController  : Fetching notifications for user: cdacwptfeb2026@gmail.com
2026-08-06T20:34:52.065+05:30  INFO 16056 --- [http-nio-5000-exec-8] c.e.a.controller.NotificationController  : Fetching notifications for user: cdacwptfeb2026@gmail.com
2026-08-06T20:34:55.148+05:30  INFO 16056 --- [http-nio-5000-exec-7] c.e.a.controller.NotificationController  : Fetching notifications for user: cdacwptfeb2026@gmail.com
2026-08-06T20:34:55.168+05:30  INFO 16056 --- [http-nio-5000-exec-2] c.e.a.controller.NotificationController  : Fetching notifications for user: cdacwptfeb2026@gmail.com
2026-08-06T20:34:55.898+05:30  INFO 16056 --- [http-nio-5000-exec-6] c.e.a.controller.NotificationController  : Fetching notifications for user: cdacwptfeb2026@gmail.com
2026-08-06T20:34:55.900+05:30  INFO 16056 --- [http-nio-5000-exec-4] c.e.ai.controller.AICoachController      : Generating AI Coach insights for student: cdacwptfeb2026@gmail.com
2026-08-06T20:34:55.938+05:30  INFO 16056 --- [http-nio-5000-exec-1] c.e.a.controller.NotificationController  : Fetching notifications for user: cdacwptfeb2026@gmail.com
2026-08-06T20:34:55.960+05:30  INFO 16056 --- [http-nio-5000-exec-5] c.e.ai.controller.AICoachController      : Generating AI Coach insights for student: cdacwptfeb2026@gmail.com
2026-08-06T20:34:58.456+05:30  INFO 16056 --- [http-nio-5000-exec-8] c.e.a.controller.NotificationController  : Fetching notifications for user: cdacwptfeb2026@gmail.com
2026-08-06T20:34:58.489+05:30  INFO 16056 --- [http-nio-5000-exec-3] c.e.a.controller.NotificationController  : Fetching notifications for user: cdacwptfeb2026@gmail.com
2026-08-06T20:34:59.505+05:30  INFO 16056 --- [http-nio-5000-exec-2] c.e.a.controller.NotificationController  : Fetching notifications for user: cdacwptfeb2026@gmail.com
2026-08-06T20:34:59.509+05:30  INFO 16056 --- [http-nio-5000-exec-10] c.e.ai.service.impl.AttemptServiceImpl   : Loading attempts list for student: cdacwptfeb2026@gmail.com
2026-08-06T20:34:59.531+05:30  INFO 16056 --- [http-nio-5000-exec-6] c.e.a.controller.NotificationController  : Fetching notifications for user: cdacwptfeb2026@gmail.com
2026-08-06T20:34:59.571+05:30  INFO 16056 --- [http-nio-5000-exec-1] c.e.ai.service.impl.AttemptServiceImpl   : Loading attempts list for student: cdacwptfeb2026@gmail.com
2026-08-06T20:35:00.519+05:30  INFO 16056 --- [http-nio-5000-exec-4] c.e.a.controller.NotificationController  : Fetching notifications for user: cdacwptfeb2026@gmail.com
2026-08-06T20:35:00.547+05:30  INFO 16056 --- [http-nio-5000-exec-8] c.e.a.controller.NotificationController  : Fetching notifications for user: cdacwptfeb2026@gmail.com
2026-08-06T20:35:02.741+05:30  INFO 16056 --- [http-nio-5000-exec-9] c.e.a.controller.NotificationController  : Fetching notifications for user: cdacwptfeb2026@gmail.com
2026-08-06T20:35:02.767+05:30  INFO 16056 --- [http-nio-5000-exec-2] c.e.a.controller.NotificationController  : Fetching notifications for user: cdacwptfeb2026@gmail.com
2026-08-06T20:35:07.535+05:30  INFO 16056 --- [http-nio-5000-exec-10] c.e.a.controller.NotificationController  : Fetching notifications for user: cdacwptfeb2026@gmail.com
2026-08-06T20:35:07.536+05:30  INFO 16056 --- [http-nio-5000-exec-1] c.e.ai.service.impl.AttemptServiceImpl   : Loading attempts list for student: cdacwptfeb2026@gmail.com
2026-08-06T20:35:07.562+05:30  INFO 16056 --- [http-nio-5000-exec-4] c.e.a.controller.NotificationController  : Fetching notifications for user: cdacwptfeb2026@gmail.com
2026-08-06T20:35:07.613+05:30  INFO 16056 --- [http-nio-5000-exec-8] c.e.ai.service.impl.AttemptServiceImpl   : Loading attempts list for student: cdacwptfeb2026@gmail.com
2026-08-06T20:35:09.567+05:30  INFO 16056 --- [http-nio-5000-exec-5] c.e.a.controller.NotificationController  : Fetching notifications for user: cdacwptfeb2026@gmail.com
2026-08-06T20:35:09.568+05:30  INFO 16056 --- [http-nio-5000-exec-3] c.e.ai.service.impl.QuizServiceImpl      : Loading quizzes for user: cdacwptfeb2026@gmail.com, role: student
2026-08-06T20:35:09.568+05:30  INFO 16056 --- [http-nio-5000-exec-7] c.e.ai.service.impl.AttemptServiceImpl   : Loading attempts list for student: cdacwptfeb2026@gmail.com
2026-08-06T20:35:09.587+05:30  INFO 16056 --- [http-nio-5000-exec-9] c.e.a.controller.NotificationController  : Fetching notifications for user: cdacwptfeb2026@gmail.com
2026-08-06T20:35:09.642+05:30  INFO 16056 --- [http-nio-5000-exec-2] c.e.ai.service.impl.AttemptServiceImpl   : Loading attempts list for student: cdacwptfeb2026@gmail.com
2026-08-06T20:35:09.648+05:30  INFO 16056 --- [http-nio-5000-exec-6] c.e.ai.service.impl.QuizServiceImpl      : Loading quizzes for user: cdacwptfeb2026@gmail.com, role: student
2026-08-06T20:35:11.187+05:30  INFO 16056 --- [http-nio-5000-exec-10] c.e.a.controller.NotificationController  : Fetching notifications for user: cdacwptfeb2026@gmail.com
2026-08-06T20:35:11.230+05:30  INFO 16056 --- [http-nio-5000-exec-1] c.e.ai.service.impl.AttemptServiceImpl   : Loading details for attempt ID: 1
2026-08-06T20:35:11.246+05:30  INFO 16056 --- [http-nio-5000-exec-8] c.e.a.controller.NotificationController  : Fetching notifications for user: cdacwptfeb2026@gmail.com
2026-08-06T20:35:11.343+05:30  INFO 16056 --- [http-nio-5000-exec-9] c.e.ai.service.impl.AttemptServiceImpl   : Loading details for attempt ID: 1
2026-08-06T20:35:11.369+05:30  INFO 16056 --- [http-nio-5000-exec-7] c.e.ai.controller.CertificateController  : Request to get certificate for attempt ID: 1
2026-08-06T20:35:11.483+05:30  INFO 16056 --- [http-nio-5000-exec-3] c.e.ai.controller.CertificateController  : Request to get certificate for attempt ID: 1
2026-08-06T20:35:38.766+05:30  INFO 16056 --- [http-nio-5000-exec-6] c.e.ai.controller.CertificateController  : Verifying certificate ID: 1e362543-6826-4307-b71e-d982a6f3ab66
2026-08-06T20:35:38.874+05:30  INFO 16056 --- [http-nio-5000-exec-4] c.e.ai.controller.CertificateController  : Verifying certificate ID: 1e362543-6826-4307-b71e-d982a6f3ab66
2026-08-06T20:35:50.132+05:30 ERROR 16056 --- [http-nio-5000-exec-10] c.e.ai.service.impl.EmailServiceImpl     : Failed to send HTML email to maneprasad1610@gmail.com. Error: Failed messages: jakarta.mail.MessagingException: can't determine local email address
2026-08-06T20:36:49.599+05:30  INFO 16056 --- [http-nio-5000-exec-9] c.e.a.controller.NotificationController  : Fetching notifications for user: cdacwptfeb2026@gmail.com
2026-08-06T20:36:49.629+05:30  INFO 16056 --- [http-nio-5000-exec-2] c.e.a.controller.NotificationController  : Fetching notifications for user: cdacwptfeb2026@gmail.com
2026-08-06T20:36:50.405+05:30  INFO 16056 --- [http-nio-5000-exec-5] c.e.ai.controller.AICoachController      : Generating AI Coach insights for student: cdacwptfeb2026@gmail.com
2026-08-06T20:36:50.406+05:30  INFO 16056 --- [http-nio-5000-exec-4] c.e.a.controller.NotificationController  : Fetching notifications for user: cdacwptfeb2026@gmail.com
2026-08-06T20:36:50.431+05:30  INFO 16056 --- [http-nio-5000-exec-10] c.e.a.controller.NotificationController  : Fetching notifications for user: cdacwptfeb2026@gmail.com
2026-08-06T20:36:50.463+05:30  INFO 16056 --- [http-nio-5000-exec-8] c.e.ai.controller.AICoachController      : Generating AI Coach insights for student: cdacwptfeb2026@gmail.com
2026-08-06T20:36:51.420+05:30  INFO 16056 --- [http-nio-5000-exec-3] c.e.a.controller.NotificationController  : Fetching notifications for user: cdacwptfeb2026@gmail.com
2026-08-06T20:36:51.446+05:30  INFO 16056 --- [http-nio-5000-exec-7] c.e.a.controller.NotificationController  : Fetching notifications for user: cdacwptfeb2026@gmail.com
2026-08-06T20:36:52.479+05:30  INFO 16056 --- [http-nio-5000-exec-6] c.e.ai.controller.AICoachController      : Generating AI Coach insights for student: cdacwptfeb2026@gmail.com
2026-08-06T20:36:52.479+05:30  INFO 16056 --- [http-nio-5000-exec-2] c.e.a.controller.NotificationController  : Fetching notifications for user: cdacwptfeb2026@gmail.com
2026-08-06T20:36:52.560+05:30  INFO 16056 --- [http-nio-5000-exec-4] c.e.a.controller.NotificationController  : Fetching notifications for user: cdacwptfeb2026@gmail.com
2026-08-06T20:36:52.643+05:30  INFO 16056 --- [http-nio-5000-exec-10] c.e.ai.controller.AICoachController      : Generating AI Coach insights for student: cdacwptfeb2026@gmail.com
2026-08-06T20:36:53.274+05:30  INFO 16056 --- [http-nio-5000-exec-5] c.e.a.controller.NotificationController  : Fetching notifications for user: cdacwptfeb2026@gmail.com
2026-08-06T20:36:53.302+05:30  INFO 16056 --- [http-nio-5000-exec-8] c.e.a.controller.NotificationController  : Fetching notifications for user: cdacwptfeb2026@gmail.com
2026-08-06T20:36:54.410+05:30  INFO 16056 --- [http-nio-5000-exec-3] c.e.a.controller.NotificationController  : Fetching notifications for user: cdacwptfeb2026@gmail.com
2026-08-06T20:36:54.425+05:30  INFO 16056 --- [http-nio-5000-exec-1] c.e.ai.service.impl.AttemptServiceImpl   : Loading attempts list for student: cdacwptfeb2026@gmail.com
2026-08-06T20:36:54.448+05:30  INFO 16056 --- [http-nio-5000-exec-9] c.e.a.controller.NotificationController  : Fetching notifications for user: cdacwptfeb2026@gmail.com
2026-08-06T20:36:54.502+05:30  INFO 16056 --- [http-nio-5000-exec-7] c.e.ai.service.impl.AttemptServiceImpl   : Loading attempts list for student: cdacwptfeb2026@gmail.com
2026-08-06T20:36:55.801+05:30  INFO 16056 --- [http-nio-5000-exec-2] c.e.a.controller.NotificationController  : Fetching notifications for user: cdacwptfeb2026@gmail.com
2026-08-06T20:36:55.801+05:30  INFO 16056 --- [http-nio-5000-exec-4] c.e.ai.service.impl.QuizServiceImpl      : Loading quizzes for user: cdacwptfeb2026@gmail.com, role: student
2026-08-06T20:36:55.805+05:30  INFO 16056 --- [http-nio-5000-exec-6] c.e.ai.service.impl.AttemptServiceImpl   : Loading attempts list for student: cdacwptfeb2026@gmail.com
2026-08-06T20:36:55.820+05:30  INFO 16056 --- [http-nio-5000-exec-10] c.e.a.controller.NotificationController  : Fetching notifications for user: cdacwptfeb2026@gmail.com
2026-08-06T20:36:55.871+05:30  INFO 16056 --- [http-nio-5000-exec-5] c.e.ai.service.impl.QuizServiceImpl      : Loading quizzes for user: cdacwptfeb2026@gmail.com, role: student
2026-08-06T20:36:55.871+05:30  INFO 16056 --- [http-nio-5000-exec-8] c.e.ai.service.impl.AttemptServiceImpl   : Loading attempts list for student: cdacwptfeb2026@gmail.com
2026-08-06T20:36:57.794+05:30  INFO 16056 --- [http-nio-5000-exec-9] c.e.ai.service.impl.AttemptServiceImpl   : Loading attempts list for student: cdacwptfeb2026@gmail.com
2026-08-06T20:36:57.795+05:30  INFO 16056 --- [http-nio-5000-exec-3] c.e.a.controller.NotificationController  : Fetching notifications for user: cdacwptfeb2026@gmail.com
2026-08-06T20:36:57.825+05:30  INFO 16056 --- [http-nio-5000-exec-1] c.e.a.controller.NotificationController  : Fetching notifications for user: cdacwptfeb2026@gmail.com
2026-08-06T20:36:57.873+05:30  INFO 16056 --- [http-nio-5000-exec-7] c.e.ai.service.impl.AttemptServiceImpl   : Loading attempts list for student: cdacwptfeb2026@gmail.com
2026-08-06T20:36:59.269+05:30  INFO 16056 --- [http-nio-5000-exec-2] c.e.a.controller.NotificationController  : Fetching notifications for user: cdacwptfeb2026@gmail.com
2026-08-06T20:36:59.272+05:30  INFO 16056 --- [http-nio-5000-exec-4] c.e.ai.service.impl.AttemptServiceImpl   : Loading attempts list for student: cdacwptfeb2026@gmail.com
2026-08-06T20:36:59.283+05:30  INFO 16056 --- [http-nio-5000-exec-10] c.e.ai.service.impl.QuizServiceImpl      : Loading quizzes for user: cdacwptfeb2026@gmail.com, role: student
2026-08-06T20:36:59.309+05:30  INFO 16056 --- [http-nio-5000-exec-6] c.e.a.controller.NotificationController  : Fetching notifications for user: cdacwptfeb2026@gmail.com
2026-08-06T20:36:59.367+05:30  INFO 16056 --- [http-nio-5000-exec-8] c.e.ai.service.impl.QuizServiceImpl      : Loading quizzes for user: cdacwptfeb2026@gmail.com, role: student
2026-08-06T20:36:59.368+05:30  INFO 16056 --- [http-nio-5000-exec-5] c.e.ai.service.impl.AttemptServiceImpl   : Loading attempts list for student: cdacwptfeb2026@gmail.com
2026-08-06T20:37:00.909+05:30  INFO 16056 --- [http-nio-5000-exec-3] c.e.a.controller.NotificationController  : Fetching notifications for user: cdacwptfeb2026@gmail.com
2026-08-06T20:37:00.922+05:30  INFO 16056 --- [http-nio-5000-exec-9] c.e.ai.service.impl.AttemptServiceImpl   : Loading details for attempt ID: 1
2026-08-06T20:37:00.929+05:30  INFO 16056 --- [http-nio-5000-exec-7] c.e.a.controller.NotificationController  : Fetching notifications for user: cdacwptfeb2026@gmail.com
2026-08-06T20:37:01.004+05:30  INFO 16056 --- [http-nio-5000-exec-4] c.e.ai.controller.CertificateController  : Request to get certificate for attempt ID: 1
2026-08-06T20:37:01.004+05:30  INFO 16056 --- [http-nio-5000-exec-6] c.e.ai.service.impl.AttemptServiceImpl   : Loading details for attempt ID: 1
2026-08-06T20:37:01.137+05:30  INFO 16056 --- [http-nio-5000-exec-10] c.e.ai.controller.CertificateController  : Request to get certificate for attempt ID: 1
2026-08-06T20:37:03.289+05:30  INFO 16056 --- [http-nio-5000-exec-3] c.e.a.controller.NotificationController  : Fetching notifications for user: cdacwptfeb2026@gmail.com
2026-08-06T20:37:03.316+05:30  INFO 16056 --- [http-nio-5000-exec-2] c.e.a.controller.NotificationController  : Fetching notifications for user: cdacwptfeb2026@gmail.com
2026-08-06T20:37:24.861+05:30  INFO 16056 --- [http-nio-5000-exec-9] c.e.a.controller.NotificationController  : Fetching notifications for user: cdacwptfeb2026@gmail.com
2026-08-06T20:37:24.869+05:30  INFO 16056 --- [http-nio-5000-exec-4] c.e.ai.service.impl.AttemptServiceImpl   : Loading attempts list for student: cdacwptfeb2026@gmail.com
2026-08-06T20:37:24.925+05:30  INFO 16056 --- [http-nio-5000-exec-6] c.e.a.controller.NotificationController  : Fetching notifications for user: cdacwptfeb2026@gmail.com
2026-08-06T20:37:25.021+05:30  INFO 16056 --- [http-nio-5000-exec-10] c.e.ai.service.impl.AttemptServiceImpl   : Loading attempts list for student: cdacwptfeb2026@gmail.com
2026-08-06T20:37:27.129+05:30  INFO 16056 --- [http-nio-5000-exec-8] c.e.a.controller.NotificationController  : Marking all notifications for user cdacwptfeb2026@gmail.com as read
2026-08-06T20:37:32.552+05:30  INFO 16056 --- [http-nio-5000-exec-3] c.e.a.controller.NotificationController  : Fetching notifications for user: cdacwptfeb2026@gmail.com
2026-08-06T20:37:32.576+05:30  INFO 16056 --- [http-nio-5000-exec-1] c.e.a.controller.NotificationController  : Fetching notifications for user: cdacwptfeb2026@gmail.com
2026-08-06T20:37:35.620+05:30  INFO 16056 --- [http-nio-5000-exec-9] c.e.a.controller.NotificationController  : Fetching notifications for user: cdacwptfeb2026@gmail.com
2026-08-06T20:37:35.620+05:30  INFO 16056 --- [http-nio-5000-exec-6] c.e.a.service.impl.DashboardServiceImpl  : Loading student dashboard for: cdacwptfeb2026@gmail.com
2026-08-06T20:37:35.639+05:30  INFO 16056 --- [http-nio-5000-exec-4] c.e.a.controller.NotificationController  : Fetching notifications for user: cdacwptfeb2026@gmail.com
2026-08-06T20:37:35.683+05:30  INFO 16056 --- [http-nio-5000-exec-10] c.e.a.service.impl.DashboardServiceImpl  : Loading student dashboard for: cdacwptfeb2026@gmail.com
2026-08-06T20:37:39.615+05:30  INFO 16056 --- [http-nio-5000-exec-5] c.e.a.controller.NotificationController  : Fetching notifications for user: cdacwptfeb2026@gmail.com
2026-08-06T20:37:39.638+05:30  INFO 16056 --- [http-nio-5000-exec-3] c.e.a.controller.NotificationController  : Fetching notifications for user: cdacwptfeb2026@gmail.com
2026-08-06T20:37:42.014+05:30  INFO 16056 --- [http-nio-5000-exec-2] c.e.a.controller.NotificationController  : Fetching notifications for user: cdacwptfeb2026@gmail.com
2026-08-06T20:37:42.017+05:30  INFO 16056 --- [http-nio-5000-exec-7] c.e.ai.controller.AICoachController      : Generating AI Coach insights for student: cdacwptfeb2026@gmail.com
2026-08-06T20:37:42.042+05:30  INFO 16056 --- [http-nio-5000-exec-9] c.e.a.controller.NotificationController  : Fetching notifications for user: cdacwptfeb2026@gmail.com
2026-08-06T20:37:42.069+05:30  INFO 16056 --- [http-nio-5000-exec-4] c.e.ai.controller.AICoachController      : Generating AI Coach insights for student: cdacwptfeb2026@gmail.com
2026-08-06T20:37:43.448+05:30  INFO 16056 --- [http-nio-5000-exec-6] c.e.a.controller.NotificationController  : Fetching notifications for user: cdacwptfeb2026@gmail.com
2026-08-06T20:37:43.481+05:30  INFO 16056 --- [http-nio-5000-exec-8] c.e.a.controller.NotificationController  : Fetching notifications for user: cdacwptfeb2026@gmail.com
2026-08-06T20:37:44.646+05:30  INFO 16056 --- [http-nio-5000-exec-1] c.e.a.controller.NotificationController  : Fetching notifications for user: cdacwptfeb2026@gmail.com
2026-08-06T20:37:44.664+05:30  INFO 16056 --- [http-nio-5000-exec-9] c.e.a.controller.NotificationController  : Fetching notifications for user: cdacwptfeb2026@gmail.com
2026-08-06T20:37:45.306+05:30  INFO 16056 --- [http-nio-5000-exec-7] c.e.a.controller.NotificationController  : Fetching notifications for user: cdacwptfeb2026@gmail.com
2026-08-06T20:37:45.311+05:30  INFO 16056 --- [http-nio-5000-exec-4] c.e.ai.service.impl.AttemptServiceImpl   : Loading attempts list for student: cdacwptfeb2026@gmail.com
2026-08-06T20:37:45.331+05:30  INFO 16056 --- [http-nio-5000-exec-10] c.e.a.controller.NotificationController  : Fetching notifications for user: cdacwptfeb2026@gmail.com
2026-08-06T20:37:45.373+05:30  INFO 16056 --- [http-nio-5000-exec-6] c.e.ai.service.impl.AttemptServiceImpl   : Loading attempts list for student: cdacwptfeb2026@gmail.com
2026-08-06T20:37:47.472+05:30  INFO 16056 --- [http-nio-5000-exec-5] c.e.a.controller.NotificationController  : Fetching notifications for user: cdacwptfeb2026@gmail.com
2026-08-06T20:37:47.491+05:30  INFO 16056 --- [http-nio-5000-exec-8] c.e.a.controller.NotificationController  : Fetching notifications for user: cdacwptfeb2026@gmail.com
2026-08-06T20:37:48.387+05:30  INFO 16056 --- [http-nio-5000-exec-3] c.e.a.controller.NotificationController  : Fetching notifications for user: cdacwptfeb2026@gmail.com
2026-08-06T20:37:48.407+05:30  INFO 16056 --- [http-nio-5000-exec-1] c.e.a.controller.NotificationController  : Fetching notifications for user: cdacwptfeb2026@gmail.com
2026-08-06T20:37:49.698+05:30  INFO 16056 --- [http-nio-5000-exec-9] c.e.a.controller.NotificationController  : Fetching notifications for user: cdacwptfeb2026@gmail.com
2026-08-06T20:37:49.706+05:30  INFO 16056 --- [http-nio-5000-exec-2] c.e.a.controller.PaymentProxyController  : Proxying request [GET /api/payments/plans] -> target [http://localhost:5001/api/payments/plans]
2026-08-06T20:37:49.709+05:30  INFO 16056 --- [http-nio-5000-exec-7] c.e.a.controller.PaymentProxyController  : Proxying request [GET /api/payments/my] -> target [http://localhost:5001/api/payments/my]
2026-08-06T20:37:49.749+05:30  INFO 16056 --- [http-nio-5000-exec-10] c.e.a.controller.NotificationController  : Fetching notifications for user: cdacwptfeb2026@gmail.com
2026-08-06T20:37:49.754+05:30  INFO 16056 --- [http-nio-5000-exec-4] c.e.a.controller.PaymentProxyController  : Proxying request [GET /api/payments/plans] -> target [http://localhost:5001/api/payments/plans]
2026-08-06T20:37:49.815+05:30  INFO 16056 --- [http-nio-5000-exec-5] c.e.a.controller.PaymentProxyController  : Proxying request [GET /api/payments/my] -> target [http://localhost:5001/api/payments/my]
2026-08-06T20:37:52.728+05:30  INFO 16056 --- [http-nio-5000-exec-1] c.e.a.service.impl.DashboardServiceImpl  : Loading student dashboard for: cdacwptfeb2026@gmail.com
2026-08-06T20:37:52.728+05:30  INFO 16056 --- [http-nio-5000-exec-3] c.e.a.controller.NotificationController  : Fetching notifications for user: cdacwptfeb2026@gmail.com
2026-08-06T20:37:52.756+05:30  INFO 16056 --- [http-nio-5000-exec-9] c.e.a.controller.NotificationController  : Fetching notifications for user: cdacwptfeb2026@gmail.com
2026-08-06T20:37:52.781+05:30  INFO 16056 --- [http-nio-5000-exec-2] c.e.a.service.impl.DashboardServiceImpl  : Loading student dashboard for: cdacwptfeb2026@gmail.com
2026-08-06T20:38:47.877+05:30  INFO 16056 --- [http-nio-5000-exec-7] c.e.a.controller.NotificationController  : Fetching notifications for user: cdacwptfeb2026@gmail.com
2026-08-06T20:38:47.906+05:30  INFO 16056 --- [http-nio-5000-exec-1] c.e.a.controller.NotificationController  : Fetching notifications for user: cdacwptfeb2026@gmail.com
2026-08-06T20:38:50.094+05:30  INFO 16056 --- [http-nio-5000-exec-4] c.e.a.controller.NotificationController  : Fetching notifications for user: cdacwptfeb2026@gmail.com
2026-08-06T20:38:50.113+05:30  INFO 16056 --- [http-nio-5000-exec-8] c.e.a.controller.NotificationController  : Fetching notifications for user: cdacwptfeb2026@gmail.com
2026-08-06T20:38:50.904+05:30  INFO 16056 --- [http-nio-5000-exec-7] c.e.a.controller.NotificationController  : Fetching notifications for user: cdacwptfeb2026@gmail.com
2026-08-06T20:38:50.932+05:30  INFO 16056 --- [http-nio-5000-exec-9] c.e.a.controller.NotificationController  : Fetching notifications for user: cdacwptfeb2026@gmail.com
2026-08-06T20:38:52.091+05:30  INFO 16056 --- [http-nio-5000-exec-1] c.e.a.controller.NotificationController  : Fetching notifications for user: cdacwptfeb2026@gmail.com
2026-08-06T20:38:52.118+05:30  INFO 16056 --- [http-nio-5000-exec-4] c.e.a.controller.NotificationController  : Fetching notifications for user: cdacwptfeb2026@gmail.com
2026-08-06T20:54:27.383+05:30  INFO 16056 --- [RMI TCP Connection(43)-127.0.0.1] inMXBeanRegistrar$SpringApplicationAdmin : Application shutdown requested.
2026-08-06T20:54:27.557+05:30  INFO 16056 --- [RMI TCP Connection(43)-127.0.0.1] j.LocalContainerEntityManagerFactoryBean : Closing JPA EntityManagerFactory for persistence unit 'default'
2026-08-06T20:54:27.593+05:30  INFO 16056 --- [RMI TCP Connection(43)-127.0.0.1] com.zaxxer.hikari.HikariDataSource       : HikariPool-1 - Shutdown initiated...
2026-08-06T20:54:27.604+05:30  INFO 16056 --- [RMI TCP Connection(43)-127.0.0.1] com.zaxxer.hikari.HikariDataSource       : HikariPool-1 - Shutdown completed.
2026-08-06T20:54:40.630+05:30  INFO 20732 --- [main] com.examind.ai.BackendApplication        : Starting BackendApplication using Java 19.0.2 with PID 20732 (F:\CDAC_2026_BATCH\CADC_FINAL_PROJECT_STUFF\cleancodewithmicroservices\examind-cleaned\backend\target\classes started by manep in F:\CDAC_2026_BATCH\CADC_FINAL_PROJECT_STUFF\cleancodewithmicroservices\examind-cleaned\backend)
2026-08-06T20:54:40.632+05:30  INFO 20732 --- [main] com.examind.ai.BackendApplication        : No active profile set, falling back to 1 default profile: "default"
2026-08-06T20:54:42.994+05:30  INFO 20732 --- [main] .s.d.r.c.RepositoryConfigurationDelegate : Bootstrapping Spring Data JPA repositories in DEFAULT mode.
2026-08-06T20:54:43.136+05:30  INFO 20732 --- [main] .s.d.r.c.RepositoryConfigurationDelegate : Finished Spring Data repository scanning in 132 ms. Found 20 JPA repository interfaces.
2026-08-06T20:54:43.952+05:30  INFO 20732 --- [main] o.s.b.w.embedded.tomcat.TomcatWebServer  : Tomcat initialized with port 5000 (http)
2026-08-06T20:54:43.967+05:30  INFO 20732 --- [main] o.apache.catalina.core.StandardService   : Starting service [Tomcat]
2026-08-06T20:54:43.968+05:30  INFO 20732 --- [main] o.apache.catalina.core.StandardEngine    : Starting Servlet engine: [Apache Tomcat/10.1.26]
2026-08-06T20:54:44.050+05:30  INFO 20732 --- [main] o.a.c.c.C.[Tomcat].[localhost].[/api]    : Initializing Spring embedded WebApplicationContext
2026-08-06T20:54:44.050+05:30  INFO 20732 --- [main] w.s.c.ServletWebServerApplicationContext : Root WebApplicationContext: initialization completed in 3335 ms
2026-08-06T20:54:44.257+05:30  INFO 20732 --- [main] o.hibernate.jpa.internal.util.LogHelper  : HHH000204: Processing PersistenceUnitInfo [name: default]
2026-08-06T20:54:44.323+05:30  INFO 20732 --- [main] org.hibernate.Version                    : HHH000412: Hibernate ORM core version 6.5.2.Final
2026-08-06T20:54:44.381+05:30  INFO 20732 --- [main] o.h.c.internal.RegionFactoryInitiator    : HHH000026: Second-level cache disabled
2026-08-06T20:54:44.686+05:30  INFO 20732 --- [main] o.s.o.j.p.SpringPersistenceUnitInfo      : No LoadTimeWeaver setup: ignoring JPA class transformer
2026-08-06T20:54:44.721+05:30  INFO 20732 --- [main] com.zaxxer.hikari.HikariDataSource       : HikariPool-1 - Starting...
2026-08-06T20:54:44.885+05:30  INFO 20732 --- [main] com.zaxxer.hikari.pool.HikariPool        : HikariPool-1 - Added connection com.mysql.cj.jdbc.ConnectionImpl@7b4619a3
2026-08-06T20:54:44.888+05:30  INFO 20732 --- [main] com.zaxxer.hikari.HikariDataSource       : HikariPool-1 - Start completed.
2026-08-06T20:54:44.977+05:30  WARN 20732 --- [main] org.hibernate.orm.deprecation            : HHH90000025: MySQLDialect does not need to be specified explicitly using 'hibernate.dialect' (remove the property setting and it will be selected by default)
2026-08-06T20:54:46.854+05:30  INFO 20732 --- [main] o.h.e.t.j.p.i.JtaPlatformInitiator       : HHH000489: No JTA platform available (set 'hibernate.transaction.jta.platform' to enable JTA platform integration)
2026-08-06T20:54:47.691+05:30  INFO 20732 --- [main] j.LocalContainerEntityManagerFactoryBean : Initialized JPA EntityManagerFactory for persistence unit 'default'
2026-08-06T20:54:48.384+05:30  INFO 20732 --- [main] o.s.d.j.r.query.QueryEnhancerFactory     : Hibernate is in classpath; If applicable, HQL parser will be used.
2026-08-06T20:54:52.248+05:30  WARN 20732 --- [main] JpaBaseConfiguration$JpaWebConfiguration : spring.jpa.open-in-view is enabled by default. Therefore, database queries may be performed during view rendering. Explicitly configure spring.jpa.open-in-view to disable this warning
2026-08-06T20:54:52.306+05:30  INFO 20732 --- [main] r$InitializeUserDetailsManagerConfigurer : Global AuthenticationManager configured with UserDetailsService bean with name customUserDetailsService
2026-08-06T20:54:53.187+05:30  INFO 20732 --- [main] o.s.b.w.embedded.tomcat.TomcatWebServer  : Tomcat started on port 5000 (http) with context path '/api'
2026-08-06T20:54:53.208+05:30  INFO 20732 --- [main] com.examind.ai.BackendApplication        : Started BackendApplication in 13.084 seconds (process running for 13.887)
2026-08-06T20:55:14.357+05:30  INFO 20732 --- [http-nio-5000-exec-2] o.a.c.c.C.[Tomcat].[localhost].[/api]    : Initializing Spring DispatcherServlet 'dispatcherServlet'
2026-08-06T20:55:14.357+05:30  INFO 20732 --- [http-nio-5000-exec-2] o.s.web.servlet.DispatcherServlet        : Initializing Servlet 'dispatcherServlet'
2026-08-06T20:55:14.362+05:30  INFO 20732 --- [http-nio-5000-exec-2] o.s.web.servlet.DispatcherServlet        : Completed initialization in 5 ms
2026-08-06T20:55:15.648+05:30  INFO 20732 --- [http-nio-5000-exec-5] c.e.a.controller.NotificationController  : Fetching notifications for user: cdacwptfeb2026@gmail.com
2026-08-06T20:55:15.846+05:30  INFO 20732 --- [http-nio-5000-exec-7] c.e.a.controller.NotificationController  : Fetching notifications for user: cdacwptfeb2026@gmail.com
2026-08-06T20:55:22.624+05:30  INFO 20732 --- [http-nio-5000-exec-2] c.e.ai.controller.AnalyticsController    : Loading personal analytics for student: cdacwptfeb2026@gmail.com
2026-08-06T20:55:22.627+05:30  INFO 20732 --- [http-nio-5000-exec-9] c.e.a.controller.NotificationController  : Fetching notifications for user: cdacwptfeb2026@gmail.com
2026-08-06T20:55:22.668+05:30  INFO 20732 --- [http-nio-5000-exec-10] c.e.a.controller.NotificationController  : Fetching notifications for user: cdacwptfeb2026@gmail.com
2026-08-06T20:55:22.881+05:30  INFO 20732 --- [http-nio-5000-exec-6] c.e.ai.controller.AnalyticsController    : Loading personal analytics for student: cdacwptfeb2026@gmail.com
2026-08-06T20:55:30.174+05:30  INFO 20732 --- [http-nio-5000-exec-3] c.e.a.controller.NotificationController  : Fetching notifications for user: cdacwptfeb2026@gmail.com
2026-08-06T20:55:30.208+05:30  INFO 20732 --- [http-nio-5000-exec-5] c.e.a.controller.NotificationController  : Fetching notifications for user: cdacwptfeb2026@gmail.com
2026-08-06T20:55:31.085+05:30  INFO 20732 --- [http-nio-5000-exec-4] c.e.a.controller.NotificationController  : Fetching notifications for user: cdacwptfeb2026@gmail.com
2026-08-06T20:55:31.100+05:30  INFO 20732 --- [http-nio-5000-exec-10] c.e.ai.service.impl.AttemptServiceImpl   : Loading attempts list for student: cdacwptfeb2026@gmail.com
2026-08-06T20:55:31.117+05:30  INFO 20732 --- [http-nio-5000-exec-2] c.e.ai.service.impl.QuizServiceImpl      : Loading quizzes for user: cdacwptfeb2026@gmail.com, role: student
2026-08-06T20:55:31.137+05:30  INFO 20732 --- [http-nio-5000-exec-6] c.e.a.controller.NotificationController  : Fetching notifications for user: cdacwptfeb2026@gmail.com
2026-08-06T20:55:31.249+05:30  INFO 20732 --- [http-nio-5000-exec-3] c.e.ai.service.impl.QuizServiceImpl      : Loading quizzes for user: cdacwptfeb2026@gmail.com, role: student
2026-08-06T20:55:31.273+05:30  INFO 20732 --- [http-nio-5000-exec-5] c.e.ai.service.impl.AttemptServiceImpl   : Loading attempts list for student: cdacwptfeb2026@gmail.com
2026-08-06T20:55:32.108+05:30  INFO 20732 --- [http-nio-5000-exec-1] c.e.a.controller.NotificationController  : Fetching notifications for user: cdacwptfeb2026@gmail.com
2026-08-06T20:55:32.110+05:30  INFO 20732 --- [http-nio-5000-exec-7] c.e.ai.service.impl.AttemptServiceImpl   : Loading attempts list for student: cdacwptfeb2026@gmail.com
2026-08-06T20:55:32.137+05:30  INFO 20732 --- [http-nio-5000-exec-8] c.e.a.controller.NotificationController  : Fetching notifications for user: cdacwptfeb2026@gmail.com
2026-08-06T20:55:32.192+05:30  INFO 20732 --- [http-nio-5000-exec-9] c.e.ai.service.impl.AttemptServiceImpl   : Loading attempts list for student: cdacwptfeb2026@gmail.com
2026-08-06T20:55:33.428+05:30  INFO 20732 --- [http-nio-5000-exec-4] c.e.a.controller.NotificationController  : Fetching notifications for user: cdacwptfeb2026@gmail.com
2026-08-06T20:55:33.430+05:30  INFO 20732 --- [http-nio-5000-exec-6] c.e.ai.controller.AnalyticsController    : Loading personal analytics for student: cdacwptfeb2026@gmail.com
2026-08-06T20:55:33.471+05:30  INFO 20732 --- [http-nio-5000-exec-2] c.e.a.controller.NotificationController  : Fetching notifications for user: cdacwptfeb2026@gmail.com
2026-08-06T20:55:33.502+05:30  INFO 20732 --- [http-nio-5000-exec-10] c.e.ai.controller.AnalyticsController    : Loading personal analytics for student: cdacwptfeb2026@gmail.com
2026-08-06T20:55:35.063+05:30  INFO 20732 --- [http-nio-5000-exec-3] c.e.a.controller.NotificationController  : Fetching notifications for user: cdacwptfeb2026@gmail.com
2026-08-06T20:55:35.064+05:30  INFO 20732 --- [http-nio-5000-exec-5] c.e.ai.service.impl.AttemptServiceImpl   : Loading attempts list for student: cdacwptfeb2026@gmail.com
2026-08-06T20:55:35.122+05:30  INFO 20732 --- [http-nio-5000-exec-1] c.e.a.controller.NotificationController  : Fetching notifications for user: cdacwptfeb2026@gmail.com
2026-08-06T20:55:35.144+05:30  INFO 20732 --- [http-nio-5000-exec-8] c.e.ai.service.impl.AttemptServiceImpl   : Loading attempts list for student: cdacwptfeb2026@gmail.com
2026-08-06T20:55:36.963+05:30  INFO 20732 --- [http-nio-5000-exec-7] c.e.a.controller.NotificationController  : Fetching notifications for user: cdacwptfeb2026@gmail.com
2026-08-06T20:55:37.000+05:30  INFO 20732 --- [http-nio-5000-exec-4] c.e.a.controller.NotificationController  : Fetching notifications for user: cdacwptfeb2026@gmail.com
2026-08-06T20:55:37.888+05:30  INFO 20732 --- [http-nio-5000-exec-10] c.e.a.controller.NotificationController  : Fetching notifications for user: cdacwptfeb2026@gmail.com
2026-08-06T20:55:37.888+05:30  INFO 20732 --- [http-nio-5000-exec-2] c.e.ai.controller.AnalyticsController    : Loading personal analytics for student: cdacwptfeb2026@gmail.com
2026-08-06T20:55:37.923+05:30  INFO 20732 --- [http-nio-5000-exec-3] c.e.a.controller.NotificationController  : Fetching notifications for user: cdacwptfeb2026@gmail.com
2026-08-06T20:55:37.945+05:30  INFO 20732 --- [http-nio-5000-exec-5] c.e.ai.controller.AnalyticsController    : Loading personal analytics for student: cdacwptfeb2026@gmail.com
2026-08-06T20:55:40.352+05:30  INFO 20732 --- [http-nio-5000-exec-1] c.e.a.controller.NotificationController  : Fetching notifications for user: cdacwptfeb2026@gmail.com
2026-08-06T20:55:40.369+05:30  INFO 20732 --- [http-nio-5000-exec-8] c.e.ai.service.impl.QuizServiceImpl      : Loading quizzes for user: cdacwptfeb2026@gmail.com, role: student
2026-08-06T20:55:40.381+05:30  INFO 20732 --- [http-nio-5000-exec-4] c.e.a.controller.NotificationController  : Fetching notifications for user: cdacwptfeb2026@gmail.com
2026-08-06T20:55:40.382+05:30  INFO 20732 --- [http-nio-5000-exec-7] c.e.ai.service.impl.AttemptServiceImpl   : Loading attempts list for student: cdacwptfeb2026@gmail.com
2026-08-06T20:55:40.451+05:30  INFO 20732 --- [http-nio-5000-exec-9] c.e.ai.service.impl.QuizServiceImpl      : Loading quizzes for user: cdacwptfeb2026@gmail.com, role: student
2026-08-06T20:55:40.458+05:30  INFO 20732 --- [http-nio-5000-exec-6] c.e.ai.service.impl.AttemptServiceImpl   : Loading attempts list for student: cdacwptfeb2026@gmail.com
2026-08-06T20:55:43.527+05:30  INFO 20732 --- [http-nio-5000-exec-10] c.e.a.controller.NotificationController  : Fetching notifications for user: cdacwptfeb2026@gmail.com
2026-08-06T20:55:43.543+05:30  INFO 20732 --- [http-nio-5000-exec-3] c.e.ai.service.impl.AttemptServiceImpl   : Loading details for attempt ID: 1
2026-08-06T20:55:43.573+05:30  INFO 20732 --- [http-nio-5000-exec-2] c.e.a.controller.NotificationController  : Fetching notifications for user: cdacwptfeb2026@gmail.com
2026-08-06T20:55:43.637+05:30  INFO 20732 --- [http-nio-5000-exec-8] c.e.ai.controller.CertificateController  : Request to get certificate for attempt ID: 1
2026-08-06T20:55:43.638+05:30  INFO 20732 --- [http-nio-5000-exec-4] c.e.ai.service.impl.AttemptServiceImpl   : Loading details for attempt ID: 1
2026-08-06T20:55:43.850+05:30  INFO 20732 --- [http-nio-5000-exec-7] c.e.ai.controller.CertificateController  : Request to get certificate for attempt ID: 1
2026-08-06T20:55:54.796+05:30 ERROR 20732 --- [http-nio-5000-exec-10] c.e.ai.service.impl.EmailServiceImpl     : Failed to send HTML email to maneprasad1610@gmail.com. Error: Failed messages: jakarta.mail.MessagingException: can't determine local email address
2026-08-06T20:55:54.796+05:30  INFO 20732 --- [http-nio-5000-exec-10] c.e.a.c.CommunicationController          : Result share email sent to: maneprasad1610@gmail.com
2026-08-06T20:56:56.265+05:30  INFO 20732 --- [http-nio-5000-exec-9] c.e.ai.service.impl.AuthServiceImpl      : User login attempt from IP: 0:0:0:0:0:0:0:1, email: maneprasad1610@gmail.com
2026-08-06T20:56:56.500+05:30  INFO 20732 --- [http-nio-5000-exec-9] c.e.ai.service.impl.AuthServiceImpl      : User logged in successfully: maneprasad1610@gmail.com
2026-08-06T20:56:56.694+05:30  INFO 20732 --- [http-nio-5000-exec-10] c.e.a.controller.NotificationController  : Fetching notifications for user: maneprasad1610@gmail.com
2026-08-06T20:56:56.755+05:30  INFO 20732 --- [http-nio-5000-exec-2] c.e.a.service.impl.DashboardServiceImpl  : Loading faculty dashboard for: maneprasad1610@gmail.com
2026-08-06T20:56:56.818+05:30  INFO 20732 --- [http-nio-5000-exec-3] c.e.a.controller.NotificationController  : Fetching notifications for user: maneprasad1610@gmail.com
2026-08-06T20:56:56.902+05:30  INFO 20732 --- [http-nio-5000-exec-4] c.e.a.service.impl.DashboardServiceImpl  : Loading faculty dashboard for: maneprasad1610@gmail.com
2026-08-06T20:56:59.381+05:30  INFO 20732 --- [http-nio-5000-exec-8] c.e.a.controller.NotificationController  : Fetching notifications for user: maneprasad1610@gmail.com
2026-08-06T20:56:59.398+05:30  INFO 20732 --- [http-nio-5000-exec-1] c.e.ai.service.impl.AdminServiceImpl     : Admin loading all groups
2026-08-06T20:56:59.413+05:30  INFO 20732 --- [http-nio-5000-exec-10] c.e.a.controller.NotificationController  : Fetching notifications for user: maneprasad1610@gmail.com
2026-08-06T20:56:59.453+05:30  INFO 20732 --- [http-nio-5000-exec-5] c.e.ai.service.impl.AdminServiceImpl     : Admin loading all groups
2026-08-06T20:57:00.544+05:30  INFO 20732 --- [http-nio-5000-exec-8] c.e.a.controller.NotificationController  : Fetching notifications for user: maneprasad1610@gmail.com
2026-08-06T20:57:00.581+05:30  INFO 20732 --- [http-nio-5000-exec-6] c.e.a.controller.NotificationController  : Fetching notifications for user: maneprasad1610@gmail.com
2026-08-06T20:57:01.401+05:30  INFO 20732 --- [http-nio-5000-exec-4] c.e.a.controller.NotificationController  : Fetching notifications for user: maneprasad1610@gmail.com
2026-08-06T20:57:01.402+05:30  INFO 20732 --- [http-nio-5000-exec-2] c.e.ai.service.impl.QuizServiceImpl      : Loading quizzes for user: maneprasad1610@gmail.com, role: faculty
2026-08-06T20:57:01.434+05:30  INFO 20732 --- [http-nio-5000-exec-9] c.e.a.controller.NotificationController  : Fetching notifications for user: maneprasad1610@gmail.com
2026-08-06T20:57:01.515+05:30  INFO 20732 --- [http-nio-5000-exec-7] c.e.ai.service.impl.QuizServiceImpl      : Loading quizzes for user: maneprasad1610@gmail.com, role: faculty
2026-08-06T20:57:02.360+05:30  INFO 20732 --- [http-nio-5000-exec-8] c.e.a.controller.NotificationController  : Fetching notifications for user: maneprasad1610@gmail.com
2026-08-06T20:57:02.386+05:30  INFO 20732 --- [http-nio-5000-exec-10] c.e.a.controller.NotificationController  : Fetching notifications for user: maneprasad1610@gmail.com
2026-08-06T20:57:03.601+05:30  INFO 20732 --- [http-nio-5000-exec-1] c.e.a.controller.NotificationController  : Fetching notifications for user: maneprasad1610@gmail.com
2026-08-06T20:57:03.602+05:30  INFO 20732 --- [http-nio-5000-exec-5] c.e.ai.service.impl.QuizServiceImpl      : Loading quizzes for user: maneprasad1610@gmail.com, role: faculty
2026-08-06T20:57:03.620+05:30  INFO 20732 --- [http-nio-5000-exec-6] c.e.a.controller.NotificationController  : Fetching notifications for user: maneprasad1610@gmail.com
2026-08-06T20:57:03.659+05:30  INFO 20732 --- [http-nio-5000-exec-3] c.e.ai.service.impl.QuizServiceImpl      : Loading quizzes for user: maneprasad1610@gmail.com, role: faculty
2026-08-06T20:57:05.290+05:30  INFO 20732 --- [http-nio-5000-exec-4] c.e.a.controller.NotificationController  : Fetching notifications for user: maneprasad1610@gmail.com
2026-08-06T20:57:05.295+05:30  INFO 20732 --- [http-nio-5000-exec-9] c.e.ai.service.impl.QuizServiceImpl      : Fetching results details for quiz ID: 1
2026-08-06T20:57:05.313+05:30  INFO 20732 --- [http-nio-5000-exec-8] c.e.ai.service.impl.QuizServiceImpl      : Loading quiz ID: 1 for user: maneprasad1610@gmail.com
2026-08-06T20:57:05.331+05:30  INFO 20732 --- [http-nio-5000-exec-10] c.e.a.controller.NotificationController  : Fetching notifications for user: maneprasad1610@gmail.com
2026-08-06T20:57:05.362+05:30  INFO 20732 --- [http-nio-5000-exec-1] c.e.ai.service.impl.QuizServiceImpl      : Fetching results details for quiz ID: 1
2026-08-06T20:57:05.372+05:30  INFO 20732 --- [http-nio-5000-exec-6] c.e.ai.service.impl.QuizServiceImpl      : Loading quiz ID: 1 for user: maneprasad1610@gmail.com
2026-08-06T20:58:19.531+05:30  INFO 20732 --- [http-nio-5000-exec-4] c.e.a.controller.NotificationController  : Fetching notifications for user: maneprasad1610@gmail.com
2026-08-06T20:58:19.553+05:30  INFO 20732 --- [http-nio-5000-exec-10] c.e.a.controller.NotificationController  : Fetching notifications for user: maneprasad1610@gmail.com
2026-08-06T20:58:20.356+05:30  INFO 20732 --- [http-nio-5000-exec-9] c.e.a.controller.NotificationController  : Fetching notifications for user: maneprasad1610@gmail.com
2026-08-06T20:58:20.381+05:30  INFO 20732 --- [http-nio-5000-exec-1] c.e.a.controller.NotificationController  : Fetching notifications for user: maneprasad1610@gmail.com
2026-08-06T20:58:21.977+05:30  INFO 20732 --- [http-nio-5000-exec-7] c.e.a.controller.NotificationController  : Fetching notifications for user: maneprasad1610@gmail.com
2026-08-06T20:58:22.001+05:30  INFO 20732 --- [http-nio-5000-exec-4] c.e.a.controller.NotificationController  : Fetching notifications for user: maneprasad1610@gmail.com
2026-08-06T20:58:23.667+05:30  INFO 20732 --- [http-nio-5000-exec-9] c.e.a.controller.NotificationController  : Fetching notifications for user: maneprasad1610@gmail.com
2026-08-06T20:58:23.694+05:30  INFO 20732 --- [http-nio-5000-exec-1] c.e.a.controller.NotificationController  : Fetching notifications for user: maneprasad1610@gmail.com
2026-08-06T20:58:24.567+05:30  INFO 20732 --- [http-nio-5000-exec-8] c.e.a.controller.NotificationController  : Fetching notifications for user: maneprasad1610@gmail.com
2026-08-06T20:58:24.575+05:30  INFO 20732 --- [http-nio-5000-exec-6] c.e.ai.service.impl.QuizServiceImpl      : Loading quizzes for user: maneprasad1610@gmail.com, role: faculty
2026-08-06T20:58:24.626+05:30  INFO 20732 --- [http-nio-5000-exec-5] c.e.a.controller.NotificationController  : Fetching notifications for user: maneprasad1610@gmail.com
2026-08-06T20:58:24.684+05:30  INFO 20732 --- [http-nio-5000-exec-3] c.e.ai.service.impl.QuizServiceImpl      : Loading quizzes for user: maneprasad1610@gmail.com, role: faculty
2026-08-06T20:58:24.690+05:30  INFO 20732 --- [http-nio-5000-exec-7] c.e.ai.controller.AnalyticsController    : Loading analytics for quiz ID: 1 by: maneprasad1610@gmail.com
2026-08-06T20:58:29.560+05:30  INFO 20732 --- [http-nio-5000-exec-4] c.e.a.controller.NotificationController  : Fetching notifications for user: maneprasad1610@gmail.com
2026-08-06T20:58:29.579+05:30  INFO 20732 --- [http-nio-5000-exec-10] c.e.ai.service.impl.AdminServiceImpl     : Admin loading all groups
2026-08-06T20:58:29.606+05:30  INFO 20732 --- [http-nio-5000-exec-9] c.e.a.controller.NotificationController  : Fetching notifications for user: maneprasad1610@gmail.com
2026-08-06T20:58:29.614+05:30  INFO 20732 --- [http-nio-5000-exec-8] c.e.ai.service.impl.AdminServiceImpl     : Admin loading all groups
2026-08-06T20:58:30.623+05:30  INFO 20732 --- [http-nio-5000-exec-5] c.e.a.controller.NotificationController  : Fetching notifications for user: maneprasad1610@gmail.com
2026-08-06T20:58:30.638+05:30  INFO 20732 --- [http-nio-5000-exec-6] c.e.a.service.impl.DashboardServiceImpl  : Loading faculty dashboard for: maneprasad1610@gmail.com
2026-08-06T20:58:30.645+05:30  INFO 20732 --- [http-nio-5000-exec-3] c.e.a.controller.NotificationController  : Fetching notifications for user: maneprasad1610@gmail.com
2026-08-06T20:58:30.700+05:30  INFO 20732 --- [http-nio-5000-exec-7] c.e.a.service.impl.DashboardServiceImpl  : Loading faculty dashboard for: maneprasad1610@gmail.com
2026-08-06T20:58:33.344+05:30  INFO 20732 --- [http-nio-5000-exec-4] c.e.a.controller.NotificationController  : Fetching notifications for user: maneprasad1610@gmail.com
2026-08-06T20:58:33.364+05:30  INFO 20732 --- [http-nio-5000-exec-2] c.e.a.controller.NotificationController  : Fetching notifications for user: maneprasad1610@gmail.com
2026-08-06T21:04:21.247+05:30  INFO 20732 --- [RMI TCP Connection(19)-127.0.0.1] inMXBeanRegistrar$SpringApplicationAdmin : Application shutdown requested.
2026-08-06T21:04:21.340+05:30  INFO 20732 --- [RMI TCP Connection(19)-127.0.0.1] j.LocalContainerEntityManagerFactoryBean : Closing JPA EntityManagerFactory for persistence unit 'default'
2026-08-06T21:04:21.344+05:30  INFO 20732 --- [RMI TCP Connection(19)-127.0.0.1] com.zaxxer.hikari.HikariDataSource       : HikariPool-1 - Shutdown initiated...
2026-08-06T21:04:21.356+05:30  INFO 20732 --- [RMI TCP Connection(19)-127.0.0.1] com.zaxxer.hikari.HikariDataSource       : HikariPool-1 - Shutdown completed.
2026-08-06T21:04:30.318+05:30  INFO 9960 --- [main] com.examind.ai.BackendApplication        : Starting BackendApplication using Java 19.0.2 with PID 9960 (F:\CDAC_2026_BATCH\CADC_FINAL_PROJECT_STUFF\cleancodewithmicroservices\examind-cleaned\backend\target\classes started by manep in F:\CDAC_2026_BATCH\CADC_FINAL_PROJECT_STUFF\cleancodewithmicroservices\examind-cleaned\backend)
2026-08-06T21:04:30.322+05:30  INFO 9960 --- [main] com.examind.ai.BackendApplication        : No active profile set, falling back to 1 default profile: "default"
2026-08-06T21:04:32.058+05:30  INFO 9960 --- [main] .s.d.r.c.RepositoryConfigurationDelegate : Bootstrapping Spring Data JPA repositories in DEFAULT mode.
2026-08-06T21:04:32.196+05:30  INFO 9960 --- [main] .s.d.r.c.RepositoryConfigurationDelegate : Finished Spring Data repository scanning in 128 ms. Found 20 JPA repository interfaces.
2026-08-06T21:04:32.868+05:30  INFO 9960 --- [main] o.s.b.w.embedded.tomcat.TomcatWebServer  : Tomcat initialized with port 5000 (http)
2026-08-06T21:04:32.883+05:30  INFO 9960 --- [main] o.apache.catalina.core.StandardService   : Starting service [Tomcat]
2026-08-06T21:04:32.884+05:30  INFO 9960 --- [main] o.apache.catalina.core.StandardEngine    : Starting Servlet engine: [Apache Tomcat/10.1.26]
2026-08-06T21:04:32.983+05:30  INFO 9960 --- [main] o.a.c.c.C.[Tomcat].[localhost].[/api]    : Initializing Spring embedded WebApplicationContext
2026-08-06T21:04:32.984+05:30  INFO 9960 --- [main] w.s.c.ServletWebServerApplicationContext : Root WebApplicationContext: initialization completed in 2587 ms
2026-08-06T21:04:33.191+05:30  INFO 9960 --- [main] o.hibernate.jpa.internal.util.LogHelper  : HHH000204: Processing PersistenceUnitInfo [name: default]
2026-08-06T21:04:33.270+05:30  INFO 9960 --- [main] org.hibernate.Version                    : HHH000412: Hibernate ORM core version 6.5.2.Final
2026-08-06T21:04:33.314+05:30  INFO 9960 --- [main] o.h.c.internal.RegionFactoryInitiator    : HHH000026: Second-level cache disabled
2026-08-06T21:04:33.636+05:30  INFO 9960 --- [main] o.s.o.j.p.SpringPersistenceUnitInfo      : No LoadTimeWeaver setup: ignoring JPA class transformer
2026-08-06T21:04:33.670+05:30  INFO 9960 --- [main] com.zaxxer.hikari.HikariDataSource       : HikariPool-1 - Starting...
2026-08-06T21:04:33.838+05:30  INFO 9960 --- [main] com.zaxxer.hikari.pool.HikariPool        : HikariPool-1 - Added connection com.mysql.cj.jdbc.ConnectionImpl@5a2035e1
2026-08-06T21:04:33.841+05:30  INFO 9960 --- [main] com.zaxxer.hikari.HikariDataSource       : HikariPool-1 - Start completed.
2026-08-06T21:04:33.924+05:30  WARN 9960 --- [main] org.hibernate.orm.deprecation            : HHH90000025: MySQLDialect does not need to be specified explicitly using 'hibernate.dialect' (remove the property setting and it will be selected by default)
2026-08-06T21:04:35.850+05:30  INFO 9960 --- [main] o.h.e.t.j.p.i.JtaPlatformInitiator       : HHH000489: No JTA platform available (set 'hibernate.transaction.jta.platform' to enable JTA platform integration)
2026-08-06T21:04:36.572+05:30  INFO 9960 --- [main] j.LocalContainerEntityManagerFactoryBean : Initialized JPA EntityManagerFactory for persistence unit 'default'
2026-08-06T21:04:36.852+05:30  INFO 9960 --- [main] o.s.d.j.r.query.QueryEnhancerFactory     : Hibernate is in classpath; If applicable, HQL parser will be used.
2026-08-06T21:04:38.855+05:30  WARN 9960 --- [main] JpaBaseConfiguration$JpaWebConfiguration : spring.jpa.open-in-view is enabled by default. Therefore, database queries may be performed during view rendering. Explicitly configure spring.jpa.open-in-view to disable this warning
2026-08-06T21:04:38.904+05:30  INFO 9960 --- [main] r$InitializeUserDetailsManagerConfigurer : Global AuthenticationManager configured with UserDetailsService bean with name customUserDetailsService
2026-08-06T21:04:39.092+05:30  WARN 9960 --- [main] ConfigServletWebServerApplicationContext : Exception encountered during context initialization - cancelling refresh attempt: org.springframework.beans.factory.BeanCreationException: Error creating bean with name 'org.springframework.security.config.annotation.web.configuration.WebSecurityConfiguration': Injection of autowired dependencies failed
2026-08-06T21:04:39.095+05:30  INFO 9960 --- [main] j.LocalContainerEntityManagerFactoryBean : Closing JPA EntityManagerFactory for persistence unit 'default'
2026-08-06T21:04:39.097+05:30  INFO 9960 --- [main] com.zaxxer.hikari.HikariDataSource       : HikariPool-1 - Shutdown initiated...
2026-08-06T21:04:39.106+05:30  INFO 9960 --- [main] com.zaxxer.hikari.HikariDataSource       : HikariPool-1 - Shutdown completed.
2026-08-06T21:04:39.108+05:30  INFO 9960 --- [main] o.apache.catalina.core.StandardService   : Stopping service [Tomcat]
2026-08-06T21:04:39.123+05:30  INFO 9960 --- [main] .s.b.a.l.ConditionEvaluationReportLogger : 

Error starting ApplicationContext. To display the condition evaluation report re-run your application with 'debug' enabled.
2026-08-06T21:04:39.152+05:30 ERROR 9960 --- [main] o.s.boot.SpringApplication               : Application run failed

org.springframework.beans.factory.BeanCreationException: Error creating bean with name 'org.springframework.security.config.annotation.web.configuration.WebSecurityConfiguration': Injection of autowired dependencies failed
	at org.springframework.beans.factory.annotation.AutowiredAnnotationBeanPostProcessor.postProcessProperties(AutowiredAnnotationBeanPostProcessor.java:514)
	at org.springframework.beans.factory.support.AbstractAutowireCapableBeanFactory.populateBean(AbstractAutowireCapableBeanFactory.java:1439)
	at org.springframework.beans.factory.support.AbstractAutowireCapableBeanFactory.doCreateBean(AbstractAutowireCapableBeanFactory.java:599)
	at org.springframework.beans.factory.support.AbstractAutowireCapableBeanFactory.createBean(AbstractAutowireCapableBeanFactory.java:522)
	at org.springframework.beans.factory.support.AbstractBeanFactory.lambda$doGetBean$0(AbstractBeanFactory.java:337)
	at org.springframework.beans.factory.support.DefaultSingletonBeanRegistry.getSingleton(DefaultSingletonBeanRegistry.java:234)
	at org.springframework.beans.factory.support.AbstractBeanFactory.doGetBean(AbstractBeanFactory.java:335)
	at org.springframework.beans.factory.support.AbstractBeanFactory.getBean(AbstractBeanFactory.java:200)
	at org.springframework.beans.factory.support.DefaultListableBeanFactory.preInstantiateSingletons(DefaultListableBeanFactory.java:975)
	at org.springframework.context.support.AbstractApplicationContext.finishBeanFactoryInitialization(AbstractApplicationContext.java:971)
	at org.springframework.context.support.AbstractApplicationContext.refresh(AbstractApplicationContext.java:625)
	at org.springframework.boot.web.servlet.context.ServletWebServerApplicationContext.refresh(ServletWebServerApplicationContext.java:146)
	at org.springframework.boot.SpringApplication.refresh(SpringApplication.java:754)
	at org.springframework.boot.SpringApplication.refreshContext(SpringApplication.java:456)
	at org.springframework.boot.SpringApplication.run(SpringApplication.java:335)
	at org.springframework.boot.SpringApplication.run(SpringApplication.java:1363)
	at org.springframework.boot.SpringApplication.run(SpringApplication.java:1352)
	at com.examind.ai.BackendApplication.main(BackendApplication.java:15)
Caused by: java.lang.RuntimeException: Could not postProcess org.springframework.security.config.annotation.web.builders.WebSecurity@f78414f of type class org.springframework.security.config.annotation.web.builders.WebSecurity
	at org.springframework.security.config.annotation.configuration.AutowireBeanFactoryObjectPostProcessor.postProcess(AutowireBeanFactoryObjectPostProcessor.java:71)
	at org.springframework.security.config.annotation.web.configuration.WebSecurityConfiguration.setFilterChainProxySecurityConfigurer(WebSecurityConfiguration.java:148)
	at java.base/jdk.internal.reflect.DirectMethodHandleAccessor.invoke(DirectMethodHandleAccessor.java:104)
	at java.base/java.lang.reflect.Method.invoke(Method.java:578)
	at org.springframework.beans.factory.annotation.AutowiredAnnotationBeanPostProcessor$AutowiredMethodElement.inject(AutowiredAnnotationBeanPostProcessor.java:853)
	at org.springframework.beans.factory.annotation.InjectionMetadata.inject(InjectionMetadata.java:145)
	at org.springframework.beans.factory.annotation.AutowiredAnnotationBeanPostProcessor.postProcessProperties(AutowiredAnnotationBeanPostProcessor.java:508)
	... 17 common frames omitted
Caused by: org.springframework.beans.factory.BeanCreationException: Error creating bean with name 'mvcHandlerMappingIntrospectorRequestTransformer': Cannot resolve reference to bean 'mvcHandlerMappingIntrospector' while setting constructor argument
	at org.springframework.beans.factory.support.BeanDefinitionValueResolver.resolveReference(BeanDefinitionValueResolver.java:377)
	at org.springframework.beans.factory.support.BeanDefinitionValueResolver.resolveValueIfNecessary(BeanDefinitionValueResolver.java:135)
	at org.springframework.beans.factory.support.ConstructorResolver.resolveConstructorArguments(ConstructorResolver.java:682)
	at org.springframework.beans.factory.support.ConstructorResolver.autowireConstructor(ConstructorResolver.java:203)
	at org.springframework.beans.factory.support.AbstractAutowireCapableBeanFactory.autowireConstructor(AbstractAutowireCapableBeanFactory.java:1375)
	at org.springframework.beans.factory.support.AbstractAutowireCapableBeanFactory.createBeanInstance(AbstractAutowireCapableBeanFactory.java:1212)
	at org.springframework.beans.factory.support.AbstractAutowireCapableBeanFactory.doCreateBean(AbstractAutowireCapableBeanFactory.java:562)
	at org.springframework.beans.factory.support.AbstractAutowireCapableBeanFactory.createBean(AbstractAutowireCapableBeanFactory.java:522)
	at org.springframework.beans.factory.support.AbstractBeanFactory.lambda$doGetBean$0(AbstractBeanFactory.java:337)
	at org.springframework.beans.factory.support.DefaultSingletonBeanRegistry.getSingleton(DefaultSingletonBeanRegistry.java:234)
	at org.springframework.beans.factory.support.AbstractBeanFactory.doGetBean(AbstractBeanFactory.java:335)
	at org.springframework.beans.factory.support.AbstractBeanFactory.getBean(AbstractBeanFactory.java:225)
	at org.springframework.beans.factory.support.DefaultListableBeanFactory.resolveNamedBean(DefaultListableBeanFactory.java:1323)
	at org.springframework.beans.factory.support.DefaultListableBeanFactory.resolveNamedBean(DefaultListableBeanFactory.java:1284)
	at org.springframework.beans.factory.support.DefaultListableBeanFactory.resolveBean(DefaultListableBeanFactory.java:486)
	at org.springframework.beans.factory.support.DefaultListableBeanFactory$1.getIfUnique(DefaultListableBeanFactory.java:438)
	at org.springframework.security.config.annotation.web.builders.WebSecurity.setApplicationContext(WebSecurity.java:397)
	at org.springframework.context.support.ApplicationContextAwareProcessor.invokeAwareInterfaces(ApplicationContextAwareProcessor.java:110)
	at org.springframework.context.support.ApplicationContextAwareProcessor.postProcessBeforeInitialization(ApplicationContextAwareProcessor.java:85)
	at org.springframework.beans.factory.support.AbstractAutowireCapableBeanFactory.applyBeanPostProcessorsBeforeInitialization(AbstractAutowireCapableBeanFactory.java:422)
	at org.springframework.beans.factory.support.AbstractAutowireCapableBeanFactory.initializeBean(AbstractAutowireCapableBeanFactory.java:1798)
	at org.springframework.beans.factory.support.AbstractAutowireCapableBeanFactory.initializeBean(AbstractAutowireCapableBeanFactory.java:412)
	at org.springframework.security.config.annotation.configuration.AutowireBeanFactoryObjectPostProcessor.initializeBeanIfNeeded(AutowireBeanFactoryObjectPostProcessor.java:98)
	at org.springframework.security.config.annotation.configuration.AutowireBeanFactoryObjectPostProcessor.postProcess(AutowireBeanFactoryObjectPostProcessor.java:67)
	... 23 common frames omitted
Caused by: org.springframework.beans.factory.BeanCreationException: Error creating bean with name 'mvcHandlerMappingIntrospector' defined in class path resource [org/springframework/boot/autoconfigure/web/servlet/WebMvcAutoConfiguration$EnableWebMvcConfiguration.class]: Error creating bean with name 'requestMappingHandlerMapping' defined in class path resource [org/springframework/boot/autoconfigure/web/servlet/WebMvcAutoConfiguration$EnableWebMvcConfiguration.class]: Ambiguous mapping. Cannot map 'quizController' method 
com.examind.ai.controller.QuizController#getDiscussions(Long, UserDetails)
to {GET [/quizzes/{id}/discussions]}: There is already 'communicationController' bean method
com.examind.ai.controller.CommunicationController#getQuizDiscussions(Long) mapped.
	at org.springframework.beans.factory.support.AbstractAutowireCapableBeanFactory.initializeBean(AbstractAutowireCapableBeanFactory.java:1806)
	at org.springframework.beans.factory.support.AbstractAutowireCapableBeanFactory.doCreateBean(AbstractAutowireCapableBeanFactory.java:600)
	at org.springframework.beans.factory.support.AbstractAutowireCapableBeanFactory.createBean(AbstractAutowireCapableBeanFactory.java:522)
	at org.springframework.beans.factory.support.AbstractBeanFactory.lambda$doGetBean$0(AbstractBeanFactory.java:337)
	at org.springframework.beans.factory.support.DefaultSingletonBeanRegistry.getSingleton(DefaultSingletonBeanRegistry.java:234)
	at org.springframework.beans.factory.support.AbstractBeanFactory.doGetBean(AbstractBeanFactory.java:335)
	at org.springframework.beans.factory.support.AbstractBeanFactory.getBean(AbstractBeanFactory.java:200)
	at org.springframework.beans.factory.support.BeanDefinitionValueResolver.resolveReference(BeanDefinitionValueResolver.java:365)
	... 46 common frames omitted
Caused by: org.springframework.beans.factory.BeanCreationException: Error creating bean with name 'requestMappingHandlerMapping' defined in class path resource [org/springframework/boot/autoconfigure/web/servlet/WebMvcAutoConfiguration$EnableWebMvcConfiguration.class]: Ambiguous mapping. Cannot map 'quizController' method 
com.examind.ai.controller.QuizController#getDiscussions(Long, UserDetails)
to {GET [/quizzes/{id}/discussions]}: There is already 'communicationController' bean method
com.examind.ai.controller.CommunicationController#getQuizDiscussions(Long) mapped.
	at org.springframework.beans.factory.support.AbstractAutowireCapableBeanFactory.initializeBean(AbstractAutowireCapableBeanFactory.java:1806)
	at org.springframework.beans.factory.support.AbstractAutowireCapableBeanFactory.doCreateBean(AbstractAutowireCapableBeanFactory.java:600)
	at org.springframework.beans.factory.support.AbstractAutowireCapableBeanFactory.createBean(AbstractAutowireCapableBeanFactory.java:522)
	at org.springframework.beans.factory.support.AbstractBeanFactory.lambda$doGetBean$0(AbstractBeanFactory.java:337)
	at org.springframework.beans.factory.support.DefaultSingletonBeanRegistry.getSingleton(DefaultSingletonBeanRegistry.java:234)
	at org.springframework.beans.factory.support.AbstractBeanFactory.doGetBean(AbstractBeanFactory.java:335)
	at org.springframework.beans.factory.support.AbstractBeanFactory.getBean(AbstractBeanFactory.java:200)
	at org.springframework.beans.factory.support.DefaultListableBeanFactory.getBeansOfType(DefaultListableBeanFactory.java:665)
	at org.springframework.context.support.AbstractApplicationContext.getBeansOfType(AbstractApplicationContext.java:1397)
	at org.springframework.beans.factory.BeanFactoryUtils.beansOfTypeIncludingAncestors(BeanFactoryUtils.java:368)
	at org.springframework.web.servlet.handler.HandlerMappingIntrospector.initHandlerMappings(HandlerMappingIntrospector.java:130)
	at org.springframework.web.servlet.handler.HandlerMappingIntrospector.afterPropertiesSet(HandlerMappingIntrospector.java:118)
	at org.springframework.beans.factory.support.AbstractAutowireCapableBeanFactory.invokeInitMethods(AbstractAutowireCapableBeanFactory.java:1853)
	at org.springframework.beans.factory.support.AbstractAutowireCapableBeanFactory.initializeBean(AbstractAutowireCapableBeanFactory.java:1802)
	... 53 common frames omitted
Caused by: java.lang.IllegalStateException: Ambiguous mapping. Cannot map 'quizController' method 
com.examind.ai.controller.QuizController#getDiscussions(Long, UserDetails)
to {GET [/quizzes/{id}/discussions]}: There is already 'communicationController' bean method
com.examind.ai.controller.CommunicationController#getQuizDiscussions(Long) mapped.
	at org.springframework.web.servlet.handler.AbstractHandlerMethodMapping$MappingRegistry.validateMethodMapping(AbstractHandlerMethodMapping.java:674)
	at org.springframework.web.servlet.handler.AbstractHandlerMethodMapping$MappingRegistry.register(AbstractHandlerMethodMapping.java:636)
	at org.springframework.web.servlet.handler.AbstractHandlerMethodMapping.registerHandlerMethod(AbstractHandlerMethodMapping.java:331)
	at org.springframework.web.servlet.mvc.method.annotation.RequestMappingHandlerMapping.registerHandlerMethod(RequestMappingHandlerMapping.java:508)
	at org.springframework.web.servlet.mvc.method.annotation.RequestMappingHandlerMapping.registerHandlerMethod(RequestMappingHandlerMapping.java:84)
	at org.springframework.web.servlet.handler.AbstractHandlerMethodMapping.lambda$detectHandlerMethods$2(AbstractHandlerMethodMapping.java:298)
	at java.base/java.util.LinkedHashMap.forEach(LinkedHashMap.java:729)
	at org.springframework.web.servlet.handler.AbstractHandlerMethodMapping.detectHandlerMethods(AbstractHandlerMethodMapping.java:296)
	at org.springframework.web.servlet.handler.AbstractHandlerMethodMapping.processCandidateBean(AbstractHandlerMethodMapping.java:265)
	at org.springframework.web.servlet.handler.AbstractHandlerMethodMapping.initHandlerMethods(AbstractHandlerMethodMapping.java:224)
	at org.springframework.web.servlet.handler.AbstractHandlerMethodMapping.afterPropertiesSet(AbstractHandlerMethodMapping.java:212)
	at org.springframework.web.servlet.mvc.method.annotation.RequestMappingHandlerMapping.afterPropertiesSet(RequestMappingHandlerMapping.java:239)
	at org.springframework.beans.factory.support.AbstractAutowireCapableBeanFactory.invokeInitMethods(AbstractAutowireCapableBeanFactory.java:1853)
	at org.springframework.beans.factory.support.AbstractAutowireCapableBeanFactory.initializeBean(AbstractAutowireCapableBeanFactory.java:1802)
	... 66 common frames omitted

2026-08-06T21:06:01.124+05:30  INFO 19232 --- [main] com.examind.ai.BackendApplication        : Starting BackendApplication using Java 19.0.2 with PID 19232 (F:\CDAC_2026_BATCH\CADC_FINAL_PROJECT_STUFF\cleancodewithmicroservices\examind-cleaned\backend\target\classes started by manep in F:\CDAC_2026_BATCH\CADC_FINAL_PROJECT_STUFF\cleancodewithmicroservices\examind-cleaned\backend)
2026-08-06T21:06:01.127+05:30  INFO 19232 --- [main] com.examind.ai.BackendApplication        : No active profile set, falling back to 1 default profile: "default"
2026-08-06T21:06:02.120+05:30  INFO 19232 --- [main] .s.d.r.c.RepositoryConfigurationDelegate : Bootstrapping Spring Data JPA repositories in DEFAULT mode.
2026-08-06T21:06:02.266+05:30  INFO 19232 --- [main] .s.d.r.c.RepositoryConfigurationDelegate : Finished Spring Data repository scanning in 134 ms. Found 20 JPA repository interfaces.
2026-08-06T21:06:02.936+05:30  INFO 19232 --- [main] o.s.b.w.embedded.tomcat.TomcatWebServer  : Tomcat initialized with port 5000 (http)
2026-08-06T21:06:02.952+05:30  INFO 19232 --- [main] o.apache.catalina.core.StandardService   : Starting service [Tomcat]
2026-08-06T21:06:02.953+05:30  INFO 19232 --- [main] o.apache.catalina.core.StandardEngine    : Starting Servlet engine: [Apache Tomcat/10.1.26]
2026-08-06T21:06:03.037+05:30  INFO 19232 --- [main] o.a.c.c.C.[Tomcat].[localhost].[/api]    : Initializing Spring embedded WebApplicationContext
2026-08-06T21:06:03.037+05:30  INFO 19232 --- [main] w.s.c.ServletWebServerApplicationContext : Root WebApplicationContext: initialization completed in 1827 ms
2026-08-06T21:06:03.239+05:30  INFO 19232 --- [main] o.hibernate.jpa.internal.util.LogHelper  : HHH000204: Processing PersistenceUnitInfo [name: default]
2026-08-06T21:06:03.319+05:30  INFO 19232 --- [main] org.hibernate.Version                    : HHH000412: Hibernate ORM core version 6.5.2.Final
2026-08-06T21:06:03.365+05:30  INFO 19232 --- [main] o.h.c.internal.RegionFactoryInitiator    : HHH000026: Second-level cache disabled
2026-08-06T21:06:03.676+05:30  INFO 19232 --- [main] o.s.o.j.p.SpringPersistenceUnitInfo      : No LoadTimeWeaver setup: ignoring JPA class transformer
2026-08-06T21:06:03.707+05:30  INFO 19232 --- [main] com.zaxxer.hikari.HikariDataSource       : HikariPool-1 - Starting...
2026-08-06T21:06:03.901+05:30  INFO 19232 --- [main] com.zaxxer.hikari.pool.HikariPool        : HikariPool-1 - Added connection com.mysql.cj.jdbc.ConnectionImpl@5a2035e1
2026-08-06T21:06:03.905+05:30  INFO 19232 --- [main] com.zaxxer.hikari.HikariDataSource       : HikariPool-1 - Start completed.
2026-08-06T21:06:03.967+05:30  WARN 19232 --- [main] org.hibernate.orm.deprecation            : HHH90000025: MySQLDialect does not need to be specified explicitly using 'hibernate.dialect' (remove the property setting and it will be selected by default)
2026-08-06T21:06:05.662+05:30  INFO 19232 --- [main] o.h.e.t.j.p.i.JtaPlatformInitiator       : HHH000489: No JTA platform available (set 'hibernate.transaction.jta.platform' to enable JTA platform integration)
2026-08-06T21:06:06.381+05:30  INFO 19232 --- [main] j.LocalContainerEntityManagerFactoryBean : Initialized JPA EntityManagerFactory for persistence unit 'default'
2026-08-06T21:06:06.664+05:30  INFO 19232 --- [main] o.s.d.j.r.query.QueryEnhancerFactory     : Hibernate is in classpath; If applicable, HQL parser will be used.
2026-08-06T21:06:08.709+05:30  WARN 19232 --- [main] JpaBaseConfiguration$JpaWebConfiguration : spring.jpa.open-in-view is enabled by default. Therefore, database queries may be performed during view rendering. Explicitly configure spring.jpa.open-in-view to disable this warning
2026-08-06T21:06:08.749+05:30  INFO 19232 --- [main] r$InitializeUserDetailsManagerConfigurer : Global AuthenticationManager configured with UserDetailsService bean with name customUserDetailsService
2026-08-06T21:06:09.687+05:30  INFO 19232 --- [main] o.s.b.w.embedded.tomcat.TomcatWebServer  : Tomcat started on port 5000 (http) with context path '/api'
2026-08-06T21:06:09.708+05:30  INFO 19232 --- [main] com.examind.ai.BackendApplication        : Started BackendApplication in 9.097 seconds (process running for 9.96)
2026-08-06T21:06:44.862+05:30  INFO 19232 --- [http-nio-5000-exec-3] o.a.c.c.C.[Tomcat].[localhost].[/api]    : Initializing Spring DispatcherServlet 'dispatcherServlet'
2026-08-06T21:06:44.862+05:30  INFO 19232 --- [http-nio-5000-exec-3] o.s.web.servlet.DispatcherServlet        : Initializing Servlet 'dispatcherServlet'
2026-08-06T21:06:44.867+05:30  INFO 19232 --- [http-nio-5000-exec-3] o.s.web.servlet.DispatcherServlet        : Completed initialization in 4 ms
2026-08-06T21:06:46.110+05:30  INFO 19232 --- [http-nio-5000-exec-9] c.e.a.controller.NotificationController  : Fetching notifications for user: maneprasad1610@gmail.com
2026-08-06T21:06:46.227+05:30  INFO 19232 --- [http-nio-5000-exec-10] c.e.a.controller.NotificationController  : Fetching notifications for user: maneprasad1610@gmail.com
2026-08-06T21:06:49.716+05:30  INFO 19232 --- [http-nio-5000-exec-2] c.e.a.controller.NotificationController  : Fetching notifications for user: maneprasad1610@gmail.com
2026-08-06T21:06:49.729+05:30  INFO 19232 --- [http-nio-5000-exec-1] c.e.ai.service.impl.AdminServiceImpl     : Admin loading all groups
2026-08-06T21:06:49.767+05:30  INFO 19232 --- [http-nio-5000-exec-5] c.e.ai.service.impl.AdminServiceImpl     : Admin loading all groups
2026-08-06T21:06:49.774+05:30  INFO 19232 --- [http-nio-5000-exec-4] c.e.a.controller.NotificationController  : Fetching notifications for user: maneprasad1610@gmail.com
2026-08-06T21:06:50.635+05:30  INFO 19232 --- [http-nio-5000-exec-7] c.e.a.controller.NotificationController  : Fetching notifications for user: maneprasad1610@gmail.com
2026-08-06T21:06:50.707+05:30  INFO 19232 --- [http-nio-5000-exec-2] c.e.a.controller.NotificationController  : Fetching notifications for user: maneprasad1610@gmail.com
2026-08-06T21:06:51.475+05:30  INFO 19232 --- [http-nio-5000-exec-5] c.e.a.controller.NotificationController  : Fetching notifications for user: maneprasad1610@gmail.com
2026-08-06T21:06:51.501+05:30  INFO 19232 --- [http-nio-5000-exec-4] c.e.ai.service.impl.QuizServiceImpl      : Loading quizzes for user: maneprasad1610@gmail.com, role: faculty
2026-08-06T21:06:51.505+05:30  INFO 19232 --- [http-nio-5000-exec-3] c.e.a.controller.NotificationController  : Fetching notifications for user: maneprasad1610@gmail.com
2026-08-06T21:06:51.750+05:30  INFO 19232 --- [http-nio-5000-exec-6] c.e.ai.service.impl.QuizServiceImpl      : Loading quizzes for user: maneprasad1610@gmail.com, role: faculty
2026-08-06T21:06:57.510+05:30  INFO 19232 --- [http-nio-5000-exec-8] c.e.a.controller.NotificationController  : Fetching notifications for user: maneprasad1610@gmail.com
2026-08-06T21:06:57.542+05:30  INFO 19232 --- [http-nio-5000-exec-7] c.e.a.controller.NotificationController  : Fetching notifications for user: maneprasad1610@gmail.com
2026-08-06T21:06:58.423+05:30  INFO 19232 --- [http-nio-5000-exec-9] c.e.a.controller.NotificationController  : Fetching notifications for user: maneprasad1610@gmail.com
2026-08-06T21:06:58.456+05:30  INFO 19232 --- [http-nio-5000-exec-2] c.e.a.controller.NotificationController  : Fetching notifications for user: maneprasad1610@gmail.com
2026-08-06T21:07:00.958+05:30  INFO 19232 --- [http-nio-5000-exec-3] c.e.ai.service.impl.QuizServiceImpl      : Loading quizzes for user: maneprasad1610@gmail.com, role: faculty
2026-08-06T21:07:00.959+05:30  INFO 19232 --- [http-nio-5000-exec-5] c.e.a.controller.NotificationController  : Fetching notifications for user: maneprasad1610@gmail.com
2026-08-06T21:07:01.000+05:30  INFO 19232 --- [http-nio-5000-exec-4] c.e.a.controller.NotificationController  : Fetching notifications for user: maneprasad1610@gmail.com
2026-08-06T21:07:01.075+05:30  INFO 19232 --- [http-nio-5000-exec-3] c.e.ai.service.impl.QuizServiceImpl      : Loading quizzes for user: maneprasad1610@gmail.com, role: faculty
2026-08-06T21:07:01.116+05:30  INFO 19232 --- [http-nio-5000-exec-8] c.e.ai.controller.AnalyticsController    : Loading analytics for quiz ID: 1 by: maneprasad1610@gmail.com
2026-08-06T21:07:04.131+05:30  INFO 19232 --- [http-nio-5000-exec-7] c.e.a.controller.NotificationController  : Fetching notifications for user: maneprasad1610@gmail.com
2026-08-06T21:07:04.159+05:30  INFO 19232 --- [http-nio-5000-exec-9] c.e.a.controller.NotificationController  : Fetching notifications for user: maneprasad1610@gmail.com
2026-08-06T21:07:05.938+05:30  INFO 19232 --- [http-nio-5000-exec-2] c.e.a.controller.NotificationController  : Fetching notifications for user: maneprasad1610@gmail.com
2026-08-06T21:07:05.955+05:30  INFO 19232 --- [http-nio-5000-exec-1] c.e.ai.service.impl.AdminServiceImpl     : Admin loading all groups
2026-08-06T21:07:05.987+05:30  INFO 19232 --- [http-nio-5000-exec-6] c.e.ai.service.impl.AdminServiceImpl     : Admin loading all groups
2026-08-06T21:07:05.987+05:30  INFO 19232 --- [http-nio-5000-exec-5] c.e.a.controller.NotificationController  : Fetching notifications for user: maneprasad1610@gmail.com
2026-08-06T21:07:06.684+05:30  INFO 19232 --- [http-nio-5000-exec-3] c.e.a.controller.NotificationController  : Fetching notifications for user: maneprasad1610@gmail.com
2026-08-06T21:07:06.686+05:30  INFO 19232 --- [http-nio-5000-exec-8] c.e.a.service.impl.DashboardServiceImpl  : Loading faculty dashboard for: maneprasad1610@gmail.com
2026-08-06T21:07:06.708+05:30  INFO 19232 --- [http-nio-5000-exec-7] c.e.a.controller.NotificationController  : Fetching notifications for user: maneprasad1610@gmail.com
2026-08-06T21:07:06.796+05:30  INFO 19232 --- [http-nio-5000-exec-9] c.e.a.service.impl.DashboardServiceImpl  : Loading faculty dashboard for: maneprasad1610@gmail.com
2026-08-06T21:07:08.964+05:30  INFO 19232 --- [http-nio-5000-exec-2] c.e.a.controller.NotificationController  : Fetching notifications for user: maneprasad1610@gmail.com
2026-08-06T21:07:08.990+05:30  INFO 19232 --- [http-nio-5000-exec-2] c.e.ai.service.impl.AdminServiceImpl     : Admin loading all groups
2026-08-06T21:07:09.014+05:30  INFO 19232 --- [http-nio-5000-exec-6] c.e.a.controller.NotificationController  : Fetching notifications for user: maneprasad1610@gmail.com
2026-08-06T21:07:09.035+05:30  INFO 19232 --- [http-nio-5000-exec-4] c.e.ai.service.impl.AdminServiceImpl     : Admin loading all groups
2026-08-06T21:07:09.902+05:30  INFO 19232 --- [http-nio-5000-exec-3] c.e.a.controller.NotificationController  : Fetching notifications for user: maneprasad1610@gmail.com
2026-08-06T21:07:09.925+05:30  INFO 19232 --- [http-nio-5000-exec-9] c.e.a.controller.NotificationController  : Fetching notifications for user: maneprasad1610@gmail.com
2026-08-06T21:07:11.071+05:30  INFO 19232 --- [http-nio-5000-exec-2] c.e.a.controller.NotificationController  : Fetching notifications for user: maneprasad1610@gmail.com
2026-08-06T21:07:11.080+05:30  INFO 19232 --- [http-nio-5000-exec-5] c.e.ai.service.impl.QuizServiceImpl      : Loading quizzes for user: maneprasad1610@gmail.com, role: faculty
2026-08-06T21:07:11.099+05:30  INFO 19232 --- [http-nio-5000-exec-6] c.e.a.controller.NotificationController  : Fetching notifications for user: maneprasad1610@gmail.com
2026-08-06T21:07:11.159+05:30  INFO 19232 --- [http-nio-5000-exec-4] c.e.ai.service.impl.QuizServiceImpl      : Loading quizzes for user: maneprasad1610@gmail.com, role: faculty
2026-08-06T21:07:21.713+05:30  INFO 19232 --- [http-nio-5000-exec-9] c.e.a.controller.NotificationController  : Fetching notifications for user: maneprasad1610@gmail.com
2026-08-06T21:07:21.716+05:30  INFO 19232 --- [http-nio-5000-exec-7] c.e.ai.service.impl.QuizServiceImpl      : Loading quiz ID: 1 for user: maneprasad1610@gmail.com
2026-08-06T21:07:21.731+05:30  INFO 19232 --- [http-nio-5000-exec-2] c.e.a.controller.NotificationController  : Fetching notifications for user: maneprasad1610@gmail.com
2026-08-06T21:07:21.731+05:30  INFO 19232 --- [http-nio-5000-exec-1] c.e.ai.service.impl.QuizServiceImpl      : Loading quiz ID: 1 for user: maneprasad1610@gmail.com
2026-08-06T21:07:21.745+05:30  INFO 19232 --- [http-nio-5000-exec-8] c.e.ai.service.impl.QuizServiceImpl      : Loading questions for quiz ID: 1
2026-08-06T21:07:21.745+05:30  INFO 19232 --- [http-nio-5000-exec-8] c.e.ai.service.impl.QuizServiceImpl      : Loading quiz ID: 1 for user: maneprasad1610@gmail.com
2026-08-06T21:07:21.827+05:30  INFO 19232 --- [http-nio-5000-exec-9] c.e.ai.service.impl.QuizServiceImpl      : Loading questions for quiz ID: 1
2026-08-06T21:07:21.827+05:30  INFO 19232 --- [http-nio-5000-exec-9] c.e.ai.service.impl.QuizServiceImpl      : Loading quiz ID: 1 for user: maneprasad1610@gmail.com
2026-08-06T21:07:21.838+05:30  INFO 19232 --- [http-nio-5000-exec-4] c.e.ai.service.impl.QuizServiceImpl      : Loading quiz ID: 1 for user: maneprasad1610@gmail.com
2026-08-06T21:07:21.840+05:30  INFO 19232 --- [http-nio-5000-exec-3] c.e.ai.service.impl.QuizServiceImpl      : Loading quiz ID: 1 for user: maneprasad1610@gmail.com
2026-08-06T21:07:22.065+05:30  INFO 19232 --- [http-nio-5000-exec-10] c.e.a.controller.NotificationController  : Fetching notifications for user: maneprasad1610@gmail.com
2026-08-06T21:07:22.071+05:30  INFO 19232 --- [http-nio-5000-exec-6] c.e.ai.service.impl.QuizServiceImpl      : Loading quizzes for user: maneprasad1610@gmail.com, role: faculty
2026-08-06T21:07:22.096+05:30  INFO 19232 --- [http-nio-5000-exec-5] c.e.a.controller.NotificationController  : Fetching notifications for user: maneprasad1610@gmail.com
2026-08-06T21:07:22.164+05:30  INFO 19232 --- [http-nio-5000-exec-2] c.e.ai.service.impl.QuizServiceImpl      : Loading quizzes for user: maneprasad1610@gmail.com, role: faculty
2026-08-06T21:07:24.462+05:30  INFO 19232 --- [http-nio-5000-exec-7] c.e.a.controller.NotificationController  : Fetching notifications for user: maneprasad1610@gmail.com
2026-08-06T21:07:24.471+05:30  INFO 19232 --- [http-nio-5000-exec-8] c.e.ai.service.impl.QuizServiceImpl      : Loading quiz ID: 1 for user: maneprasad1610@gmail.com
2026-08-06T21:07:24.481+05:30  INFO 19232 --- [http-nio-5000-exec-1] c.e.ai.service.impl.QuizServiceImpl      : Loading questions for quiz ID: 1
2026-08-06T21:07:24.481+05:30  INFO 19232 --- [http-nio-5000-exec-1] c.e.ai.service.impl.QuizServiceImpl      : Loading quiz ID: 1 for user: maneprasad1610@gmail.com
2026-08-06T21:07:24.485+05:30  INFO 19232 --- [http-nio-5000-exec-3] c.e.ai.service.impl.QuizServiceImpl      : Loading quiz ID: 1 for user: maneprasad1610@gmail.com
2026-08-06T21:07:24.499+05:30  INFO 19232 --- [http-nio-5000-exec-4] c.e.a.controller.NotificationController  : Fetching notifications for user: maneprasad1610@gmail.com
2026-08-06T21:07:24.547+05:30  INFO 19232 --- [http-nio-5000-exec-1] c.e.ai.service.impl.QuizServiceImpl      : Loading quiz ID: 1 for user: maneprasad1610@gmail.com
2026-08-06T21:07:24.561+05:30  INFO 19232 --- [http-nio-5000-exec-10] c.e.ai.service.impl.QuizServiceImpl      : Loading questions for quiz ID: 1
2026-08-06T21:07:24.561+05:30  INFO 19232 --- [http-nio-5000-exec-10] c.e.ai.service.impl.QuizServiceImpl      : Loading quiz ID: 1 for user: maneprasad1610@gmail.com
2026-08-06T21:07:24.562+05:30  INFO 19232 --- [http-nio-5000-exec-5] c.e.ai.service.impl.QuizServiceImpl      : Loading quiz ID: 1 for user: maneprasad1610@gmail.com
2026-08-06T21:07:24.726+05:30  INFO 19232 --- [http-nio-5000-exec-6] c.e.a.controller.NotificationController  : Fetching notifications for user: maneprasad1610@gmail.com
2026-08-06T21:07:24.737+05:30  INFO 19232 --- [http-nio-5000-exec-2] c.e.ai.service.impl.QuizServiceImpl      : Loading quizzes for user: maneprasad1610@gmail.com, role: faculty
2026-08-06T21:07:24.767+05:30  INFO 19232 --- [http-nio-5000-exec-7] c.e.a.controller.NotificationController  : Fetching notifications for user: maneprasad1610@gmail.com
2026-08-06T21:07:24.802+05:30  INFO 19232 --- [http-nio-5000-exec-8] c.e.ai.service.impl.QuizServiceImpl      : Loading quizzes for user: maneprasad1610@gmail.com, role: faculty
2026-08-06T21:07:28.905+05:30  INFO 19232 --- [http-nio-5000-exec-3] c.e.a.controller.NotificationController  : Fetching notifications for user: maneprasad1610@gmail.com
2026-08-06T21:07:28.910+05:30  INFO 19232 --- [http-nio-5000-exec-9] c.e.ai.service.impl.QuizServiceImpl      : Loading quiz ID: 1 for user: maneprasad1610@gmail.com
2026-08-06T21:07:28.915+05:30  INFO 19232 --- [http-nio-5000-exec-1] c.e.ai.service.impl.QuizServiceImpl      : Loading quiz ID: 1 for user: maneprasad1610@gmail.com
2026-08-06T21:07:28.916+05:30  INFO 19232 --- [http-nio-5000-exec-4] c.e.ai.service.impl.QuizServiceImpl      : Loading questions for quiz ID: 1
2026-08-06T21:07:28.916+05:30  INFO 19232 --- [http-nio-5000-exec-4] c.e.ai.service.impl.QuizServiceImpl      : Loading quiz ID: 1 for user: maneprasad1610@gmail.com
2026-08-06T21:07:28.947+05:30  INFO 19232 --- [http-nio-5000-exec-5] c.e.a.controller.NotificationController  : Fetching notifications for user: maneprasad1610@gmail.com
2026-08-06T21:07:28.970+05:30  INFO 19232 --- [http-nio-5000-exec-10] c.e.ai.service.impl.QuizServiceImpl      : Loading quiz ID: 1 for user: maneprasad1610@gmail.com
2026-08-06T21:07:29.008+05:30  INFO 19232 --- [http-nio-5000-exec-6] c.e.ai.service.impl.QuizServiceImpl      : Loading quiz ID: 1 for user: maneprasad1610@gmail.com
2026-08-06T21:07:29.010+05:30  INFO 19232 --- [http-nio-5000-exec-7] c.e.ai.service.impl.QuizServiceImpl      : Loading questions for quiz ID: 1
2026-08-06T21:07:29.011+05:30  INFO 19232 --- [http-nio-5000-exec-7] c.e.ai.service.impl.QuizServiceImpl      : Loading quiz ID: 1 for user: maneprasad1610@gmail.com
2026-08-06T21:07:29.133+05:30  INFO 19232 --- [http-nio-5000-exec-2] c.e.a.controller.NotificationController  : Fetching notifications for user: maneprasad1610@gmail.com
2026-08-06T21:07:29.161+05:30  INFO 19232 --- [http-nio-5000-exec-3] c.e.a.controller.NotificationController  : Fetching notifications for user: maneprasad1610@gmail.com
2026-08-06T21:07:29.163+05:30  INFO 19232 --- [http-nio-5000-exec-8] c.e.ai.service.impl.QuizServiceImpl      : Loading quizzes for user: maneprasad1610@gmail.com, role: faculty
2026-08-06T21:07:29.218+05:30  INFO 19232 --- [http-nio-5000-exec-9] c.e.ai.service.impl.QuizServiceImpl      : Loading quizzes for user: maneprasad1610@gmail.com, role: faculty
2026-08-06T21:07:32.487+05:30  INFO 19232 --- [http-nio-5000-exec-1] c.e.a.controller.NotificationController  : Marking all notifications for user maneprasad1610@gmail.com as read
2026-08-06T21:07:36.253+05:30  INFO 19232 --- [http-nio-5000-exec-4] c.e.a.controller.NotificationController  : Fetching notifications for user: maneprasad1610@gmail.com
2026-08-06T21:07:36.264+05:30  INFO 19232 --- [http-nio-5000-exec-5] c.e.ai.service.impl.QuizServiceImpl      : Loading quiz ID: 1 for user: maneprasad1610@gmail.com
2026-08-06T21:07:36.276+05:30  INFO 19232 --- [http-nio-5000-exec-6] c.e.ai.service.impl.QuizServiceImpl      : Loading quiz ID: 1 for user: maneprasad1610@gmail.com
2026-08-06T21:07:36.279+05:30  INFO 19232 --- [http-nio-5000-exec-10] c.e.ai.service.impl.QuizServiceImpl      : Loading questions for quiz ID: 1
2026-08-06T21:07:36.280+05:30  INFO 19232 --- [http-nio-5000-exec-10] c.e.ai.service.impl.QuizServiceImpl      : Loading quiz ID: 1 for user: maneprasad1610@gmail.com
2026-08-06T21:07:36.306+05:30  INFO 19232 --- [http-nio-5000-exec-7] c.e.a.controller.NotificationController  : Fetching notifications for user: maneprasad1610@gmail.com
2026-08-06T21:07:36.332+05:30  INFO 19232 --- [http-nio-5000-exec-2] c.e.ai.service.impl.QuizServiceImpl      : Loading quiz ID: 1 for user: maneprasad1610@gmail.com
2026-08-06T21:07:36.355+05:30  INFO 19232 --- [http-nio-5000-exec-3] c.e.ai.service.impl.QuizServiceImpl      : Loading quiz ID: 1 for user: maneprasad1610@gmail.com
2026-08-06T21:07:36.363+05:30  INFO 19232 --- [http-nio-5000-exec-8] c.e.ai.service.impl.QuizServiceImpl      : Loading questions for quiz ID: 1
2026-08-06T21:07:36.363+05:30  INFO 19232 --- [http-nio-5000-exec-8] c.e.ai.service.impl.QuizServiceImpl      : Loading quiz ID: 1 for user: maneprasad1610@gmail.com
2026-08-06T21:07:36.473+05:30  INFO 19232 --- [http-nio-5000-exec-9] c.e.a.controller.NotificationController  : Fetching notifications for user: maneprasad1610@gmail.com
2026-08-06T21:07:36.482+05:30  INFO 19232 --- [http-nio-5000-exec-1] c.e.ai.service.impl.QuizServiceImpl      : Loading quizzes for user: maneprasad1610@gmail.com, role: faculty
2026-08-06T21:07:36.493+05:30  INFO 19232 --- [http-nio-5000-exec-4] c.e.a.controller.NotificationController  : Fetching notifications for user: maneprasad1610@gmail.com
2026-08-06T21:07:36.539+05:30  INFO 19232 --- [http-nio-5000-exec-5] c.e.ai.service.impl.QuizServiceImpl      : Loading quizzes for user: maneprasad1610@gmail.com, role: faculty
2026-08-06T21:08:48.086+05:30  INFO 19232 --- [http-nio-5000-exec-2] c.e.a.controller.NotificationController  : Fetching notifications for user: maneprasad1610@gmail.com
2026-08-06T21:08:48.120+05:30  INFO 19232 --- [http-nio-5000-exec-3] c.e.a.controller.NotificationController  : Fetching notifications for user: maneprasad1610@gmail.com
2026-08-06T21:08:51.744+05:30  INFO 19232 --- [http-nio-5000-exec-8] c.e.a.controller.NotificationController  : Fetching notifications for user: maneprasad1610@gmail.com
2026-08-06T21:08:51.767+05:30  INFO 19232 --- [http-nio-5000-exec-5] c.e.a.controller.NotificationController  : Fetching notifications for user: maneprasad1610@gmail.com
2026-08-06T21:08:56.682+05:30  INFO 19232 --- [http-nio-5000-exec-6] c.e.a.controller.NotificationController  : Fetching notifications for user: maneprasad1610@gmail.com
2026-08-06T21:08:56.723+05:30  INFO 19232 --- [http-nio-5000-exec-4] c.e.a.controller.NotificationController  : Fetching notifications for user: maneprasad1610@gmail.com
2026-08-06T21:08:58.090+05:30  INFO 19232 --- [http-nio-5000-exec-8] c.e.a.controller.NotificationController  : Fetching notifications for user: maneprasad1610@gmail.com
2026-08-06T21:08:58.091+05:30  INFO 19232 --- [http-nio-5000-exec-5] c.e.ai.service.impl.QuizServiceImpl      : Loading quizzes for user: maneprasad1610@gmail.com, role: faculty
2026-08-06T21:08:58.115+05:30  INFO 19232 --- [http-nio-5000-exec-1] c.e.a.controller.NotificationController  : Fetching notifications for user: maneprasad1610@gmail.com
2026-08-06T21:08:58.163+05:30  INFO 19232 --- [http-nio-5000-exec-7] c.e.ai.service.impl.QuizServiceImpl      : Loading quizzes for user: maneprasad1610@gmail.com, role: faculty
2026-08-06T21:08:58.212+05:30  INFO 19232 --- [http-nio-5000-exec-2] c.e.ai.controller.AnalyticsController    : Loading analytics for quiz ID: 1 by: maneprasad1610@gmail.com
2026-08-06T21:09:01.477+05:30  INFO 19232 --- [http-nio-5000-exec-6] c.e.a.controller.NotificationController  : Fetching notifications for user: maneprasad1610@gmail.com
2026-08-06T21:09:01.479+05:30  INFO 19232 --- [http-nio-5000-exec-4] c.e.ai.service.impl.QuizServiceImpl      : Loading quizzes for user: maneprasad1610@gmail.com, role: faculty
2026-08-06T21:09:01.499+05:30  INFO 19232 --- [http-nio-5000-exec-3] c.e.a.controller.NotificationController  : Fetching notifications for user: maneprasad1610@gmail.com
2026-08-06T21:09:01.538+05:30  INFO 19232 --- [http-nio-5000-exec-9] c.e.ai.service.impl.QuizServiceImpl      : Loading quizzes for user: maneprasad1610@gmail.com, role: faculty
2026-08-06T21:09:07.074+05:30  INFO 19232 --- [http-nio-5000-exec-1] c.e.a.controller.NotificationController  : Fetching notifications for user: maneprasad1610@gmail.com
2026-08-06T21:09:07.081+05:30  INFO 19232 --- [http-nio-5000-exec-10] c.e.ai.service.impl.QuizServiceImpl      : Loading quiz ID: 1 for user: maneprasad1610@gmail.com
2026-08-06T21:09:07.081+05:30  INFO 19232 --- [http-nio-5000-exec-5] c.e.ai.service.impl.QuizServiceImpl      : Fetching results details for quiz ID: 1
2026-08-06T21:09:07.102+05:30  INFO 19232 --- [http-nio-5000-exec-2] c.e.a.controller.NotificationController  : Fetching notifications for user: maneprasad1610@gmail.com
2026-08-06T21:09:07.142+05:30  INFO 19232 --- [http-nio-5000-exec-6] c.e.ai.service.impl.QuizServiceImpl      : Loading quiz ID: 1 for user: maneprasad1610@gmail.com
2026-08-06T21:09:07.153+05:30  INFO 19232 --- [http-nio-5000-exec-3] c.e.ai.service.impl.QuizServiceImpl      : Fetching results details for quiz ID: 1
2026-08-06T21:09:10.302+05:30  INFO 19232 --- [http-nio-5000-exec-4] c.e.ai.service.impl.QuizServiceImpl      : Loading quiz ID: 1 for user: maneprasad1610@gmail.com
2026-08-06T21:09:17.932+05:30 ERROR 19232 --- [http-nio-5000-exec-4] c.e.ai.service.impl.EmailServiceImpl     : Failed to send HTML email to cdacwptfeb2026@gmail.com. Error: Failed messages: jakarta.mail.MessagingException: can't determine local email address
2026-08-06T21:09:17.933+05:30  INFO 19232 --- [http-nio-5000-exec-4] c.examind.ai.controller.QuizController   : Result email sent to: cdacwptfeb2026@gmail.com
2026-08-06T21:12:27.569+05:30  INFO 19232 --- [http-nio-5000-exec-2] c.e.ai.service.impl.QuizServiceImpl      : Loading quiz ID: 1 for user: maneprasad1610@gmail.com
2026-08-06T21:12:30.491+05:30 ERROR 19232 --- [http-nio-5000-exec-2] c.e.ai.service.impl.EmailServiceImpl     : Failed to send HTML email to cdacwptfeb2026@gmail.com. Error: Failed messages: jakarta.mail.MessagingException: can't determine local email address
2026-08-06T21:12:30.492+05:30  INFO 19232 --- [http-nio-5000-exec-2] c.examind.ai.controller.QuizController   : Result email sent to: cdacwptfeb2026@gmail.com
2026-08-06T21:15:29.289+05:30  INFO 19232 --- [RMI TCP Connection(20)-127.0.0.1] inMXBeanRegistrar$SpringApplicationAdmin : Application shutdown requested.
2026-08-06T21:15:29.525+05:30  INFO 19232 --- [RMI TCP Connection(20)-127.0.0.1] j.LocalContainerEntityManagerFactoryBean : Closing JPA EntityManagerFactory for persistence unit 'default'
2026-08-06T21:15:29.543+05:30  INFO 19232 --- [RMI TCP Connection(20)-127.0.0.1] com.zaxxer.hikari.HikariDataSource       : HikariPool-1 - Shutdown initiated...
2026-08-06T21:15:29.560+05:30  INFO 19232 --- [RMI TCP Connection(20)-127.0.0.1] com.zaxxer.hikari.HikariDataSource       : HikariPool-1 - Shutdown completed.
2026-08-06T21:27:35.451+05:30  INFO 23484 --- [main] com.examind.ai.BackendApplication        : Starting BackendApplication using Java 19.0.2 with PID 23484 (F:\CDAC_2026_BATCH\CADC_FINAL_PROJECT_STUFF\cleancodewithmicroservices\examind-cleaned\backend\target\classes started by manep in F:\CDAC_2026_BATCH\CADC_FINAL_PROJECT_STUFF\cleancodewithmicroservices\examind-cleaned\backend)
2026-08-06T21:27:35.453+05:30  INFO 23484 --- [main] com.examind.ai.BackendApplication        : No active profile set, falling back to 1 default profile: "default"
2026-08-06T21:27:38.176+05:30  INFO 23484 --- [main] .s.d.r.c.RepositoryConfigurationDelegate : Bootstrapping Spring Data JPA repositories in DEFAULT mode.
2026-08-06T21:27:38.337+05:30  INFO 23484 --- [main] .s.d.r.c.RepositoryConfigurationDelegate : Finished Spring Data repository scanning in 145 ms. Found 20 JPA repository interfaces.
2026-08-06T21:27:39.019+05:30  INFO 23484 --- [main] o.s.b.w.embedded.tomcat.TomcatWebServer  : Tomcat initialized with port 5000 (http)
2026-08-06T21:27:39.036+05:30  INFO 23484 --- [main] o.apache.catalina.core.StandardService   : Starting service [Tomcat]
2026-08-06T21:27:39.037+05:30  INFO 23484 --- [main] o.apache.catalina.core.StandardEngine    : Starting Servlet engine: [Apache Tomcat/10.1.26]
2026-08-06T21:27:39.138+05:30  INFO 23484 --- [main] o.a.c.c.C.[Tomcat].[localhost].[/api]    : Initializing Spring embedded WebApplicationContext
2026-08-06T21:27:39.139+05:30  INFO 23484 --- [main] w.s.c.ServletWebServerApplicationContext : Root WebApplicationContext: initialization completed in 3583 ms
2026-08-06T21:27:39.344+05:30  INFO 23484 --- [main] o.hibernate.jpa.internal.util.LogHelper  : HHH000204: Processing PersistenceUnitInfo [name: default]
2026-08-06T21:27:39.417+05:30  INFO 23484 --- [main] org.hibernate.Version                    : HHH000412: Hibernate ORM core version 6.5.2.Final
2026-08-06T21:27:39.462+05:30  INFO 23484 --- [main] o.h.c.internal.RegionFactoryInitiator    : HHH000026: Second-level cache disabled
2026-08-06T21:27:39.800+05:30  INFO 23484 --- [main] o.s.o.j.p.SpringPersistenceUnitInfo      : No LoadTimeWeaver setup: ignoring JPA class transformer
2026-08-06T21:27:39.835+05:30  INFO 23484 --- [main] com.zaxxer.hikari.HikariDataSource       : HikariPool-1 - Starting...
2026-08-06T21:27:40.052+05:30  INFO 23484 --- [main] com.zaxxer.hikari.pool.HikariPool        : HikariPool-1 - Added connection com.mysql.cj.jdbc.ConnectionImpl@2cc61b3b
2026-08-06T21:27:40.055+05:30  INFO 23484 --- [main] com.zaxxer.hikari.HikariDataSource       : HikariPool-1 - Start completed.
2026-08-06T21:27:40.172+05:30  WARN 23484 --- [main] org.hibernate.orm.deprecation            : HHH90000025: MySQLDialect does not need to be specified explicitly using 'hibernate.dialect' (remove the property setting and it will be selected by default)
2026-08-06T21:27:42.217+05:30  INFO 23484 --- [main] o.h.e.t.j.p.i.JtaPlatformInitiator       : HHH000489: No JTA platform available (set 'hibernate.transaction.jta.platform' to enable JTA platform integration)
2026-08-06T21:27:42.946+05:30  INFO 23484 --- [main] j.LocalContainerEntityManagerFactoryBean : Initialized JPA EntityManagerFactory for persistence unit 'default'
2026-08-06T21:27:43.350+05:30  INFO 23484 --- [main] o.s.d.j.r.query.QueryEnhancerFactory     : Hibernate is in classpath; If applicable, HQL parser will be used.
2026-08-06T21:27:46.078+05:30  WARN 23484 --- [main] JpaBaseConfiguration$JpaWebConfiguration : spring.jpa.open-in-view is enabled by default. Therefore, database queries may be performed during view rendering. Explicitly configure spring.jpa.open-in-view to disable this warning
2026-08-06T21:27:46.121+05:30  INFO 23484 --- [main] r$InitializeUserDetailsManagerConfigurer : Global AuthenticationManager configured with UserDetailsService bean with name customUserDetailsService
2026-08-06T21:27:47.023+05:30  INFO 23484 --- [main] o.s.b.w.embedded.tomcat.TomcatWebServer  : Tomcat started on port 5000 (http) with context path '/api'
2026-08-06T21:27:47.041+05:30  INFO 23484 --- [main] com.examind.ai.BackendApplication        : Started BackendApplication in 12.195 seconds (process running for 13.253)
2026-08-06T21:33:40.072+05:30  INFO 23484 --- [http-nio-5000-exec-1] o.a.c.c.C.[Tomcat].[localhost].[/api]    : Initializing Spring DispatcherServlet 'dispatcherServlet'
2026-08-06T21:33:40.072+05:30  INFO 23484 --- [http-nio-5000-exec-1] o.s.web.servlet.DispatcherServlet        : Initializing Servlet 'dispatcherServlet'
2026-08-06T21:33:40.075+05:30  INFO 23484 --- [http-nio-5000-exec-1] o.s.web.servlet.DispatcherServlet        : Completed initialization in 2 ms
2026-08-06T21:33:41.265+05:30  INFO 23484 --- [http-nio-5000-exec-9] c.e.a.controller.NotificationController  : Fetching notifications for user: maneprasad1610@gmail.com
2026-08-06T21:33:41.303+05:30  INFO 23484 --- [http-nio-5000-exec-10] c.e.ai.service.impl.QuizServiceImpl      : Loading quiz ID: 1 for user: maneprasad1610@gmail.com
2026-08-06T21:33:41.305+05:30  INFO 23484 --- [http-nio-5000-exec-8] c.e.ai.service.impl.QuizServiceImpl      : Fetching results details for quiz ID: 1
2026-08-06T21:33:41.515+05:30  INFO 23484 --- [http-nio-5000-exec-1] c.e.a.controller.NotificationController  : Fetching notifications for user: maneprasad1610@gmail.com
2026-08-06T21:33:41.554+05:30  INFO 23484 --- [http-nio-5000-exec-2] c.e.ai.service.impl.QuizServiceImpl      : Loading quiz ID: 1 for user: maneprasad1610@gmail.com
2026-08-06T21:33:41.584+05:30  INFO 23484 --- [http-nio-5000-exec-3] c.e.ai.service.impl.QuizServiceImpl      : Fetching results details for quiz ID: 1
2026-08-06T21:33:43.734+05:30  INFO 23484 --- [http-nio-5000-exec-6] c.e.a.controller.NotificationController  : Fetching notifications for user: maneprasad1610@gmail.com
2026-08-06T21:33:43.772+05:30  INFO 23484 --- [http-nio-5000-exec-4] c.e.a.controller.NotificationController  : Fetching notifications for user: maneprasad1610@gmail.com
2026-08-06T21:33:44.675+05:30  INFO 23484 --- [http-nio-5000-exec-9] c.e.a.controller.NotificationController  : Fetching notifications for user: maneprasad1610@gmail.com
2026-08-06T21:33:44.703+05:30  INFO 23484 --- [http-nio-5000-exec-10] c.e.a.controller.NotificationController  : Fetching notifications for user: maneprasad1610@gmail.com
2026-08-06T21:33:45.697+05:30  INFO 23484 --- [http-nio-5000-exec-1] c.e.a.controller.NotificationController  : Fetching notifications for user: maneprasad1610@gmail.com
2026-08-06T21:33:45.737+05:30  INFO 23484 --- [http-nio-5000-exec-2] c.e.a.controller.NotificationController  : Fetching notifications for user: maneprasad1610@gmail.com
2026-08-06T21:33:46.618+05:30  INFO 23484 --- [http-nio-5000-exec-6] c.e.a.controller.NotificationController  : Fetching notifications for user: maneprasad1610@gmail.com
2026-08-06T21:33:46.646+05:30  INFO 23484 --- [http-nio-5000-exec-5] c.e.a.controller.NotificationController  : Fetching notifications for user: maneprasad1610@gmail.com
2026-08-06T21:33:47.929+05:30  INFO 23484 --- [http-nio-5000-exec-9] c.e.a.controller.NotificationController  : Fetching notifications for user: maneprasad1610@gmail.com
2026-08-06T21:33:47.954+05:30  INFO 23484 --- [http-nio-5000-exec-10] c.e.a.controller.NotificationController  : Fetching notifications for user: maneprasad1610@gmail.com
2026-08-06T21:33:48.904+05:30  INFO 23484 --- [http-nio-5000-exec-1] c.e.a.controller.NotificationController  : Fetching notifications for user: maneprasad1610@gmail.com
2026-08-06T21:33:48.919+05:30  INFO 23484 --- [http-nio-5000-exec-2] c.e.ai.service.impl.QuizServiceImpl      : Loading quizzes for user: maneprasad1610@gmail.com, role: faculty
2026-08-06T21:33:48.946+05:30  INFO 23484 --- [http-nio-5000-exec-8] c.e.a.controller.NotificationController  : Fetching notifications for user: maneprasad1610@gmail.com
2026-08-06T21:33:49.089+05:30  INFO 23484 --- [http-nio-5000-exec-3] c.e.ai.service.impl.QuizServiceImpl      : Loading quizzes for user: maneprasad1610@gmail.com, role: faculty
2026-08-06T21:33:51.064+05:30  INFO 23484 --- [http-nio-5000-exec-6] c.e.a.controller.NotificationController  : Fetching notifications for user: maneprasad1610@gmail.com
2026-08-06T21:33:51.067+05:30  INFO 23484 --- [http-nio-5000-exec-5] c.e.ai.service.impl.QuizServiceImpl      : Loading quiz ID: 1 for user: maneprasad1610@gmail.com
2026-08-06T21:33:51.072+05:30  INFO 23484 --- [http-nio-5000-exec-4] c.e.ai.service.impl.QuizServiceImpl      : Loading questions for quiz ID: 1
2026-08-06T21:33:51.074+05:30  INFO 23484 --- [http-nio-5000-exec-4] c.e.ai.service.impl.QuizServiceImpl      : Loading quiz ID: 1 for user: maneprasad1610@gmail.com
2026-08-06T21:33:51.088+05:30  INFO 23484 --- [http-nio-5000-exec-7] c.e.ai.service.impl.QuizServiceImpl      : Loading quiz ID: 1 for user: maneprasad1610@gmail.com
2026-08-06T21:33:51.136+05:30  INFO 23484 --- [http-nio-5000-exec-9] c.e.a.controller.NotificationController  : Fetching notifications for user: maneprasad1610@gmail.com
2026-08-06T21:33:51.146+05:30  INFO 23484 --- [http-nio-5000-exec-10] c.e.ai.service.impl.QuizServiceImpl      : Loading quiz ID: 1 for user: maneprasad1610@gmail.com
2026-08-06T21:33:51.159+05:30  INFO 23484 --- [http-nio-5000-exec-1] c.e.ai.service.impl.QuizServiceImpl      : Loading questions for quiz ID: 1
2026-08-06T21:33:51.159+05:30  INFO 23484 --- [http-nio-5000-exec-1] c.e.ai.service.impl.QuizServiceImpl      : Loading quiz ID: 1 for user: maneprasad1610@gmail.com
2026-08-06T21:33:51.196+05:30  INFO 23484 --- [http-nio-5000-exec-8] c.e.ai.service.impl.QuizServiceImpl      : Loading quiz ID: 1 for user: maneprasad1610@gmail.com
2026-08-06T21:33:51.433+05:30  INFO 23484 --- [http-nio-5000-exec-3] c.e.ai.service.impl.QuizServiceImpl      : Loading quizzes for user: maneprasad1610@gmail.com, role: faculty
2026-08-06T21:33:51.436+05:30  INFO 23484 --- [http-nio-5000-exec-2] c.e.a.controller.NotificationController  : Fetching notifications for user: maneprasad1610@gmail.com
2026-08-06T21:33:51.475+05:30  INFO 23484 --- [http-nio-5000-exec-6] c.e.a.controller.NotificationController  : Fetching notifications for user: maneprasad1610@gmail.com
2026-08-06T21:33:51.502+05:30  INFO 23484 --- [http-nio-5000-exec-5] c.e.ai.service.impl.QuizServiceImpl      : Loading quizzes for user: maneprasad1610@gmail.com, role: faculty
2026-08-06T21:33:54.281+05:30  INFO 23484 --- [http-nio-5000-exec-4] c.e.a.controller.NotificationController  : Fetching notifications for user: maneprasad1610@gmail.com
2026-08-06T21:33:54.295+05:30  INFO 23484 --- [http-nio-5000-exec-7] c.e.ai.service.impl.AdminServiceImpl     : Admin loading all groups
2026-08-06T21:33:54.324+05:30  INFO 23484 --- [http-nio-5000-exec-10] c.e.a.controller.NotificationController  : Fetching notifications for user: maneprasad1610@gmail.com
2026-08-06T21:33:54.327+05:30  INFO 23484 --- [http-nio-5000-exec-1] c.e.ai.service.impl.AdminServiceImpl     : Admin loading all groups
2026-08-06T21:33:55.468+05:30  INFO 23484 --- [http-nio-5000-exec-2] c.e.a.controller.NotificationController  : Fetching notifications for user: maneprasad1610@gmail.com
2026-08-06T21:33:55.488+05:30  INFO 23484 --- [http-nio-5000-exec-5] c.e.a.controller.NotificationController  : Fetching notifications for user: maneprasad1610@gmail.com
2026-08-06T21:33:56.524+05:30  INFO 23484 --- [http-nio-5000-exec-10] c.e.a.controller.NotificationController  : Fetching notifications for user: maneprasad1610@gmail.com
2026-08-06T21:33:56.539+05:30  INFO 23484 --- [http-nio-5000-exec-9] c.e.ai.service.impl.AdminServiceImpl     : Admin loading all groups
2026-08-06T21:33:56.553+05:30  INFO 23484 --- [http-nio-5000-exec-8] c.e.a.controller.NotificationController  : Fetching notifications for user: maneprasad1610@gmail.com
2026-08-06T21:33:56.560+05:30  INFO 23484 --- [http-nio-5000-exec-3] c.e.ai.service.impl.AdminServiceImpl     : Admin loading all groups
2026-08-06T21:34:01.750+05:30  INFO 23484 --- [http-nio-5000-exec-5] c.e.a.controller.NotificationController  : Fetching notifications for user: maneprasad1610@gmail.com
2026-08-06T21:34:01.778+05:30  INFO 23484 --- [http-nio-5000-exec-4] c.e.a.controller.NotificationController  : Fetching notifications for user: maneprasad1610@gmail.com
2026-08-06T21:34:02.532+05:30  INFO 23484 --- [http-nio-5000-exec-10] c.e.a.controller.NotificationController  : Fetching notifications for user: maneprasad1610@gmail.com
2026-08-06T21:34:02.534+05:30  INFO 23484 --- [http-nio-5000-exec-1] c.e.ai.service.impl.QuizServiceImpl      : Loading quizzes for user: maneprasad1610@gmail.com, role: faculty
2026-08-06T21:34:02.558+05:30  INFO 23484 --- [http-nio-5000-exec-9] c.e.a.controller.NotificationController  : Fetching notifications for user: maneprasad1610@gmail.com
2026-08-06T21:34:02.582+05:30  INFO 23484 --- [http-nio-5000-exec-8] c.e.ai.service.impl.QuizServiceImpl      : Loading quizzes for user: maneprasad1610@gmail.com, role: faculty
2026-08-06T21:34:02.612+05:30  INFO 23484 --- [http-nio-5000-exec-3] c.e.ai.controller.AnalyticsController    : Loading analytics for quiz ID: 1 by: maneprasad1610@gmail.com
2026-08-06T21:34:05.301+05:30  INFO 23484 --- [http-nio-5000-exec-2] c.e.a.controller.NotificationController  : Fetching notifications for user: maneprasad1610@gmail.com
2026-08-06T21:34:05.305+05:30  INFO 23484 --- [http-nio-5000-exec-5] c.e.ai.service.impl.QuizServiceImpl      : Loading quizzes for user: maneprasad1610@gmail.com, role: faculty
2026-08-06T21:34:05.329+05:30  INFO 23484 --- [http-nio-5000-exec-4] c.e.a.controller.NotificationController  : Fetching notifications for user: maneprasad1610@gmail.com
2026-08-06T21:34:05.355+05:30  INFO 23484 --- [http-nio-5000-exec-6] c.e.ai.service.impl.QuizServiceImpl      : Loading quizzes for user: maneprasad1610@gmail.com, role: faculty
2026-08-06T21:34:08.031+05:30  INFO 23484 --- [http-nio-5000-exec-7] c.e.a.controller.NotificationController  : Fetching notifications for user: maneprasad1610@gmail.com
2026-08-06T21:34:08.035+05:30  INFO 23484 --- [http-nio-5000-exec-10] c.e.ai.service.impl.QuizServiceImpl      : Fetching results details for quiz ID: 1
2026-08-06T21:34:08.036+05:30  INFO 23484 --- [http-nio-5000-exec-9] c.e.ai.service.impl.QuizServiceImpl      : Loading quiz ID: 1 for user: maneprasad1610@gmail.com
2026-08-06T21:34:08.058+05:30  INFO 23484 --- [http-nio-5000-exec-1] c.e.a.controller.NotificationController  : Fetching notifications for user: maneprasad1610@gmail.com
2026-08-06T21:34:08.079+05:30  INFO 23484 --- [http-nio-5000-exec-3] c.e.ai.service.impl.QuizServiceImpl      : Fetching results details for quiz ID: 1
2026-08-06T21:34:08.080+05:30  INFO 23484 --- [http-nio-5000-exec-8] c.e.ai.service.impl.QuizServiceImpl      : Loading quiz ID: 1 for user: maneprasad1610@gmail.com
2026-08-06T21:34:11.176+05:30  INFO 23484 --- [http-nio-5000-exec-2] c.e.ai.service.impl.QuizServiceImpl      : Loading quiz ID: 1 for user: maneprasad1610@gmail.com
2026-08-06T21:34:33.137+05:30 ERROR 23484 --- [http-nio-5000-exec-2] c.e.ai.service.impl.EmailServiceImpl     : Failed to send HTML email to cdacwptfeb2026@gmail.com. Error: Failed messages: jakarta.mail.MessagingException: can't determine local email address
2026-08-06T21:34:33.140+05:30  INFO 23484 --- [http-nio-5000-exec-2] c.examind.ai.controller.QuizController   : Result email sent to: cdacwptfeb2026@gmail.com
2026-08-06T21:34:35.325+05:30  INFO 23484 --- [http-nio-5000-exec-4] c.e.ai.service.impl.QuizServiceImpl      : Loading quiz ID: 1 for user: maneprasad1610@gmail.com
2026-08-06T21:34:43.716+05:30 ERROR 23484 --- [http-nio-5000-exec-4] c.e.ai.service.impl.EmailServiceImpl     : Failed to send HTML email to cdacwptfeb2026@gmail.com. Error: Failed messages: jakarta.mail.MessagingException: can't determine local email address
2026-08-06T21:34:43.717+05:30  INFO 23484 --- [http-nio-5000-exec-4] c.examind.ai.controller.QuizController   : Result email sent to: cdacwptfeb2026@gmail.com
2026-08-06T21:40:19.149+05:30  INFO 23484 --- [http-nio-5000-exec-1] c.e.a.controller.NotificationController  : Fetching notifications for user: maneprasad1610@gmail.com
2026-08-06T21:40:19.178+05:30  INFO 23484 --- [http-nio-5000-exec-3] c.e.a.controller.NotificationController  : Fetching notifications for user: maneprasad1610@gmail.com
2026-08-06T21:40:20.124+05:30  INFO 23484 --- [http-nio-5000-exec-4] c.e.a.controller.NotificationController  : Fetching notifications for user: maneprasad1610@gmail.com
2026-08-06T21:40:20.125+05:30  INFO 23484 --- [http-nio-5000-exec-5] c.e.ai.service.impl.AdminServiceImpl     : Admin loading all groups
2026-08-06T21:40:20.144+05:30  INFO 23484 --- [http-nio-5000-exec-7] c.e.ai.service.impl.AdminServiceImpl     : Admin loading all groups
2026-08-06T21:40:20.159+05:30  INFO 23484 --- [http-nio-5000-exec-7] c.e.a.controller.NotificationController  : Fetching notifications for user: maneprasad1610@gmail.com
2026-08-06T21:40:40.143+05:30  INFO 23484 --- [RMI TCP Connection(22)-127.0.0.1] inMXBeanRegistrar$SpringApplicationAdmin : Application shutdown requested.
2026-08-06T21:40:40.293+05:30  INFO 23484 --- [RMI TCP Connection(22)-127.0.0.1] j.LocalContainerEntityManagerFactoryBean : Closing JPA EntityManagerFactory for persistence unit 'default'
2026-08-06T21:40:40.321+05:30  INFO 23484 --- [RMI TCP Connection(22)-127.0.0.1] com.zaxxer.hikari.HikariDataSource       : HikariPool-1 - Shutdown initiated...
2026-08-06T21:40:40.342+05:30  INFO 23484 --- [RMI TCP Connection(22)-127.0.0.1] com.zaxxer.hikari.HikariDataSource       : HikariPool-1 - Shutdown completed.
2026-08-06T21:57:58.809+05:30  INFO 25616 --- [main] com.examind.ai.BackendApplication        : Starting BackendApplication using Java 19.0.2 with PID 25616 (F:\CDAC_2026_BATCH\CADC_FINAL_PROJECT_STUFF\cleancodewithmicroservices\examind-cleaned\backend\target\classes started by manep in F:\CDAC_2026_BATCH\CADC_FINAL_PROJECT_STUFF\cleancodewithmicroservices\examind-cleaned\backend)
2026-08-06T21:57:58.812+05:30  INFO 25616 --- [main] com.examind.ai.BackendApplication        : No active profile set, falling back to 1 default profile: "default"
2026-08-06T21:58:00.466+05:30  INFO 25616 --- [main] .s.d.r.c.RepositoryConfigurationDelegate : Bootstrapping Spring Data JPA repositories in DEFAULT mode.
2026-08-06T21:58:00.712+05:30  INFO 25616 --- [main] .s.d.r.c.RepositoryConfigurationDelegate : Finished Spring Data repository scanning in 228 ms. Found 20 JPA repository interfaces.
2026-08-06T21:58:07.591+05:30  INFO 25616 --- [main] o.s.b.w.embedded.tomcat.TomcatWebServer  : Tomcat initialized with port 5000 (http)
2026-08-06T21:58:07.622+05:30  INFO 25616 --- [main] o.apache.catalina.core.StandardService   : Starting service [Tomcat]
2026-08-06T21:58:07.629+05:30  INFO 25616 --- [main] o.apache.catalina.core.StandardEngine    : Starting Servlet engine: [Apache Tomcat/10.1.26]
2026-08-06T21:58:07.864+05:30  INFO 25616 --- [main] o.a.c.c.C.[Tomcat].[localhost].[/api]    : Initializing Spring embedded WebApplicationContext
2026-08-06T21:58:07.865+05:30  INFO 25616 --- [main] w.s.c.ServletWebServerApplicationContext : Root WebApplicationContext: initialization completed in 8957 ms
2026-08-06T21:58:08.354+05:30  INFO 25616 --- [main] o.hibernate.jpa.internal.util.LogHelper  : HHH000204: Processing PersistenceUnitInfo [name: default]
2026-08-06T21:58:08.507+05:30  INFO 25616 --- [main] org.hibernate.Version                    : HHH000412: Hibernate ORM core version 6.5.2.Final
2026-08-06T21:58:08.590+05:30  INFO 25616 --- [main] o.h.c.internal.RegionFactoryInitiator    : HHH000026: Second-level cache disabled
2026-08-06T21:58:09.101+05:30  INFO 25616 --- [main] o.s.o.j.p.SpringPersistenceUnitInfo      : No LoadTimeWeaver setup: ignoring JPA class transformer
2026-08-06T21:58:09.149+05:30  INFO 25616 --- [main] com.zaxxer.hikari.HikariDataSource       : HikariPool-1 - Starting...
2026-08-06T21:58:09.476+05:30  INFO 25616 --- [main] com.zaxxer.hikari.pool.HikariPool        : HikariPool-1 - Added connection com.mysql.cj.jdbc.ConnectionImpl@5402612e
2026-08-06T21:58:09.479+05:30  INFO 25616 --- [main] com.zaxxer.hikari.HikariDataSource       : HikariPool-1 - Start completed.
2026-08-06T21:58:09.595+05:30  WARN 25616 --- [main] org.hibernate.orm.deprecation            : HHH90000025: MySQLDialect does not need to be specified explicitly using 'hibernate.dialect' (remove the property setting and it will be selected by default)
2026-08-06T21:58:11.601+05:30  INFO 25616 --- [main] o.h.e.t.j.p.i.JtaPlatformInitiator       : HHH000489: No JTA platform available (set 'hibernate.transaction.jta.platform' to enable JTA platform integration)
2026-08-06T21:58:12.471+05:30  INFO 25616 --- [main] j.LocalContainerEntityManagerFactoryBean : Initialized JPA EntityManagerFactory for persistence unit 'default'
2026-08-06T21:58:12.902+05:30  INFO 25616 --- [main] o.s.d.j.r.query.QueryEnhancerFactory     : Hibernate is in classpath; If applicable, HQL parser will be used.
2026-08-06T21:58:15.363+05:30  WARN 25616 --- [main] JpaBaseConfiguration$JpaWebConfiguration : spring.jpa.open-in-view is enabled by default. Therefore, database queries may be performed during view rendering. Explicitly configure spring.jpa.open-in-view to disable this warning
2026-08-06T21:58:15.405+05:30  INFO 25616 --- [main] r$InitializeUserDetailsManagerConfigurer : Global AuthenticationManager configured with UserDetailsService bean with name customUserDetailsService
2026-08-06T21:58:16.295+05:30  INFO 25616 --- [main] o.s.b.w.embedded.tomcat.TomcatWebServer  : Tomcat started on port 5000 (http) with context path '/api'
2026-08-06T21:58:16.320+05:30  INFO 25616 --- [main] com.examind.ai.BackendApplication        : Started BackendApplication in 18.305 seconds (process running for 20.066)
2026-08-06T22:07:40.794+05:30  INFO 25616 --- [http-nio-5000-exec-3] o.a.c.c.C.[Tomcat].[localhost].[/api]    : Initializing Spring DispatcherServlet 'dispatcherServlet'
2026-08-06T22:07:40.795+05:30  INFO 25616 --- [http-nio-5000-exec-3] o.s.web.servlet.DispatcherServlet        : Initializing Servlet 'dispatcherServlet'
2026-08-06T22:07:40.798+05:30  INFO 25616 --- [http-nio-5000-exec-3] o.s.web.servlet.DispatcherServlet        : Completed initialization in 3 ms
2026-08-06T22:07:43.766+05:30  INFO 25616 --- [http-nio-5000-exec-10] c.e.a.controller.NotificationController  : Fetching notifications for user: maneprasad1610@gmail.com
2026-08-06T22:07:43.775+05:30  INFO 25616 --- [http-nio-5000-exec-2] c.e.a.service.impl.DashboardServiceImpl  : Loading faculty dashboard for: maneprasad1610@gmail.com
2026-08-06T22:07:43.964+05:30  INFO 25616 --- [http-nio-5000-exec-9] c.e.a.controller.NotificationController  : Fetching notifications for user: maneprasad1610@gmail.com
2026-08-06T22:07:44.080+05:30  INFO 25616 --- [http-nio-5000-exec-1] c.e.a.service.impl.DashboardServiceImpl  : Loading faculty dashboard for: maneprasad1610@gmail.com
2026-08-06T22:07:45.844+05:30  INFO 25616 --- [http-nio-5000-exec-4] c.e.a.controller.NotificationController  : Fetching notifications for user: maneprasad1610@gmail.com
2026-08-06T22:07:45.856+05:30  INFO 25616 --- [http-nio-5000-exec-10] c.e.ai.service.impl.AdminServiceImpl     : Admin loading all groups
2026-08-06T22:07:45.909+05:30  INFO 25616 --- [http-nio-5000-exec-9] c.e.ai.service.impl.AdminServiceImpl     : Admin loading all groups
2026-08-06T22:07:45.915+05:30  INFO 25616 --- [http-nio-5000-exec-2] c.e.a.controller.NotificationController  : Fetching notifications for user: maneprasad1610@gmail.com
2026-08-06T22:07:46.611+05:30  INFO 25616 --- [http-nio-5000-exec-10] c.e.a.controller.NotificationController  : Fetching notifications for user: maneprasad1610@gmail.com
2026-08-06T22:07:46.640+05:30  INFO 25616 --- [http-nio-5000-exec-8] c.e.a.controller.NotificationController  : Fetching notifications for user: maneprasad1610@gmail.com
2026-08-06T22:07:47.591+05:30  INFO 25616 --- [http-nio-5000-exec-7] c.e.a.controller.NotificationController  : Fetching notifications for user: maneprasad1610@gmail.com
2026-08-06T22:07:47.610+05:30  INFO 25616 --- [http-nio-5000-exec-4] c.e.a.controller.NotificationController  : Fetching notifications for user: maneprasad1610@gmail.com
2026-08-06T22:07:47.632+05:30  INFO 25616 --- [http-nio-5000-exec-6] c.e.ai.service.impl.QuizServiceImpl      : Loading quizzes for user: maneprasad1610@gmail.com, role: faculty
2026-08-06T22:07:47.758+05:30  INFO 25616 --- [http-nio-5000-exec-10] c.e.ai.service.impl.QuizServiceImpl      : Loading quizzes for user: maneprasad1610@gmail.com, role: faculty
2026-08-06T22:07:48.273+05:30  INFO 25616 --- [http-nio-5000-exec-9] c.e.a.controller.NotificationController  : Fetching notifications for user: maneprasad1610@gmail.com
2026-08-06T22:07:48.302+05:30  INFO 25616 --- [http-nio-5000-exec-2] c.e.a.controller.NotificationController  : Fetching notifications for user: maneprasad1610@gmail.com
2026-08-06T22:07:49.667+05:30  INFO 25616 --- [http-nio-5000-exec-8] c.e.a.controller.NotificationController  : Fetching notifications for user: maneprasad1610@gmail.com
2026-08-06T22:07:49.693+05:30  INFO 25616 --- [http-nio-5000-exec-3] c.e.a.controller.NotificationController  : Fetching notifications for user: maneprasad1610@gmail.com
2026-08-06T22:07:50.315+05:30  INFO 25616 --- [http-nio-5000-exec-7] c.e.a.controller.NotificationController  : Fetching notifications for user: maneprasad1610@gmail.com
2026-08-06T22:07:50.341+05:30  INFO 25616 --- [http-nio-5000-exec-4] c.e.a.controller.NotificationController  : Fetching notifications for user: maneprasad1610@gmail.com
2026-08-06T22:07:50.959+05:30  INFO 25616 --- [http-nio-5000-exec-10] c.e.ai.service.impl.QuizServiceImpl      : Loading quizzes for user: maneprasad1610@gmail.com, role: faculty
2026-08-06T22:07:50.961+05:30  INFO 25616 --- [http-nio-5000-exec-6] c.e.a.controller.NotificationController  : Fetching notifications for user: maneprasad1610@gmail.com
2026-08-06T22:07:50.994+05:30  INFO 25616 --- [http-nio-5000-exec-9] c.e.a.controller.NotificationController  : Fetching notifications for user: maneprasad1610@gmail.com
2026-08-06T22:07:51.038+05:30  INFO 25616 --- [http-nio-5000-exec-2] c.e.ai.service.impl.QuizServiceImpl      : Loading quizzes for user: maneprasad1610@gmail.com, role: faculty
2026-08-06T22:07:52.344+05:30  INFO 25616 --- [http-nio-5000-exec-8] c.e.a.controller.NotificationController  : Fetching notifications for user: maneprasad1610@gmail.com
2026-08-06T22:07:52.356+05:30  INFO 25616 --- [http-nio-5000-exec-3] c.e.ai.service.impl.QuizServiceImpl      : Fetching results details for quiz ID: 1
2026-08-06T22:07:52.365+05:30  INFO 25616 --- [http-nio-5000-exec-7] c.e.ai.service.impl.QuizServiceImpl      : Loading quiz ID: 1 for user: maneprasad1610@gmail.com
2026-08-06T22:07:52.378+05:30  INFO 25616 --- [http-nio-5000-exec-4] c.e.a.controller.NotificationController  : Fetching notifications for user: maneprasad1610@gmail.com
2026-08-06T22:07:52.466+05:30  INFO 25616 --- [http-nio-5000-exec-3] c.e.ai.service.impl.QuizServiceImpl      : Loading quiz ID: 1 for user: maneprasad1610@gmail.com
2026-08-06T22:07:52.478+05:30  INFO 25616 --- [http-nio-5000-exec-9] c.e.ai.service.impl.QuizServiceImpl      : Fetching results details for quiz ID: 1
2026-08-06T22:07:56.045+05:30  INFO 25616 --- [http-nio-5000-exec-2] c.e.ai.service.impl.QuizServiceImpl      : Loading quiz ID: 1 for user: maneprasad1610@gmail.com
2026-08-06T22:08:03.212+05:30  INFO 25616 --- [http-nio-5000-exec-2] c.e.ai.service.impl.EmailServiceImpl     : HTML Email sent successfully to cdacwptfeb2026@gmail.com
2026-08-06T22:08:03.213+05:30  INFO 25616 --- [http-nio-5000-exec-2] c.examind.ai.controller.QuizController   : Result email sent to: cdacwptfeb2026@gmail.com
2026-08-06T22:08:57.303+05:30  INFO 25616 --- [http-nio-5000-exec-6] c.e.a.controller.NotificationController  : Fetching notifications for user: maneprasad1610@gmail.com
2026-08-06T22:08:57.325+05:30  INFO 25616 --- [http-nio-5000-exec-3] c.e.a.controller.NotificationController  : Fetching notifications for user: maneprasad1610@gmail.com
2026-08-06T22:08:58.111+05:30  INFO 25616 --- [http-nio-5000-exec-9] c.e.a.controller.NotificationController  : Fetching notifications for user: maneprasad1610@gmail.com
2026-08-06T22:08:58.130+05:30  INFO 25616 --- [http-nio-5000-exec-1] c.e.a.controller.NotificationController  : Fetching notifications for user: maneprasad1610@gmail.com
2026-08-06T22:08:59.778+05:30  INFO 25616 --- [http-nio-5000-exec-4] c.e.a.controller.NotificationController  : Fetching notifications for user: maneprasad1610@gmail.com
2026-08-06T22:08:59.798+05:30  INFO 25616 --- [http-nio-5000-exec-2] c.e.a.controller.NotificationController  : Fetching notifications for user: maneprasad1610@gmail.com
2026-08-06T22:09:02.476+05:30  INFO 25616 --- [http-nio-5000-exec-9] c.e.a.controller.NotificationController  : Fetching notifications for user: maneprasad1610@gmail.com
2026-08-06T22:09:02.480+05:30  INFO 25616 --- [http-nio-5000-exec-5] c.e.ai.service.impl.AdminServiceImpl     : Admin loading all groups
2026-08-06T22:09:02.500+05:30  INFO 25616 --- [http-nio-5000-exec-8] c.e.a.controller.NotificationController  : Fetching notifications for user: maneprasad1610@gmail.com
2026-08-06T22:09:02.511+05:30  INFO 25616 --- [http-nio-5000-exec-7] c.e.ai.service.impl.AdminServiceImpl     : Admin loading all groups
2026-08-06T22:09:03.482+05:30  INFO 25616 --- [http-nio-5000-exec-3] c.e.a.service.impl.DashboardServiceImpl  : Loading faculty dashboard for: maneprasad1610@gmail.com
2026-08-06T22:09:03.483+05:30  INFO 25616 --- [http-nio-5000-exec-6] c.e.a.controller.NotificationController  : Fetching notifications for user: maneprasad1610@gmail.com
2026-08-06T22:09:03.507+05:30  INFO 25616 --- [http-nio-5000-exec-2] c.e.a.controller.NotificationController  : Fetching notifications for user: maneprasad1610@gmail.com
2026-08-06T22:09:03.545+05:30  INFO 25616 --- [http-nio-5000-exec-10] c.e.a.service.impl.DashboardServiceImpl  : Loading faculty dashboard for: maneprasad1610@gmail.com
2026-08-06T22:09:05.138+05:30  INFO 25616 --- [http-nio-5000-exec-9] c.e.a.controller.NotificationController  : Fetching notifications for user: maneprasad1610@gmail.com
2026-08-06T22:09:05.143+05:30  INFO 25616 --- [http-nio-5000-exec-5] c.e.ai.service.impl.QuizServiceImpl      : Loading quizzes for user: maneprasad1610@gmail.com, role: faculty
2026-08-06T22:09:05.168+05:30  INFO 25616 --- [http-nio-5000-exec-1] c.e.a.controller.NotificationController  : Fetching notifications for user: maneprasad1610@gmail.com
2026-08-06T22:09:05.203+05:30  INFO 25616 --- [http-nio-5000-exec-8] c.e.ai.service.impl.QuizServiceImpl      : Loading quizzes for user: maneprasad1610@gmail.com, role: faculty
2026-08-06T22:09:07.387+05:30  INFO 25616 --- [http-nio-5000-exec-7] c.e.a.controller.NotificationController  : Fetching notifications for user: maneprasad1610@gmail.com
2026-08-06T22:09:07.403+05:30  INFO 25616 --- [http-nio-5000-exec-10] c.e.a.controller.NotificationController  : Fetching notifications for user: maneprasad1610@gmail.com
2026-08-06T22:09:07.411+05:30  INFO 25616 --- [http-nio-5000-exec-3] c.e.ai.service.impl.QuizServiceImpl      : Loading questions for quiz ID: 1
2026-08-06T22:09:07.411+05:30  INFO 25616 --- [http-nio-5000-exec-3] c.e.ai.service.impl.QuizServiceImpl      : Loading quiz ID: 1 for user: maneprasad1610@gmail.com
2026-08-06T22:09:07.418+05:30  INFO 25616 --- [http-nio-5000-exec-10] c.e.ai.service.impl.QuizServiceImpl      : Loading quiz ID: 1 for user: maneprasad1610@gmail.com
2026-08-06T22:09:07.411+05:30  INFO 25616 --- [http-nio-5000-exec-2] c.e.ai.service.impl.QuizServiceImpl      : Loading quiz ID: 1 for user: maneprasad1610@gmail.com
2026-08-06T22:09:07.476+05:30  INFO 25616 --- [http-nio-5000-exec-6] c.e.ai.service.impl.QuizServiceImpl      : Loading quiz ID: 1 for user: maneprasad1610@gmail.com
2026-08-06T22:09:07.476+05:30  INFO 25616 --- [http-nio-5000-exec-8] c.e.ai.service.impl.QuizServiceImpl      : Loading questions for quiz ID: 1
2026-08-06T22:09:07.477+05:30  INFO 25616 --- [http-nio-5000-exec-8] c.e.ai.service.impl.QuizServiceImpl      : Loading quiz ID: 1 for user: maneprasad1610@gmail.com
2026-08-06T22:09:07.500+05:30  INFO 25616 --- [http-nio-5000-exec-7] c.e.ai.service.impl.QuizServiceImpl      : Loading quiz ID: 1 for user: maneprasad1610@gmail.com
2026-08-06T22:09:07.712+05:30  INFO 25616 --- [http-nio-5000-exec-4] c.e.a.controller.NotificationController  : Fetching notifications for user: maneprasad1610@gmail.com
2026-08-06T22:09:07.719+05:30  INFO 25616 --- [http-nio-5000-exec-9] c.e.ai.service.impl.QuizServiceImpl      : Loading quizzes for user: maneprasad1610@gmail.com, role: faculty
2026-08-06T22:09:07.758+05:30  INFO 25616 --- [http-nio-5000-exec-1] c.e.a.controller.NotificationController  : Fetching notifications for user: maneprasad1610@gmail.com
2026-08-06T22:09:07.794+05:30  INFO 25616 --- [http-nio-5000-exec-3] c.e.ai.service.impl.QuizServiceImpl      : Loading quizzes for user: maneprasad1610@gmail.com, role: faculty
2026-08-06T22:09:17.427+05:30  INFO 25616 --- [http-nio-5000-exec-5] c.e.a.controller.NotificationController  : Fetching notifications for user: maneprasad1610@gmail.com
2026-08-06T22:09:17.435+05:30  INFO 25616 --- [http-nio-5000-exec-2] c.e.ai.service.impl.QuizServiceImpl      : Loading quiz ID: 1 for user: maneprasad1610@gmail.com
2026-08-06T22:09:17.443+05:30  INFO 25616 --- [http-nio-5000-exec-6] c.e.ai.service.impl.QuizServiceImpl      : Loading quiz ID: 1 for user: maneprasad1610@gmail.com
2026-08-06T22:09:17.443+05:30  INFO 25616 --- [http-nio-5000-exec-10] c.e.ai.service.impl.QuizServiceImpl      : Loading questions for quiz ID: 1
2026-08-06T22:09:17.443+05:30  INFO 25616 --- [http-nio-5000-exec-10] c.e.ai.service.impl.QuizServiceImpl      : Loading quiz ID: 1 for user: maneprasad1610@gmail.com
2026-08-06T22:09:17.507+05:30  INFO 25616 --- [http-nio-5000-exec-8] c.e.a.controller.NotificationController  : Fetching notifications for user: maneprasad1610@gmail.com
2026-08-06T22:09:17.516+05:30  INFO 25616 --- [http-nio-5000-exec-4] c.e.ai.service.impl.QuizServiceImpl      : Loading quiz ID: 1 for user: maneprasad1610@gmail.com
2026-08-06T22:09:17.518+05:30  INFO 25616 --- [http-nio-5000-exec-7] c.e.ai.service.impl.QuizServiceImpl      : Loading questions for quiz ID: 1
2026-08-06T22:09:17.518+05:30  INFO 25616 --- [http-nio-5000-exec-7] c.e.ai.service.impl.QuizServiceImpl      : Loading quiz ID: 1 for user: maneprasad1610@gmail.com
2026-08-06T22:09:17.654+05:30  INFO 25616 --- [http-nio-5000-exec-1] c.e.ai.service.impl.QuizServiceImpl      : Loading quiz ID: 1 for user: maneprasad1610@gmail.com
2026-08-06T22:09:18.071+05:30  INFO 25616 --- [http-nio-5000-exec-9] c.e.a.controller.NotificationController  : Fetching notifications for user: maneprasad1610@gmail.com
2026-08-06T22:09:18.101+05:30  INFO 25616 --- [http-nio-5000-exec-3] c.e.ai.service.impl.QuizServiceImpl      : Loading quizzes for user: maneprasad1610@gmail.com, role: faculty
2026-08-06T22:09:18.101+05:30  INFO 25616 --- [http-nio-5000-exec-5] c.e.a.controller.NotificationController  : Fetching notifications for user: maneprasad1610@gmail.com
2026-08-06T22:09:18.195+05:30  INFO 25616 --- [http-nio-5000-exec-2] c.e.ai.service.impl.QuizServiceImpl      : Loading quizzes for user: maneprasad1610@gmail.com, role: faculty
2026-08-06T22:09:45.950+05:30  INFO 25616 --- [http-nio-5000-exec-6] c.e.a.controller.NotificationController  : Fetching notifications for user: maneprasad1610@gmail.com
2026-08-06T22:09:45.971+05:30  INFO 25616 --- [http-nio-5000-exec-8] c.e.ai.service.impl.QuizServiceImpl      : Loading questions for quiz ID: 1
2026-08-06T22:09:45.971+05:30  INFO 25616 --- [http-nio-5000-exec-8] c.e.ai.service.impl.QuizServiceImpl      : Loading quiz ID: 1 for user: maneprasad1610@gmail.com
2026-08-06T22:09:46.094+05:30  INFO 25616 --- [http-nio-5000-exec-10] c.e.ai.service.impl.QuizServiceImpl      : Loading quiz ID: 1 for user: maneprasad1610@gmail.com
2026-08-06T22:09:46.101+05:30  INFO 25616 --- [http-nio-5000-exec-4] c.e.ai.service.impl.QuizServiceImpl      : Loading quiz ID: 1 for user: maneprasad1610@gmail.com
2026-08-06T22:09:46.112+05:30  INFO 25616 --- [http-nio-5000-exec-7] c.e.a.controller.NotificationController  : Fetching notifications for user: maneprasad1610@gmail.com
2026-08-06T22:09:46.135+05:30  INFO 25616 --- [http-nio-5000-exec-8] c.e.ai.service.impl.QuizServiceImpl      : Loading questions for quiz ID: 1
2026-08-06T22:09:46.136+05:30  INFO 25616 --- [http-nio-5000-exec-8] c.e.ai.service.impl.QuizServiceImpl      : Loading quiz ID: 1 for user: maneprasad1610@gmail.com
2026-08-06T22:09:46.342+05:30  INFO 25616 --- [http-nio-5000-exec-1] c.e.ai.service.impl.QuizServiceImpl      : Loading quiz ID: 1 for user: maneprasad1610@gmail.com
2026-08-06T22:09:46.359+05:30  INFO 25616 --- [http-nio-5000-exec-9] c.e.ai.service.impl.QuizServiceImpl      : Loading quiz ID: 1 for user: maneprasad1610@gmail.com
2026-08-06T22:09:46.513+05:30  INFO 25616 --- [http-nio-5000-exec-5] c.e.a.controller.NotificationController  : Fetching notifications for user: maneprasad1610@gmail.com
2026-08-06T22:09:46.519+05:30  INFO 25616 --- [http-nio-5000-exec-3] c.e.ai.service.impl.QuizServiceImpl      : Loading quizzes for user: maneprasad1610@gmail.com, role: faculty
2026-08-06T22:09:46.582+05:30  INFO 25616 --- [http-nio-5000-exec-6] c.e.ai.service.impl.QuizServiceImpl      : Loading quizzes for user: maneprasad1610@gmail.com, role: faculty
2026-08-06T22:09:46.584+05:30  INFO 25616 --- [http-nio-5000-exec-2] c.e.a.controller.NotificationController  : Fetching notifications for user: maneprasad1610@gmail.com
2026-08-06T22:10:01.219+05:30  INFO 25616 --- [http-nio-5000-exec-7] c.e.a.controller.NotificationController  : Fetching notifications for user: maneprasad1610@gmail.com
2026-08-06T22:10:01.223+05:30  INFO 25616 --- [http-nio-5000-exec-10] c.e.ai.service.impl.QuizServiceImpl      : Loading quiz ID: 1 for user: maneprasad1610@gmail.com
2026-08-06T22:10:01.228+05:30  INFO 25616 --- [http-nio-5000-exec-4] c.e.ai.service.impl.QuizServiceImpl      : Loading questions for quiz ID: 1
2026-08-06T22:10:01.228+05:30  INFO 25616 --- [http-nio-5000-exec-4] c.e.ai.service.impl.QuizServiceImpl      : Loading quiz ID: 1 for user: maneprasad1610@gmail.com
2026-08-06T22:10:01.261+05:30  INFO 25616 --- [http-nio-5000-exec-8] c.e.ai.service.impl.QuizServiceImpl      : Loading quiz ID: 1 for user: maneprasad1610@gmail.com
2026-08-06T22:10:01.276+05:30  INFO 25616 --- [http-nio-5000-exec-1] c.e.a.controller.NotificationController  : Fetching notifications for user: maneprasad1610@gmail.com
2026-08-06T22:10:01.293+05:30  INFO 25616 --- [http-nio-5000-exec-5] c.e.ai.service.impl.QuizServiceImpl      : Loading questions for quiz ID: 1
2026-08-06T22:10:01.293+05:30  INFO 25616 --- [http-nio-5000-exec-9] c.e.ai.service.impl.QuizServiceImpl      : Loading quiz ID: 1 for user: maneprasad1610@gmail.com
2026-08-06T22:10:01.293+05:30  INFO 25616 --- [http-nio-5000-exec-5] c.e.ai.service.impl.QuizServiceImpl      : Loading quiz ID: 1 for user: maneprasad1610@gmail.com
2026-08-06T22:10:01.335+05:30  INFO 25616 --- [http-nio-5000-exec-3] c.e.ai.service.impl.QuizServiceImpl      : Loading quiz ID: 1 for user: maneprasad1610@gmail.com
2026-08-06T22:10:01.654+05:30  INFO 25616 --- [http-nio-5000-exec-6] c.e.ai.service.impl.QuizServiceImpl      : Loading quizzes for user: maneprasad1610@gmail.com, role: faculty
2026-08-06T22:10:01.666+05:30  INFO 25616 --- [http-nio-5000-exec-2] c.e.a.controller.NotificationController  : Fetching notifications for user: maneprasad1610@gmail.com
2026-08-06T22:10:01.741+05:30  INFO 25616 --- [http-nio-5000-exec-7] c.e.a.controller.NotificationController  : Fetching notifications for user: maneprasad1610@gmail.com
2026-08-06T22:10:01.782+05:30  INFO 25616 --- [http-nio-5000-exec-10] c.e.ai.service.impl.QuizServiceImpl      : Loading quizzes for user: maneprasad1610@gmail.com, role: faculty
2026-08-06T22:14:55.714+05:30  INFO 25080 --- [main] com.examind.ai.BackendApplication        : Starting BackendApplication using Java 19.0.2 with PID 25080 (F:\CDAC_2026_BATCH\CADC_FINAL_PROJECT_STUFF\cleancodewithmicroservices\examind-cleaned\backend\target\classes started by manep in F:\CDAC_2026_BATCH\CADC_FINAL_PROJECT_STUFF\cleancodewithmicroservices\examind-cleaned\backend)
2026-08-06T22:14:55.718+05:30  INFO 25080 --- [main] com.examind.ai.BackendApplication        : No active profile set, falling back to 1 default profile: "default"
2026-08-06T22:14:57.056+05:30  INFO 25080 --- [main] .s.d.r.c.RepositoryConfigurationDelegate : Bootstrapping Spring Data JPA repositories in DEFAULT mode.
2026-08-06T22:14:57.232+05:30  INFO 25080 --- [main] .s.d.r.c.RepositoryConfigurationDelegate : Finished Spring Data repository scanning in 163 ms. Found 20 JPA repository interfaces.
2026-08-06T22:14:58.529+05:30  INFO 25080 --- [main] o.s.b.w.embedded.tomcat.TomcatWebServer  : Tomcat initialized with port 5000 (http)
2026-08-06T22:14:58.559+05:30  INFO 25080 --- [main] o.apache.catalina.core.StandardService   : Starting service [Tomcat]
2026-08-06T22:14:58.560+05:30  INFO 25080 --- [main] o.apache.catalina.core.StandardEngine    : Starting Servlet engine: [Apache Tomcat/10.1.26]
2026-08-06T22:14:58.718+05:30  INFO 25080 --- [main] o.a.c.c.C.[Tomcat].[localhost].[/api]    : Initializing Spring embedded WebApplicationContext
2026-08-06T22:14:58.719+05:30  INFO 25080 --- [main] w.s.c.ServletWebServerApplicationContext : Root WebApplicationContext: initialization completed in 2920 ms
2026-08-06T22:14:59.055+05:30  INFO 25080 --- [main] o.hibernate.jpa.internal.util.LogHelper  : HHH000204: Processing PersistenceUnitInfo [name: default]
2026-08-06T22:14:59.189+05:30  INFO 25080 --- [main] org.hibernate.Version                    : HHH000412: Hibernate ORM core version 6.5.2.Final
2026-08-06T22:14:59.269+05:30  INFO 25080 --- [main] o.h.c.internal.RegionFactoryInitiator    : HHH000026: Second-level cache disabled
2026-08-06T22:14:59.858+05:30  INFO 25080 --- [main] o.s.o.j.p.SpringPersistenceUnitInfo      : No LoadTimeWeaver setup: ignoring JPA class transformer
2026-08-06T22:14:59.912+05:30  INFO 25080 --- [main] com.zaxxer.hikari.HikariDataSource       : HikariPool-1 - Starting...
2026-08-06T22:15:00.274+05:30  INFO 25080 --- [main] com.zaxxer.hikari.pool.HikariPool        : HikariPool-1 - Added connection com.mysql.cj.jdbc.ConnectionImpl@2ceb68a1
2026-08-06T22:15:00.278+05:30  INFO 25080 --- [main] com.zaxxer.hikari.HikariDataSource       : HikariPool-1 - Start completed.
2026-08-06T22:15:00.390+05:30  WARN 25080 --- [main] org.hibernate.orm.deprecation            : HHH90000025: MySQLDialect does not need to be specified explicitly using 'hibernate.dialect' (remove the property setting and it will be selected by default)
2026-08-06T22:15:03.137+05:30  INFO 25080 --- [main] o.h.e.t.j.p.i.JtaPlatformInitiator       : HHH000489: No JTA platform available (set 'hibernate.transaction.jta.platform' to enable JTA platform integration)
2026-08-06T22:15:04.306+05:30  INFO 25080 --- [main] j.LocalContainerEntityManagerFactoryBean : Initialized JPA EntityManagerFactory for persistence unit 'default'
2026-08-06T22:15:04.795+05:30  INFO 25080 --- [main] o.s.d.j.r.query.QueryEnhancerFactory     : Hibernate is in classpath; If applicable, HQL parser will be used.
2026-08-06T22:15:08.454+05:30  WARN 25080 --- [main] JpaBaseConfiguration$JpaWebConfiguration : spring.jpa.open-in-view is enabled by default. Therefore, database queries may be performed during view rendering. Explicitly configure spring.jpa.open-in-view to disable this warning
2026-08-06T22:15:08.502+05:30  INFO 25080 --- [main] r$InitializeUserDetailsManagerConfigurer : Global AuthenticationManager configured with UserDetailsService bean with name customUserDetailsService
2026-08-06T22:15:09.587+05:30  INFO 25080 --- [main] o.s.b.w.embedded.tomcat.TomcatWebServer  : Tomcat started on port 5000 (http) with context path '/api'
2026-08-06T22:15:09.605+05:30  INFO 25080 --- [main] com.examind.ai.BackendApplication        : Started BackendApplication in 14.958 seconds (process running for 15.898)
2026-08-06T22:15:46.618+05:30  INFO 25080 --- [http-nio-5000-exec-3] o.a.c.c.C.[Tomcat].[localhost].[/api]    : Initializing Spring DispatcherServlet 'dispatcherServlet'
2026-08-06T22:15:46.619+05:30  INFO 25080 --- [http-nio-5000-exec-3] o.s.web.servlet.DispatcherServlet        : Initializing Servlet 'dispatcherServlet'
2026-08-06T22:15:46.626+05:30  INFO 25080 --- [http-nio-5000-exec-3] o.s.web.servlet.DispatcherServlet        : Completed initialization in 6 ms
2026-08-06T22:15:49.925+05:30  INFO 25080 --- [http-nio-5000-exec-9] c.e.a.controller.NotificationController  : Fetching notifications for user: maneprasad1610@gmail.com
2026-08-06T22:15:49.978+05:30  INFO 25080 --- [http-nio-5000-exec-10] c.e.ai.service.impl.QuizServiceImpl      : Loading quizzes for user: maneprasad1610@gmail.com, role: faculty
2026-08-06T22:15:50.017+05:30  INFO 25080 --- [http-nio-5000-exec-9] c.e.a.controller.NotificationController  : Fetching notifications for user: maneprasad1610@gmail.com
2026-08-06T22:15:50.166+05:30  INFO 25080 --- [http-nio-5000-exec-2] c.e.ai.service.impl.QuizServiceImpl      : Loading quizzes for user: maneprasad1610@gmail.com, role: faculty
2026-08-06T22:15:57.847+05:30  INFO 25080 --- [http-nio-5000-exec-1] c.e.a.controller.NotificationController  : Fetching notifications for user: maneprasad1610@gmail.com
2026-08-06T22:15:57.901+05:30  INFO 25080 --- [http-nio-5000-exec-3] c.e.a.controller.NotificationController  : Fetching notifications for user: maneprasad1610@gmail.com
2026-08-06T22:15:58.945+05:30  INFO 25080 --- [http-nio-5000-exec-4] c.e.a.controller.NotificationController  : Fetching notifications for user: maneprasad1610@gmail.com
2026-08-06T22:15:58.963+05:30  INFO 25080 --- [http-nio-5000-exec-10] c.e.ai.service.impl.AdminServiceImpl     : Admin loading all groups
2026-08-06T22:15:59.007+05:30  INFO 25080 --- [http-nio-5000-exec-2] c.e.a.controller.NotificationController  : Fetching notifications for user: maneprasad1610@gmail.com
2026-08-06T22:15:59.016+05:30  INFO 25080 --- [http-nio-5000-exec-1] c.e.ai.service.impl.AdminServiceImpl     : Admin loading all groups
2026-08-06T22:16:00.606+05:30  INFO 25080 --- [http-nio-5000-exec-5] c.e.a.controller.NotificationController  : Fetching notifications for user: maneprasad1610@gmail.com
2026-08-06T22:16:00.607+05:30  INFO 25080 --- [http-nio-5000-exec-3] c.e.ai.service.impl.QuizServiceImpl      : Loading quizzes for user: maneprasad1610@gmail.com, role: faculty
2026-08-06T22:16:00.679+05:30  INFO 25080 --- [http-nio-5000-exec-8] c.e.a.controller.NotificationController  : Fetching notifications for user: maneprasad1610@gmail.com
2026-08-06T22:16:00.694+05:30  INFO 25080 --- [http-nio-5000-exec-6] c.e.ai.service.impl.QuizServiceImpl      : Loading quizzes for user: maneprasad1610@gmail.com, role: faculty
2026-08-06T22:16:02.341+05:30  INFO 25080 --- [http-nio-5000-exec-4] c.e.a.controller.NotificationController  : Fetching notifications for user: maneprasad1610@gmail.com
2026-08-06T22:16:02.355+05:30  INFO 25080 --- [http-nio-5000-exec-10] c.e.ai.service.impl.QuizServiceImpl      : Loading quiz ID: 1 for user: maneprasad1610@gmail.com
2026-08-06T22:16:02.381+05:30  INFO 25080 --- [http-nio-5000-exec-9] c.e.ai.service.impl.QuizServiceImpl      : Loading questions for quiz ID: 1
2026-08-06T22:16:02.381+05:30  INFO 25080 --- [http-nio-5000-exec-9] c.e.ai.service.impl.QuizServiceImpl      : Loading quiz ID: 1 for user: maneprasad1610@gmail.com
2026-08-06T22:16:02.437+05:30  INFO 25080 --- [http-nio-5000-exec-2] c.e.ai.service.impl.QuizServiceImpl      : Loading quiz ID: 1 for user: maneprasad1610@gmail.com
2026-08-06T22:16:02.488+05:30  INFO 25080 --- [http-nio-5000-exec-1] c.e.a.controller.NotificationController  : Fetching notifications for user: maneprasad1610@gmail.com
2026-08-06T22:16:02.555+05:30  INFO 25080 --- [http-nio-5000-exec-7] c.e.ai.service.impl.QuizServiceImpl      : Loading quiz ID: 1 for user: maneprasad1610@gmail.com
2026-08-06T22:16:02.545+05:30  INFO 25080 --- [http-nio-5000-exec-5] c.e.ai.service.impl.QuizServiceImpl      : Loading questions for quiz ID: 1
2026-08-06T22:16:02.561+05:30  INFO 25080 --- [http-nio-5000-exec-5] c.e.ai.service.impl.QuizServiceImpl      : Loading quiz ID: 1 for user: maneprasad1610@gmail.com
2026-08-06T22:16:02.703+05:30  INFO 25080 --- [http-nio-5000-exec-3] c.e.ai.service.impl.QuizServiceImpl      : Loading quiz ID: 1 for user: maneprasad1610@gmail.com
2026-08-06T22:16:03.189+05:30  INFO 25080 --- [http-nio-5000-exec-8] c.e.a.controller.NotificationController  : Fetching notifications for user: maneprasad1610@gmail.com
2026-08-06T22:16:03.191+05:30  INFO 25080 --- [http-nio-5000-exec-6] c.e.ai.service.impl.QuizServiceImpl      : Loading quizzes for user: maneprasad1610@gmail.com, role: faculty
2026-08-06T22:16:03.245+05:30  INFO 25080 --- [http-nio-5000-exec-4] c.e.a.controller.NotificationController  : Fetching notifications for user: maneprasad1610@gmail.com
2026-08-06T22:16:03.278+05:30  INFO 25080 --- [http-nio-5000-exec-10] c.e.ai.service.impl.QuizServiceImpl      : Loading quizzes for user: maneprasad1610@gmail.com, role: faculty
2026-08-06T22:18:19.612+05:30  INFO 25080 --- [http-nio-5000-exec-5] c.e.a.controller.NotificationController  : Fetching notifications for user: maneprasad1610@gmail.com
2026-08-06T22:18:19.640+05:30  INFO 25080 --- [http-nio-5000-exec-6] c.e.a.controller.NotificationController  : Fetching notifications for user: maneprasad1610@gmail.com
2026-08-06T22:18:20.660+05:30  INFO 25080 --- [http-nio-5000-exec-1] c.e.a.controller.NotificationController  : Fetching notifications for user: maneprasad1610@gmail.com
2026-08-06T22:18:20.661+05:30  INFO 25080 --- [http-nio-5000-exec-9] c.e.ai.service.impl.QuizServiceImpl      : Loading quizzes for user: maneprasad1610@gmail.com, role: faculty
2026-08-06T22:18:20.688+05:30  INFO 25080 --- [http-nio-5000-exec-7] c.e.a.controller.NotificationController  : Fetching notifications for user: maneprasad1610@gmail.com
2026-08-06T22:18:20.720+05:30  INFO 25080 --- [http-nio-5000-exec-2] c.e.ai.service.impl.QuizServiceImpl      : Loading quizzes for user: maneprasad1610@gmail.com, role: faculty
2026-08-06T22:18:22.498+05:30  INFO 25080 --- [http-nio-5000-exec-5] c.e.a.controller.NotificationController  : Fetching notifications for user: maneprasad1610@gmail.com
2026-08-06T22:18:22.511+05:30  INFO 25080 --- [http-nio-5000-exec-3] c.e.ai.service.impl.QuizServiceImpl      : Loading questions for quiz ID: 1
2026-08-06T22:18:22.511+05:30  INFO 25080 --- [http-nio-5000-exec-3] c.e.ai.service.impl.QuizServiceImpl      : Loading quiz ID: 1 for user: maneprasad1610@gmail.com
2026-08-06T22:18:22.518+05:30  INFO 25080 --- [http-nio-5000-exec-5] c.e.ai.service.impl.QuizServiceImpl      : Loading quiz ID: 1 for user: maneprasad1610@gmail.com
2026-08-06T22:18:22.518+05:30  INFO 25080 --- [http-nio-5000-exec-8] c.e.ai.service.impl.QuizServiceImpl      : Loading quiz ID: 1 for user: maneprasad1610@gmail.com
2026-08-06T22:18:22.616+05:30  INFO 25080 --- [http-nio-5000-exec-10] c.e.ai.service.impl.QuizServiceImpl      : Loading questions for quiz ID: 1
2026-08-06T22:18:22.618+05:30  INFO 25080 --- [http-nio-5000-exec-1] c.e.ai.service.impl.QuizServiceImpl      : Loading quiz ID: 1 for user: maneprasad1610@gmail.com
2026-08-06T22:18:22.619+05:30  INFO 25080 --- [http-nio-5000-exec-10] c.e.ai.service.impl.QuizServiceImpl      : Loading quiz ID: 1 for user: maneprasad1610@gmail.com
2026-08-06T22:18:22.590+05:30  INFO 25080 --- [http-nio-5000-exec-3] c.e.a.controller.NotificationController  : Fetching notifications for user: maneprasad1610@gmail.com
2026-08-06T22:18:22.678+05:30  INFO 25080 --- [http-nio-5000-exec-7] c.e.ai.service.impl.QuizServiceImpl      : Loading quiz ID: 1 for user: maneprasad1610@gmail.com
2026-08-06T22:18:23.038+05:30  INFO 25080 --- [http-nio-5000-exec-9] c.e.a.controller.NotificationController  : Fetching notifications for user: maneprasad1610@gmail.com
2026-08-06T22:18:23.078+05:30  INFO 25080 --- [http-nio-5000-exec-6] c.e.a.controller.NotificationController  : Fetching notifications for user: maneprasad1610@gmail.com
2026-08-06T22:18:23.090+05:30  INFO 25080 --- [http-nio-5000-exec-2] c.e.ai.service.impl.QuizServiceImpl      : Loading quizzes for user: maneprasad1610@gmail.com, role: faculty
2026-08-06T22:18:23.147+05:30  INFO 25080 --- [http-nio-5000-exec-4] c.e.ai.service.impl.QuizServiceImpl      : Loading quizzes for user: maneprasad1610@gmail.com, role: faculty
2026-08-06T22:18:28.981+05:30  INFO 25080 --- [http-nio-5000-exec-8] c.e.a.controller.NotificationController  : Fetching notifications for user: maneprasad1610@gmail.com
2026-08-06T22:18:29.036+05:30  INFO 25080 --- [http-nio-5000-exec-7] c.e.a.controller.NotificationController  : Fetching notifications for user: maneprasad1610@gmail.com
2026-08-06T22:18:29.839+05:30  INFO 25080 --- [http-nio-5000-exec-9] c.e.a.controller.NotificationController  : Fetching notifications for user: maneprasad1610@gmail.com
2026-08-06T22:18:29.855+05:30  INFO 25080 --- [http-nio-5000-exec-2] c.e.ai.service.impl.AdminServiceImpl     : Admin loading all groups
2026-08-06T22:18:29.865+05:30  INFO 25080 --- [http-nio-5000-exec-4] c.e.a.controller.NotificationController  : Fetching notifications for user: maneprasad1610@gmail.com
2026-08-06T22:18:29.882+05:30  INFO 25080 --- [http-nio-5000-exec-1] c.e.ai.service.impl.AdminServiceImpl     : Admin loading all groups
2026-08-06T22:18:30.747+05:30  INFO 25080 --- [http-nio-5000-exec-10] c.e.ai.service.impl.QuizServiceImpl      : Loading quizzes for user: maneprasad1610@gmail.com, role: faculty
2026-08-06T22:18:30.756+05:30  INFO 25080 --- [http-nio-5000-exec-8] c.e.a.controller.NotificationController  : Fetching notifications for user: maneprasad1610@gmail.com
2026-08-06T22:18:30.783+05:30  INFO 25080 --- [http-nio-5000-exec-5] c.e.a.controller.NotificationController  : Fetching notifications for user: maneprasad1610@gmail.com
2026-08-06T22:18:30.810+05:30  INFO 25080 --- [http-nio-5000-exec-7] c.e.ai.service.impl.QuizServiceImpl      : Loading quizzes for user: maneprasad1610@gmail.com, role: faculty
2026-08-06T22:20:25.711+05:30  INFO 20452 --- [main] com.examind.ai.BackendApplication        : Starting BackendApplication using Java 19.0.2 with PID 20452 (F:\CDAC_2026_BATCH\CADC_FINAL_PROJECT_STUFF\cleancodewithmicroservices\examind-cleaned\backend\target\classes started by manep in F:\CDAC_2026_BATCH\CADC_FINAL_PROJECT_STUFF\cleancodewithmicroservices\examind-cleaned\backend)
2026-08-06T22:20:25.715+05:30  INFO 20452 --- [main] com.examind.ai.BackendApplication        : No active profile set, falling back to 1 default profile: "default"
2026-08-06T22:20:27.574+05:30  INFO 20452 --- [main] .s.d.r.c.RepositoryConfigurationDelegate : Bootstrapping Spring Data JPA repositories in DEFAULT mode.
2026-08-06T22:20:27.941+05:30  INFO 20452 --- [main] .s.d.r.c.RepositoryConfigurationDelegate : Finished Spring Data repository scanning in 348 ms. Found 20 JPA repository interfaces.
2026-08-06T22:20:29.065+05:30  INFO 20452 --- [main] o.s.b.w.embedded.tomcat.TomcatWebServer  : Tomcat initialized with port 5000 (http)
2026-08-06T22:20:29.092+05:30  INFO 20452 --- [main] o.apache.catalina.core.StandardService   : Starting service [Tomcat]
2026-08-06T22:20:29.093+05:30  INFO 20452 --- [main] o.apache.catalina.core.StandardEngine    : Starting Servlet engine: [Apache Tomcat/10.1.26]
2026-08-06T22:20:29.217+05:30  INFO 20452 --- [main] o.a.c.c.C.[Tomcat].[localhost].[/api]    : Initializing Spring embedded WebApplicationContext
2026-08-06T22:20:29.217+05:30  INFO 20452 --- [main] w.s.c.ServletWebServerApplicationContext : Root WebApplicationContext: initialization completed in 3394 ms
2026-08-06T22:20:29.516+05:30  INFO 20452 --- [main] o.hibernate.jpa.internal.util.LogHelper  : HHH000204: Processing PersistenceUnitInfo [name: default]
2026-08-06T22:20:29.667+05:30  INFO 20452 --- [main] org.hibernate.Version                    : HHH000412: Hibernate ORM core version 6.5.2.Final
2026-08-06T22:20:29.764+05:30  INFO 20452 --- [main] o.h.c.internal.RegionFactoryInitiator    : HHH000026: Second-level cache disabled
2026-08-06T22:20:30.466+05:30  INFO 20452 --- [main] o.s.o.j.p.SpringPersistenceUnitInfo      : No LoadTimeWeaver setup: ignoring JPA class transformer
2026-08-06T22:20:30.534+05:30  INFO 20452 --- [main] com.zaxxer.hikari.HikariDataSource       : HikariPool-1 - Starting...
2026-08-06T22:20:30.966+05:30  INFO 20452 --- [main] com.zaxxer.hikari.pool.HikariPool        : HikariPool-1 - Added connection com.mysql.cj.jdbc.ConnectionImpl@53525379
2026-08-06T22:20:30.973+05:30  INFO 20452 --- [main] com.zaxxer.hikari.HikariDataSource       : HikariPool-1 - Start completed.
2026-08-06T22:20:31.163+05:30  WARN 20452 --- [main] org.hibernate.orm.deprecation            : HHH90000025: MySQLDialect does not need to be specified explicitly using 'hibernate.dialect' (remove the property setting and it will be selected by default)
2026-08-06T22:20:35.633+05:30  INFO 20452 --- [main] o.h.e.t.j.p.i.JtaPlatformInitiator       : HHH000489: No JTA platform available (set 'hibernate.transaction.jta.platform' to enable JTA platform integration)
2026-08-06T22:20:36.966+05:30  INFO 20452 --- [main] j.LocalContainerEntityManagerFactoryBean : Initialized JPA EntityManagerFactory for persistence unit 'default'
2026-08-06T22:20:37.782+05:30  INFO 20452 --- [main] o.s.d.j.r.query.QueryEnhancerFactory     : Hibernate is in classpath; If applicable, HQL parser will be used.
2026-08-06T22:20:41.942+05:30  WARN 20452 --- [main] JpaBaseConfiguration$JpaWebConfiguration : spring.jpa.open-in-view is enabled by default. Therefore, database queries may be performed during view rendering. Explicitly configure spring.jpa.open-in-view to disable this warning
2026-08-06T22:20:42.006+05:30  INFO 20452 --- [main] r$InitializeUserDetailsManagerConfigurer : Global AuthenticationManager configured with UserDetailsService bean with name customUserDetailsService
2026-08-06T22:20:43.703+05:30  INFO 20452 --- [main] o.s.b.w.embedded.tomcat.TomcatWebServer  : Tomcat started on port 5000 (http) with context path '/api'
2026-08-06T22:20:43.736+05:30  INFO 20452 --- [main] com.examind.ai.BackendApplication        : Started BackendApplication in 19.141 seconds (process running for 19.866)
2026-08-06T22:22:46.923+05:30  INFO 20452 --- [http-nio-5000-exec-4] o.a.c.c.C.[Tomcat].[localhost].[/api]    : Initializing Spring DispatcherServlet 'dispatcherServlet'
2026-08-06T22:22:46.923+05:30  INFO 20452 --- [http-nio-5000-exec-4] o.s.web.servlet.DispatcherServlet        : Initializing Servlet 'dispatcherServlet'
2026-08-06T22:22:46.926+05:30  INFO 20452 --- [http-nio-5000-exec-4] o.s.web.servlet.DispatcherServlet        : Completed initialization in 3 ms
2026-08-06T22:22:48.199+05:30  INFO 20452 --- [http-nio-5000-exec-10] c.e.a.controller.NotificationController  : Fetching notifications for user: maneprasad1610@gmail.com
2026-08-06T22:22:48.233+05:30  INFO 20452 --- [http-nio-5000-exec-2] c.e.ai.service.impl.QuizServiceImpl      : Loading quizzes for user: maneprasad1610@gmail.com, role: faculty
2026-08-06T22:22:48.413+05:30  INFO 20452 --- [http-nio-5000-exec-5] c.e.a.controller.NotificationController  : Fetching notifications for user: maneprasad1610@gmail.com
2026-08-06T22:22:48.652+05:30  INFO 20452 --- [http-nio-5000-exec-3] c.e.ai.service.impl.QuizServiceImpl      : Loading quizzes for user: maneprasad1610@gmail.com, role: faculty
2026-08-06T22:22:52.925+05:30  INFO 20452 --- [http-nio-5000-exec-6] c.e.a.controller.NotificationController  : Fetching notifications for user: maneprasad1610@gmail.com
2026-08-06T22:22:52.932+05:30  INFO 20452 --- [http-nio-5000-exec-7] c.e.ai.service.impl.QuizServiceImpl      : Loading quiz ID: 1 for user: maneprasad1610@gmail.com
2026-08-06T22:22:52.932+05:30  INFO 20452 --- [http-nio-5000-exec-1] c.e.ai.service.impl.QuizServiceImpl      : Loading quiz ID: 1 for user: maneprasad1610@gmail.com
2026-08-06T22:22:52.965+05:30  INFO 20452 --- [http-nio-5000-exec-4] c.e.ai.service.impl.QuizServiceImpl      : Loading questions for quiz ID: 1
2026-08-06T22:22:52.966+05:30  INFO 20452 --- [http-nio-5000-exec-4] c.e.ai.service.impl.QuizServiceImpl      : Loading quiz ID: 1 for user: maneprasad1610@gmail.com
2026-08-06T22:22:53.046+05:30  INFO 20452 --- [http-nio-5000-exec-7] c.e.ai.service.impl.QuizServiceImpl      : Loading quiz ID: 1 for user: maneprasad1610@gmail.com
2026-08-06T22:22:53.050+05:30  INFO 20452 --- [http-nio-5000-exec-8] c.e.a.controller.NotificationController  : Fetching notifications for user: maneprasad1610@gmail.com
2026-08-06T22:22:53.072+05:30  INFO 20452 --- [http-nio-5000-exec-10] c.e.ai.service.impl.QuizServiceImpl      : Loading quiz ID: 1 for user: maneprasad1610@gmail.com
2026-08-06T22:22:53.106+05:30  INFO 20452 --- [http-nio-5000-exec-5] c.e.ai.service.impl.QuizServiceImpl      : Loading questions for quiz ID: 1
2026-08-06T22:22:53.107+05:30  INFO 20452 --- [http-nio-5000-exec-5] c.e.ai.service.impl.QuizServiceImpl      : Loading quiz ID: 1 for user: maneprasad1610@gmail.com
2026-08-06T22:24:14.336+05:30  INFO 20452 --- [http-nio-5000-exec-8] c.e.a.service.impl.DashboardServiceImpl  : Loading faculty dashboard for: maneprasad1610@gmail.com
2026-08-06T22:24:14.340+05:30  INFO 20452 --- [http-nio-5000-exec-4] c.e.a.controller.NotificationController  : Fetching notifications for user: maneprasad1610@gmail.com
2026-08-06T22:24:14.428+05:30  INFO 20452 --- [http-nio-5000-exec-7] c.e.a.controller.NotificationController  : Fetching notifications for user: maneprasad1610@gmail.com
2026-08-06T22:24:14.922+05:30  INFO 20452 --- [http-nio-5000-exec-10] c.e.a.service.impl.DashboardServiceImpl  : Loading faculty dashboard for: maneprasad1610@gmail.com
2026-08-06T22:24:16.309+05:30  INFO 20452 --- [http-nio-5000-exec-5] c.e.a.controller.NotificationController  : Fetching notifications for user: maneprasad1610@gmail.com
2026-08-06T22:24:16.394+05:30  INFO 20452 --- [http-nio-5000-exec-9] c.e.ai.service.impl.AdminServiceImpl     : Admin loading all groups
2026-08-06T22:24:16.445+05:30  INFO 20452 --- [http-nio-5000-exec-3] c.e.a.controller.NotificationController  : Fetching notifications for user: maneprasad1610@gmail.com
2026-08-06T22:24:16.510+05:30  INFO 20452 --- [http-nio-5000-exec-1] c.e.ai.service.impl.AdminServiceImpl     : Admin loading all groups
2026-08-06T22:24:17.299+05:30  INFO 20452 --- [http-nio-5000-exec-7] c.e.a.controller.NotificationController  : Fetching notifications for user: maneprasad1610@gmail.com
2026-08-06T22:24:17.379+05:30  INFO 20452 --- [http-nio-5000-exec-10] c.e.a.controller.NotificationController  : Fetching notifications for user: maneprasad1610@gmail.com
2026-08-06T22:24:18.177+05:30  INFO 20452 --- [http-nio-5000-exec-9] c.e.a.controller.NotificationController  : Fetching notifications for user: maneprasad1610@gmail.com
2026-08-06T22:24:18.185+05:30  INFO 20452 --- [http-nio-5000-exec-3] c.e.ai.service.impl.QuizServiceImpl      : Loading quizzes for user: maneprasad1610@gmail.com, role: faculty
2026-08-06T22:24:18.209+05:30  INFO 20452 --- [http-nio-5000-exec-6] c.e.a.controller.NotificationController  : Fetching notifications for user: maneprasad1610@gmail.com
2026-08-06T22:24:18.268+05:30  INFO 20452 --- [http-nio-5000-exec-1] c.e.ai.service.impl.QuizServiceImpl      : Loading quizzes for user: maneprasad1610@gmail.com, role: faculty
2026-08-06T22:24:26.238+05:30  INFO 20452 --- [http-nio-5000-exec-7] c.e.a.controller.NotificationController  : Fetching notifications for user: maneprasad1610@gmail.com
2026-08-06T22:24:26.260+05:30  INFO 20452 --- [http-nio-5000-exec-4] c.e.a.controller.NotificationController  : Fetching notifications for user: maneprasad1610@gmail.com
2026-08-06T22:24:27.088+05:30  INFO 20452 --- [http-nio-5000-exec-8] c.e.a.controller.NotificationController  : Fetching notifications for user: maneprasad1610@gmail.com
2026-08-06T22:24:27.123+05:30  INFO 20452 --- [http-nio-5000-exec-5] c.e.a.controller.NotificationController  : Fetching notifications for user: maneprasad1610@gmail.com
2026-08-06T22:24:29.485+05:30  INFO 20452 --- [http-nio-5000-exec-9] c.e.a.controller.NotificationController  : Fetching notifications for user: maneprasad1610@gmail.com
2026-08-06T22:24:29.525+05:30  INFO 20452 --- [http-nio-5000-exec-7] c.e.a.controller.NotificationController  : Fetching notifications for user: maneprasad1610@gmail.com
2026-08-06T22:24:30.978+05:30  INFO 20452 --- [http-nio-5000-exec-8] c.e.a.controller.NotificationController  : Fetching notifications for user: maneprasad1610@gmail.com
2026-08-06T22:24:30.995+05:30  INFO 20452 --- [http-nio-5000-exec-5] c.e.ai.service.impl.QuizServiceImpl      : Loading quizzes for user: maneprasad1610@gmail.com, role: faculty
2026-08-06T22:24:31.015+05:30  INFO 20452 --- [http-nio-5000-exec-10] c.e.a.controller.NotificationController  : Fetching notifications for user: maneprasad1610@gmail.com
2026-08-06T22:24:31.051+05:30  INFO 20452 --- [http-nio-5000-exec-5] c.e.ai.service.impl.QuizServiceImpl      : Loading quizzes for user: maneprasad1610@gmail.com, role: faculty
2026-08-06T22:24:31.084+05:30  INFO 20452 --- [http-nio-5000-exec-3] c.e.ai.controller.AnalyticsController    : Loading analytics for quiz ID: 1 by: maneprasad1610@gmail.com
2026-08-06T22:24:47.797+05:30  INFO 20452 --- [http-nio-5000-exec-9] c.e.a.controller.NotificationController  : Fetching notifications for user: maneprasad1610@gmail.com
2026-08-06T22:24:47.819+05:30  INFO 20452 --- [http-nio-5000-exec-7] c.e.a.controller.NotificationController  : Fetching notifications for user: maneprasad1610@gmail.com
2026-08-06T22:24:50.624+05:30  INFO 20452 --- [http-nio-5000-exec-1] c.e.a.controller.NotificationController  : Fetching notifications for user: maneprasad1610@gmail.com
2026-08-06T22:24:50.665+05:30  INFO 20452 --- [http-nio-5000-exec-4] c.e.a.controller.NotificationController  : Fetching notifications for user: maneprasad1610@gmail.com
2026-08-06T22:24:52.483+05:30  INFO 20452 --- [http-nio-5000-exec-10] c.e.a.service.impl.DashboardServiceImpl  : Loading faculty dashboard for: maneprasad1610@gmail.com
2026-08-06T22:24:52.483+05:30  INFO 20452 --- [http-nio-5000-exec-8] c.e.a.controller.NotificationController  : Fetching notifications for user: maneprasad1610@gmail.com
2026-08-06T22:24:52.525+05:30  INFO 20452 --- [http-nio-5000-exec-2] c.e.a.controller.NotificationController  : Fetching notifications for user: maneprasad1610@gmail.com
2026-08-06T22:24:52.562+05:30  INFO 20452 --- [http-nio-5000-exec-6] c.e.a.service.impl.DashboardServiceImpl  : Loading faculty dashboard for: maneprasad1610@gmail.com
2026-08-06T22:24:54.467+05:30  INFO 20452 --- [http-nio-5000-exec-5] c.e.a.controller.NotificationController  : Fetching notifications for user: maneprasad1610@gmail.com
2026-08-06T22:24:54.491+05:30  INFO 20452 --- [http-nio-5000-exec-3] c.e.ai.service.impl.QuizServiceImpl      : Loading quizzes for user: maneprasad1610@gmail.com, role: faculty
2026-08-06T22:24:54.508+05:30  INFO 20452 --- [http-nio-5000-exec-9] c.e.a.controller.NotificationController  : Fetching notifications for user: maneprasad1610@gmail.com
2026-08-06T22:24:54.579+05:30  INFO 20452 --- [http-nio-5000-exec-7] c.e.ai.service.impl.QuizServiceImpl      : Loading quizzes for user: maneprasad1610@gmail.com, role: faculty
2026-08-06T22:24:55.969+05:30  INFO 20452 --- [http-nio-5000-exec-8] c.e.ai.service.impl.QuizServiceImpl      : Loading questions for quiz ID: 1
2026-08-06T22:24:55.969+05:30  INFO 20452 --- [http-nio-5000-exec-8] c.e.ai.service.impl.QuizServiceImpl      : Loading quiz ID: 1 for user: maneprasad1610@gmail.com
2026-08-06T22:24:55.969+05:30  INFO 20452 --- [http-nio-5000-exec-1] c.e.a.controller.NotificationController  : Fetching notifications for user: maneprasad1610@gmail.com
2026-08-06T22:24:55.981+05:30  INFO 20452 --- [http-nio-5000-exec-4] c.e.ai.service.impl.QuizServiceImpl      : Loading quiz ID: 1 for user: maneprasad1610@gmail.com
2026-08-06T22:24:55.995+05:30  INFO 20452 --- [http-nio-5000-exec-2] c.e.ai.service.impl.QuizServiceImpl      : Loading quiz ID: 1 for user: maneprasad1610@gmail.com
2026-08-06T22:24:56.025+05:30  INFO 20452 --- [http-nio-5000-exec-10] c.e.a.controller.NotificationController  : Fetching notifications for user: maneprasad1610@gmail.com
2026-08-06T22:24:56.026+05:30  INFO 20452 --- [http-nio-5000-exec-6] c.e.ai.service.impl.QuizServiceImpl      : Loading questions for quiz ID: 1
2026-08-06T22:24:56.026+05:30  INFO 20452 --- [http-nio-5000-exec-6] c.e.ai.service.impl.QuizServiceImpl      : Loading quiz ID: 1 for user: maneprasad1610@gmail.com
2026-08-06T22:24:56.059+05:30  INFO 20452 --- [http-nio-5000-exec-9] c.e.ai.service.impl.QuizServiceImpl      : Loading quiz ID: 1 for user: maneprasad1610@gmail.com
2026-08-06T22:24:56.070+05:30  INFO 20452 --- [http-nio-5000-exec-5] c.e.ai.service.impl.QuizServiceImpl      : Loading quiz ID: 1 for user: maneprasad1610@gmail.com
2026-08-06T22:25:12.189+05:30  INFO 20452 --- [http-nio-5000-exec-7] c.e.ai.service.impl.AuthServiceImpl      : User login attempt from IP: 0:0:0:0:0:0:0:1, email: cdacwptfeb2026@gmail.com
2026-08-06T22:25:12.516+05:30  INFO 20452 --- [http-nio-5000-exec-7] c.e.ai.service.impl.AuthServiceImpl      : User logged in successfully: cdacwptfeb2026@gmail.com
2026-08-06T22:25:13.202+05:30  INFO 20452 --- [http-nio-5000-exec-10] c.e.a.service.impl.DashboardServiceImpl  : Loading student dashboard for: cdacwptfeb2026@gmail.com
2026-08-06T22:25:13.205+05:30  INFO 20452 --- [http-nio-5000-exec-2] c.e.a.controller.NotificationController  : Fetching notifications for user: cdacwptfeb2026@gmail.com
2026-08-06T22:25:13.272+05:30  INFO 20452 --- [http-nio-5000-exec-6] c.e.a.controller.NotificationController  : Fetching notifications for user: cdacwptfeb2026@gmail.com
2026-08-06T22:25:13.346+05:30  INFO 20452 --- [http-nio-5000-exec-9] c.e.a.service.impl.DashboardServiceImpl  : Loading student dashboard for: cdacwptfeb2026@gmail.com
2026-08-06T22:25:15.165+05:30  INFO 20452 --- [http-nio-5000-exec-5] c.e.a.controller.NotificationController  : Fetching notifications for user: cdacwptfeb2026@gmail.com
2026-08-06T22:25:15.173+05:30  INFO 20452 --- [http-nio-5000-exec-1] c.e.ai.service.impl.AttemptServiceImpl   : Loading attempts list for student: cdacwptfeb2026@gmail.com
2026-08-06T22:25:15.204+05:30  INFO 20452 --- [http-nio-5000-exec-8] c.e.a.controller.NotificationController  : Fetching notifications for user: cdacwptfeb2026@gmail.com
2026-08-06T22:25:15.290+05:30  INFO 20452 --- [http-nio-5000-exec-4] c.e.ai.service.impl.AttemptServiceImpl   : Loading attempts list for student: cdacwptfeb2026@gmail.com
2026-08-06T22:25:18.265+05:30  INFO 20452 --- [http-nio-5000-exec-2] c.e.a.controller.NotificationController  : Fetching notifications for user: cdacwptfeb2026@gmail.com
2026-08-06T22:25:18.285+05:30  INFO 20452 --- [http-nio-5000-exec-10] c.e.ai.service.impl.QuizServiceImpl      : Loading quizzes for user: cdacwptfeb2026@gmail.com, role: student
2026-08-06T22:25:18.296+05:30  INFO 20452 --- [http-nio-5000-exec-6] c.e.ai.service.impl.AttemptServiceImpl   : Loading attempts list for student: cdacwptfeb2026@gmail.com
2026-08-06T22:25:18.377+05:30  INFO 20452 --- [http-nio-5000-exec-6] c.e.ai.service.impl.AttemptServiceImpl   : Loading attempts list for student: cdacwptfeb2026@gmail.com
2026-08-06T22:25:18.382+05:30  INFO 20452 --- [http-nio-5000-exec-9] c.e.a.controller.NotificationController  : Fetching notifications for user: cdacwptfeb2026@gmail.com
2026-08-06T22:25:18.407+05:30  INFO 20452 --- [http-nio-5000-exec-3] c.e.ai.service.impl.QuizServiceImpl      : Loading quizzes for user: cdacwptfeb2026@gmail.com, role: student
2026-08-06T22:25:19.377+05:30  INFO 20452 --- [http-nio-5000-exec-5] c.e.a.controller.NotificationController  : Fetching notifications for user: cdacwptfeb2026@gmail.com
2026-08-06T22:25:19.379+05:30  INFO 20452 --- [http-nio-5000-exec-8] c.e.ai.service.impl.AttemptServiceImpl   : Loading attempts list for student: cdacwptfeb2026@gmail.com
2026-08-06T22:25:19.415+05:30  INFO 20452 --- [http-nio-5000-exec-1] c.e.a.controller.NotificationController  : Fetching notifications for user: cdacwptfeb2026@gmail.com
2026-08-06T22:25:19.457+05:30  INFO 20452 --- [http-nio-5000-exec-4] c.e.ai.service.impl.AttemptServiceImpl   : Loading attempts list for student: cdacwptfeb2026@gmail.com
2026-08-06T22:25:21.016+05:30  INFO 20452 --- [http-nio-5000-exec-2] c.e.a.controller.NotificationController  : Fetching notifications for user: cdacwptfeb2026@gmail.com
2026-08-06T22:25:21.037+05:30  INFO 20452 --- [http-nio-5000-exec-10] c.e.ai.service.impl.QuizServiceImpl      : Loading quizzes for user: cdacwptfeb2026@gmail.com, role: student
2026-08-06T22:25:21.040+05:30  INFO 20452 --- [http-nio-5000-exec-7] c.e.ai.service.impl.AttemptServiceImpl   : Loading attempts list for student: cdacwptfeb2026@gmail.com
2026-08-06T22:25:21.115+05:30  INFO 20452 --- [http-nio-5000-exec-9] c.e.a.controller.NotificationController  : Fetching notifications for user: cdacwptfeb2026@gmail.com
2026-08-06T22:25:21.145+05:30  INFO 20452 --- [http-nio-5000-exec-6] c.e.ai.service.impl.QuizServiceImpl      : Loading quizzes for user: cdacwptfeb2026@gmail.com, role: student
2026-08-06T22:25:21.154+05:30  INFO 20452 --- [http-nio-5000-exec-3] c.e.ai.service.impl.AttemptServiceImpl   : Loading attempts list for student: cdacwptfeb2026@gmail.com
2026-08-06T22:25:27.444+05:30  INFO 20452 --- [http-nio-5000-exec-5] c.e.a.controller.NotificationController  : Fetching notifications for user: cdacwptfeb2026@gmail.com
2026-08-06T22:25:27.519+05:30  INFO 20452 --- [http-nio-5000-exec-2] c.e.a.controller.NotificationController  : Fetching notifications for user: cdacwptfeb2026@gmail.com
2026-08-06T22:25:27.525+05:30  INFO 20452 --- [http-nio-5000-exec-10] c.e.ai.service.impl.AttemptServiceImpl   : Loading details for attempt ID: 1
2026-08-06T22:25:27.647+05:30  INFO 20452 --- [http-nio-5000-exec-3] c.e.ai.service.impl.AttemptServiceImpl   : Loading details for attempt ID: 1
2026-08-06T22:25:27.689+05:30  INFO 20452 --- [http-nio-5000-exec-5] c.e.ai.controller.CertificateController  : Request to get certificate for attempt ID: 1
2026-08-06T22:25:27.945+05:30  INFO 20452 --- [http-nio-5000-exec-8] c.e.ai.controller.CertificateController  : Request to get certificate for attempt ID: 1
2026-08-06T22:25:55.748+05:30  INFO 20452 --- [http-nio-5000-exec-6] c.e.ai.service.impl.EmailServiceImpl     : HTML Email sent successfully to maneprasad1610@gmail.com
2026-08-06T22:25:55.749+05:30  INFO 20452 --- [http-nio-5000-exec-6] c.e.a.c.CommunicationController          : Result share email sent to: maneprasad1610@gmail.com
2026-08-06T22:42:50.407+05:30  INFO 24708 --- [main] com.examind.ai.BackendApplication        : Starting BackendApplication using Java 21.0.10 with PID 24708 (F:\CDAC FINAL PROJECT DRAFT\Versions\removing unecessary code\examind-cleaned\examind-cleaned\backend\target\classes started by Dell in F:\CDAC FINAL PROJECT DRAFT\Versions\removing unecessary code\examind-cleaned\examind-cleaned\backend)
2026-08-06T22:42:50.411+05:30  INFO 24708 --- [main] com.examind.ai.BackendApplication        : No active profile set, falling back to 1 default profile: "default"
2026-08-06T22:42:54.588+05:30  INFO 24708 --- [main] .s.d.r.c.RepositoryConfigurationDelegate : Bootstrapping Spring Data JPA repositories in DEFAULT mode.
2026-08-06T22:42:55.157+05:30  INFO 24708 --- [main] .s.d.r.c.RepositoryConfigurationDelegate : Finished Spring Data repository scanning in 514 ms. Found 20 JPA repository interfaces.
2026-08-06T22:42:58.273+05:30  INFO 24708 --- [main] o.s.b.w.embedded.tomcat.TomcatWebServer  : Tomcat initialized with port 5000 (http)
2026-08-06T22:42:58.353+05:30  INFO 24708 --- [main] o.apache.catalina.core.StandardService   : Starting service [Tomcat]
2026-08-06T22:42:58.355+05:30  INFO 24708 --- [main] o.apache.catalina.core.StandardEngine    : Starting Servlet engine: [Apache Tomcat/10.1.26]
2026-08-06T22:42:58.616+05:30  INFO 24708 --- [main] o.a.c.c.C.[Tomcat].[localhost].[/api]    : Initializing Spring embedded WebApplicationContext
2026-08-06T22:42:58.617+05:30  INFO 24708 --- [main] w.s.c.ServletWebServerApplicationContext : Root WebApplicationContext: initialization completed in 8115 ms
2026-08-06T22:42:59.101+05:30  INFO 24708 --- [main] o.hibernate.jpa.internal.util.LogHelper  : HHH000204: Processing PersistenceUnitInfo [name: default]
2026-08-06T22:42:59.319+05:30  INFO 24708 --- [main] org.hibernate.Version                    : HHH000412: Hibernate ORM core version 6.5.2.Final
2026-08-06T22:42:59.426+05:30  INFO 24708 --- [main] o.h.c.internal.RegionFactoryInitiator    : HHH000026: Second-level cache disabled
2026-08-06T22:43:00.491+05:30  INFO 24708 --- [main] o.s.o.j.p.SpringPersistenceUnitInfo      : No LoadTimeWeaver setup: ignoring JPA class transformer
2026-08-06T22:43:00.621+05:30  INFO 24708 --- [main] com.zaxxer.hikari.HikariDataSource       : HikariPool-1 - Starting...
2026-08-06T22:43:01.154+05:30  INFO 24708 --- [main] com.zaxxer.hikari.pool.HikariPool        : HikariPool-1 - Added connection com.mysql.cj.jdbc.ConnectionImpl@431babe6
2026-08-06T22:43:01.161+05:30  INFO 24708 --- [main] com.zaxxer.hikari.HikariDataSource       : HikariPool-1 - Start completed.
2026-08-06T22:43:01.291+05:30  WARN 24708 --- [main] org.hibernate.orm.deprecation            : HHH90000025: MySQLDialect does not need to be specified explicitly using 'hibernate.dialect' (remove the property setting and it will be selected by default)
2026-08-06T22:43:05.574+05:30  INFO 24708 --- [main] o.h.e.t.j.p.i.JtaPlatformInitiator       : HHH000489: No JTA platform available (set 'hibernate.transaction.jta.platform' to enable JTA platform integration)
2026-08-06T22:43:06.876+05:30  INFO 24708 --- [main] j.LocalContainerEntityManagerFactoryBean : Initialized JPA EntityManagerFactory for persistence unit 'default'
2026-08-06T22:43:07.608+05:30  INFO 24708 --- [main] o.s.d.j.r.query.QueryEnhancerFactory     : Hibernate is in classpath; If applicable, HQL parser will be used.
2026-08-06T22:43:12.095+05:30  WARN 24708 --- [main] JpaBaseConfiguration$JpaWebConfiguration : spring.jpa.open-in-view is enabled by default. Therefore, database queries may be performed during view rendering. Explicitly configure spring.jpa.open-in-view to disable this warning
2026-08-06T22:43:12.154+05:30  INFO 24708 --- [main] r$InitializeUserDetailsManagerConfigurer : Global AuthenticationManager configured with UserDetailsService bean with name customUserDetailsService
2026-08-06T22:43:13.623+05:30  INFO 24708 --- [main] o.s.b.w.embedded.tomcat.TomcatWebServer  : Tomcat started on port 5000 (http) with context path '/api'
2026-08-06T22:43:13.679+05:30  INFO 24708 --- [main] com.examind.ai.BackendApplication        : Started BackendApplication in 24.922 seconds (process running for 26.252)
2026-08-06T22:48:10.522+05:30  INFO 24708 --- [http-nio-5000-exec-1] o.a.c.c.C.[Tomcat].[localhost].[/api]    : Initializing Spring DispatcherServlet 'dispatcherServlet'
2026-08-06T22:48:10.524+05:30  INFO 24708 --- [http-nio-5000-exec-1] o.s.web.servlet.DispatcherServlet        : Initializing Servlet 'dispatcherServlet'
2026-08-06T22:48:10.528+05:30  INFO 24708 --- [http-nio-5000-exec-1] o.s.web.servlet.DispatcherServlet        : Completed initialization in 4 ms
2026-08-06T22:48:11.738+05:30  INFO 24708 --- [http-nio-5000-exec-10] c.e.a.controller.NotificationController  : Fetching notifications for user: faculty@examind.ai
2026-08-06T22:48:11.746+05:30  INFO 24708 --- [http-nio-5000-exec-2] c.e.a.service.impl.DashboardServiceImpl  : Loading faculty dashboard for: faculty@examind.ai
2026-08-06T22:48:11.817+05:30  INFO 24708 --- [http-nio-5000-exec-10] c.e.a.controller.NotificationController  : Fetching notifications for user: faculty@examind.ai
2026-08-06T22:48:12.191+05:30  INFO 24708 --- [http-nio-5000-exec-4] c.e.a.service.impl.DashboardServiceImpl  : Loading faculty dashboard for: faculty@examind.ai
2026-08-06T22:48:16.087+05:30  INFO 24708 --- [http-nio-5000-exec-5] c.e.a.controller.NotificationController  : Fetching notifications for user: faculty@examind.ai
2026-08-06T22:48:16.109+05:30  INFO 24708 --- [http-nio-5000-exec-6] c.e.a.controller.NotificationController  : Fetching notifications for user: faculty@examind.ai
2026-08-06T23:01:09.828+05:30  INFO 24708 --- [http-nio-5000-exec-2] c.e.a.controller.NotificationController  : Fetching notifications for user: faculty@examind.ai
2026-08-06T23:01:09.858+05:30  INFO 24708 --- [http-nio-5000-exec-4] c.e.a.controller.NotificationController  : Fetching notifications for user: faculty@examind.ai
2026-08-06T23:02:13.642+05:30  INFO 16552 --- [main] com.examind.ai.BackendApplication        : Starting BackendApplication using Java 21.0.10 with PID 16552 (F:\CDAC FINAL PROJECT DRAFT\Versions\removing unecessary code\examind-cleaned\examind-cleaned\backend\target\classes started by Dell in F:\CDAC FINAL PROJECT DRAFT\Versions\removing unecessary code\examind-cleaned\examind-cleaned\backend)
2026-08-06T23:02:13.644+05:30  INFO 16552 --- [main] com.examind.ai.BackendApplication        : No active profile set, falling back to 1 default profile: "default"
2026-08-06T23:02:14.675+05:30  INFO 16552 --- [main] .s.d.r.c.RepositoryConfigurationDelegate : Bootstrapping Spring Data JPA repositories in DEFAULT mode.
2026-08-06T23:02:14.893+05:30  INFO 16552 --- [main] .s.d.r.c.RepositoryConfigurationDelegate : Finished Spring Data repository scanning in 196 ms. Found 20 JPA repository interfaces.
2026-08-06T23:02:15.858+05:30  INFO 16552 --- [main] o.s.b.w.embedded.tomcat.TomcatWebServer  : Tomcat initialized with port 5000 (http)
2026-08-06T23:02:15.885+05:30  INFO 16552 --- [main] o.apache.catalina.core.StandardService   : Starting service [Tomcat]
2026-08-06T23:02:15.885+05:30  INFO 16552 --- [main] o.apache.catalina.core.StandardEngine    : Starting Servlet engine: [Apache Tomcat/10.1.26]
2026-08-06T23:02:15.982+05:30  INFO 16552 --- [main] o.a.c.c.C.[Tomcat].[localhost].[/api]    : Initializing Spring embedded WebApplicationContext
2026-08-06T23:02:15.982+05:30  INFO 16552 --- [main] w.s.c.ServletWebServerApplicationContext : Root WebApplicationContext: initialization completed in 2272 ms
2026-08-06T23:02:16.197+05:30  INFO 16552 --- [main] o.hibernate.jpa.internal.util.LogHelper  : HHH000204: Processing PersistenceUnitInfo [name: default]
2026-08-06T23:02:16.301+05:30  INFO 16552 --- [main] org.hibernate.Version                    : HHH000412: Hibernate ORM core version 6.5.2.Final
2026-08-06T23:02:16.361+05:30  INFO 16552 --- [main] o.h.c.internal.RegionFactoryInitiator    : HHH000026: Second-level cache disabled
2026-08-06T23:02:16.784+05:30  INFO 16552 --- [main] o.s.o.j.p.SpringPersistenceUnitInfo      : No LoadTimeWeaver setup: ignoring JPA class transformer
2026-08-06T23:02:16.825+05:30  INFO 16552 --- [main] com.zaxxer.hikari.HikariDataSource       : HikariPool-1 - Starting...
2026-08-06T23:02:17.027+05:30  INFO 16552 --- [main] com.zaxxer.hikari.pool.HikariPool        : HikariPool-1 - Added connection com.mysql.cj.jdbc.ConnectionImpl@53525379
2026-08-06T23:02:17.031+05:30  INFO 16552 --- [main] com.zaxxer.hikari.HikariDataSource       : HikariPool-1 - Start completed.
2026-08-06T23:02:17.105+05:30  WARN 16552 --- [main] org.hibernate.orm.deprecation            : HHH90000025: MySQLDialect does not need to be specified explicitly using 'hibernate.dialect' (remove the property setting and it will be selected by default)
2026-08-06T23:02:19.141+05:30  INFO 16552 --- [main] o.h.e.t.j.p.i.JtaPlatformInitiator       : HHH000489: No JTA platform available (set 'hibernate.transaction.jta.platform' to enable JTA platform integration)
2026-08-06T23:02:20.130+05:30  INFO 16552 --- [main] j.LocalContainerEntityManagerFactoryBean : Initialized JPA EntityManagerFactory for persistence unit 'default'
2026-08-06T23:02:20.494+05:30  INFO 16552 --- [main] o.s.d.j.r.query.QueryEnhancerFactory     : Hibernate is in classpath; If applicable, HQL parser will be used.
2026-08-06T23:02:23.682+05:30  WARN 16552 --- [main] JpaBaseConfiguration$JpaWebConfiguration : spring.jpa.open-in-view is enabled by default. Therefore, database queries may be performed during view rendering. Explicitly configure spring.jpa.open-in-view to disable this warning
2026-08-06T23:02:23.750+05:30  INFO 16552 --- [main] r$InitializeUserDetailsManagerConfigurer : Global AuthenticationManager configured with UserDetailsService bean with name customUserDetailsService
2026-08-06T23:02:25.295+05:30  INFO 16552 --- [main] o.s.b.w.embedded.tomcat.TomcatWebServer  : Tomcat started on port 5000 (http) with context path '/api'
2026-08-06T23:02:25.310+05:30  INFO 16552 --- [main] com.examind.ai.BackendApplication        : Started BackendApplication in 12.461 seconds (process running for 12.966)
2026-08-06T23:17:28.095+05:30  INFO 14584 --- [main] com.examind.ai.BackendApplication        : Starting BackendApplication using Java 21.0.10 with PID 14584 (F:\CDAC FINAL PROJECT DRAFT\Versions\removing unecessary code\examind-cleaned\examind-cleaned\backend\target\classes started by Dell in F:\CDAC FINAL PROJECT DRAFT\Versions\removing unecessary code\examind-cleaned\examind-cleaned\backend)
2026-08-06T23:17:28.098+05:30  INFO 14584 --- [main] com.examind.ai.BackendApplication        : No active profile set, falling back to 1 default profile: "default"
2026-08-06T23:17:29.214+05:30  INFO 14584 --- [main] .s.d.r.c.RepositoryConfigurationDelegate : Bootstrapping Spring Data JPA repositories in DEFAULT mode.
2026-08-06T23:17:29.377+05:30  INFO 14584 --- [main] .s.d.r.c.RepositoryConfigurationDelegate : Finished Spring Data repository scanning in 151 ms. Found 19 JPA repository interfaces.
2026-08-06T23:17:30.272+05:30  INFO 14584 --- [main] o.s.b.w.embedded.tomcat.TomcatWebServer  : Tomcat initialized with port 5000 (http)
2026-08-06T23:17:30.294+05:30  INFO 14584 --- [main] o.apache.catalina.core.StandardService   : Starting service [Tomcat]
2026-08-06T23:17:30.294+05:30  INFO 14584 --- [main] o.apache.catalina.core.StandardEngine    : Starting Servlet engine: [Apache Tomcat/10.1.26]
2026-08-06T23:17:30.399+05:30  INFO 14584 --- [main] o.a.c.c.C.[Tomcat].[localhost].[/api]    : Initializing Spring embedded WebApplicationContext
2026-08-06T23:17:30.400+05:30  INFO 14584 --- [main] w.s.c.ServletWebServerApplicationContext : Root WebApplicationContext: initialization completed in 2218 ms
2026-08-06T23:17:30.586+05:30  INFO 14584 --- [main] o.hibernate.jpa.internal.util.LogHelper  : HHH000204: Processing PersistenceUnitInfo [name: default]
2026-08-06T23:17:30.681+05:30  INFO 14584 --- [main] org.hibernate.Version                    : HHH000412: Hibernate ORM core version 6.5.2.Final
2026-08-06T23:17:30.739+05:30  INFO 14584 --- [main] o.h.c.internal.RegionFactoryInitiator    : HHH000026: Second-level cache disabled
2026-08-06T23:17:31.118+05:30  INFO 14584 --- [main] o.s.o.j.p.SpringPersistenceUnitInfo      : No LoadTimeWeaver setup: ignoring JPA class transformer
2026-08-06T23:17:31.161+05:30  INFO 14584 --- [main] com.zaxxer.hikari.HikariDataSource       : HikariPool-1 - Starting...
2026-08-06T23:17:31.399+05:30  INFO 14584 --- [main] com.zaxxer.hikari.pool.HikariPool        : HikariPool-1 - Added connection com.mysql.cj.jdbc.ConnectionImpl@78b9155e
2026-08-06T23:17:31.402+05:30  INFO 14584 --- [main] com.zaxxer.hikari.HikariDataSource       : HikariPool-1 - Start completed.
2026-08-06T23:17:31.478+05:30  WARN 14584 --- [main] org.hibernate.orm.deprecation            : HHH90000025: MySQLDialect does not need to be specified explicitly using 'hibernate.dialect' (remove the property setting and it will be selected by default)
2026-08-06T23:17:34.699+05:30  INFO 14584 --- [main] o.h.e.t.j.p.i.JtaPlatformInitiator       : HHH000489: No JTA platform available (set 'hibernate.transaction.jta.platform' to enable JTA platform integration)
2026-08-06T23:17:35.710+05:30  INFO 14584 --- [main] j.LocalContainerEntityManagerFactoryBean : Initialized JPA EntityManagerFactory for persistence unit 'default'
2026-08-06T23:17:36.361+05:30  INFO 14584 --- [main] o.s.d.j.r.query.QueryEnhancerFactory     : Hibernate is in classpath; If applicable, HQL parser will be used.
2026-08-06T23:17:40.426+05:30  WARN 14584 --- [main] JpaBaseConfiguration$JpaWebConfiguration : spring.jpa.open-in-view is enabled by default. Therefore, database queries may be performed during view rendering. Explicitly configure spring.jpa.open-in-view to disable this warning
2026-08-06T23:17:40.499+05:30  INFO 14584 --- [main] r$InitializeUserDetailsManagerConfigurer : Global AuthenticationManager configured with UserDetailsService bean with name customUserDetailsService
2026-08-06T23:17:41.915+05:30  INFO 14584 --- [main] o.s.b.w.embedded.tomcat.TomcatWebServer  : Tomcat started on port 5000 (http) with context path '/api'
2026-08-06T23:17:41.936+05:30  INFO 14584 --- [main] com.examind.ai.BackendApplication        : Started BackendApplication in 14.566 seconds (process running for 15.093)
2026-08-06T23:18:04.071+05:30  INFO 14584 --- [http-nio-5000-exec-1] o.a.c.c.C.[Tomcat].[localhost].[/api]    : Initializing Spring DispatcherServlet 'dispatcherServlet'
2026-08-06T23:18:04.073+05:30  INFO 14584 --- [http-nio-5000-exec-1] o.s.web.servlet.DispatcherServlet        : Initializing Servlet 'dispatcherServlet'
2026-08-06T23:18:04.075+05:30  INFO 14584 --- [http-nio-5000-exec-1] o.s.web.servlet.DispatcherServlet        : Completed initialization in 2 ms
2026-08-06T23:18:04.421+05:30  INFO 14584 --- [http-nio-5000-exec-1] c.e.ai.service.impl.AuthServiceImpl      : User login attempt from IP: 0:0:0:0:0:0:0:1, email: prasad.mane.cmfeb26@gmail.com
2026-08-06T23:18:04.977+05:30  INFO 14584 --- [http-nio-5000-exec-1] c.e.ai.service.impl.AuthServiceImpl      : User logged in successfully: prasad.mane.cmfeb26@gmail.com
2026-08-06T23:22:12.888+05:30  INFO 7376 --- [main] com.examind.ai.BackendApplication        : Starting BackendApplication using Java 21.0.10 with PID 7376 (F:\CDAC FINAL PROJECT DRAFT\Versions\removing unecessary code\examind-cleaned\examind-cleaned\backend\target\classes started by Dell in F:\CDAC FINAL PROJECT DRAFT\Versions\removing unecessary code\examind-cleaned\examind-cleaned\backend)
2026-08-06T23:22:12.892+05:30  INFO 7376 --- [main] com.examind.ai.BackendApplication        : No active profile set, falling back to 1 default profile: "default"
2026-08-06T23:22:14.393+05:30  INFO 7376 --- [main] .s.d.r.c.RepositoryConfigurationDelegate : Bootstrapping Spring Data JPA repositories in DEFAULT mode.
2026-08-06T23:22:14.686+05:30  INFO 7376 --- [main] .s.d.r.c.RepositoryConfigurationDelegate : Finished Spring Data repository scanning in 255 ms. Found 18 JPA repository interfaces.
2026-08-06T23:22:16.105+05:30  INFO 7376 --- [main] o.s.b.w.embedded.tomcat.TomcatWebServer  : Tomcat initialized with port 5000 (http)
2026-08-06T23:22:16.141+05:30  INFO 7376 --- [main] o.apache.catalina.core.StandardService   : Starting service [Tomcat]
2026-08-06T23:22:16.142+05:30  INFO 7376 --- [main] o.apache.catalina.core.StandardEngine    : Starting Servlet engine: [Apache Tomcat/10.1.26]
2026-08-06T23:22:16.264+05:30  INFO 7376 --- [main] o.a.c.c.C.[Tomcat].[localhost].[/api]    : Initializing Spring embedded WebApplicationContext
2026-08-06T23:22:16.266+05:30  INFO 7376 --- [main] w.s.c.ServletWebServerApplicationContext : Root WebApplicationContext: initialization completed in 3240 ms
2026-08-06T23:22:16.576+05:30  INFO 7376 --- [main] o.hibernate.jpa.internal.util.LogHelper  : HHH000204: Processing PersistenceUnitInfo [name: default]
2026-08-06T23:22:16.679+05:30  INFO 7376 --- [main] org.hibernate.Version                    : HHH000412: Hibernate ORM core version 6.5.2.Final
2026-08-06T23:22:16.753+05:30  INFO 7376 --- [main] o.h.c.internal.RegionFactoryInitiator    : HHH000026: Second-level cache disabled
2026-08-06T23:22:17.395+05:30  INFO 7376 --- [main] o.s.o.j.p.SpringPersistenceUnitInfo      : No LoadTimeWeaver setup: ignoring JPA class transformer
2026-08-06T23:22:17.468+05:30  INFO 7376 --- [main] com.zaxxer.hikari.HikariDataSource       : HikariPool-1 - Starting...
2026-08-06T23:22:17.775+05:30  INFO 7376 --- [main] com.zaxxer.hikari.pool.HikariPool        : HikariPool-1 - Added connection com.mysql.cj.jdbc.ConnectionImpl@216328b2
2026-08-06T23:22:17.780+05:30  INFO 7376 --- [main] com.zaxxer.hikari.HikariDataSource       : HikariPool-1 - Start completed.
2026-08-06T23:22:17.905+05:30  WARN 7376 --- [main] org.hibernate.orm.deprecation            : HHH90000025: MySQLDialect does not need to be specified explicitly using 'hibernate.dialect' (remove the property setting and it will be selected by default)
2026-08-06T23:22:20.629+05:30  INFO 7376 --- [main] o.h.e.t.j.p.i.JtaPlatformInitiator       : HHH000489: No JTA platform available (set 'hibernate.transaction.jta.platform' to enable JTA platform integration)
2026-08-06T23:22:21.714+05:30  INFO 7376 --- [main] j.LocalContainerEntityManagerFactoryBean : Initialized JPA EntityManagerFactory for persistence unit 'default'
2026-08-06T23:22:22.289+05:30  INFO 7376 --- [main] o.s.d.j.r.query.QueryEnhancerFactory     : Hibernate is in classpath; If applicable, HQL parser will be used.
2026-08-06T23:22:26.137+05:30  WARN 7376 --- [main] JpaBaseConfiguration$JpaWebConfiguration : spring.jpa.open-in-view is enabled by default. Therefore, database queries may be performed during view rendering. Explicitly configure spring.jpa.open-in-view to disable this warning
2026-08-06T23:22:26.180+05:30  INFO 7376 --- [main] r$InitializeUserDetailsManagerConfigurer : Global AuthenticationManager configured with UserDetailsService bean with name customUserDetailsService
2026-08-06T23:22:27.138+05:30  WARN 7376 --- [main] ConfigServletWebServerApplicationContext : Exception encountered during context initialization - cancelling refresh attempt: org.springframework.context.ApplicationContextException: Failed to start bean 'webServerStartStop'
2026-08-06T23:22:27.147+05:30  INFO 7376 --- [main] j.LocalContainerEntityManagerFactoryBean : Closing JPA EntityManagerFactory for persistence unit 'default'
2026-08-06T23:22:27.151+05:30  INFO 7376 --- [main] com.zaxxer.hikari.HikariDataSource       : HikariPool-1 - Shutdown initiated...
2026-08-06T23:22:27.167+05:30  INFO 7376 --- [main] com.zaxxer.hikari.HikariDataSource       : HikariPool-1 - Shutdown completed.
2026-08-06T23:22:27.189+05:30  INFO 7376 --- [main] .s.b.a.l.ConditionEvaluationReportLogger : 

Error starting ApplicationContext. To display the condition evaluation report re-run your application with 'debug' enabled.
2026-08-06T23:22:27.219+05:30 ERROR 7376 --- [main] o.s.b.d.LoggingFailureAnalysisReporter   : 

***************************
APPLICATION FAILED TO START
***************************

Description:

Web server failed to start. Port 5000 was already in use.

Action:

Identify and stop the process that's listening on port 5000 or configure this application to listen on another port.

2026-08-06T23:22:55.586+05:30  INFO 4408 --- [main] com.examind.ai.BackendApplication        : Starting BackendApplication using Java 21.0.10 with PID 4408 (F:\CDAC FINAL PROJECT DRAFT\Versions\removing unecessary code\examind-cleaned\examind-cleaned\backend\target\classes started by Dell in F:\CDAC FINAL PROJECT DRAFT\Versions\removing unecessary code\examind-cleaned\examind-cleaned\backend)
2026-08-06T23:22:55.588+05:30  INFO 4408 --- [main] com.examind.ai.BackendApplication        : No active profile set, falling back to 1 default profile: "default"
2026-08-06T23:22:56.722+05:30  INFO 4408 --- [main] .s.d.r.c.RepositoryConfigurationDelegate : Bootstrapping Spring Data JPA repositories in DEFAULT mode.
2026-08-06T23:22:56.866+05:30  INFO 4408 --- [main] .s.d.r.c.RepositoryConfigurationDelegate : Finished Spring Data repository scanning in 133 ms. Found 18 JPA repository interfaces.
2026-08-06T23:22:57.653+05:30  INFO 4408 --- [main] o.s.b.w.embedded.tomcat.TomcatWebServer  : Tomcat initialized with port 5000 (http)
2026-08-06T23:22:57.669+05:30  INFO 4408 --- [main] o.apache.catalina.core.StandardService   : Starting service [Tomcat]
2026-08-06T23:22:57.670+05:30  INFO 4408 --- [main] o.apache.catalina.core.StandardEngine    : Starting Servlet engine: [Apache Tomcat/10.1.26]
2026-08-06T23:22:57.755+05:30  INFO 4408 --- [main] o.a.c.c.C.[Tomcat].[localhost].[/api]    : Initializing Spring embedded WebApplicationContext
2026-08-06T23:22:57.756+05:30  INFO 4408 --- [main] w.s.c.ServletWebServerApplicationContext : Root WebApplicationContext: initialization completed in 2087 ms
2026-08-06T23:22:57.957+05:30  INFO 4408 --- [main] o.hibernate.jpa.internal.util.LogHelper  : HHH000204: Processing PersistenceUnitInfo [name: default]
2026-08-06T23:22:58.026+05:30  INFO 4408 --- [main] org.hibernate.Version                    : HHH000412: Hibernate ORM core version 6.5.2.Final
2026-08-06T23:22:58.073+05:30  INFO 4408 --- [main] o.h.c.internal.RegionFactoryInitiator    : HHH000026: Second-level cache disabled
2026-08-06T23:22:58.426+05:30  INFO 4408 --- [main] o.s.o.j.p.SpringPersistenceUnitInfo      : No LoadTimeWeaver setup: ignoring JPA class transformer
2026-08-06T23:22:58.458+05:30  INFO 4408 --- [main] com.zaxxer.hikari.HikariDataSource       : HikariPool-1 - Starting...
2026-08-06T23:22:58.667+05:30  INFO 4408 --- [main] com.zaxxer.hikari.pool.HikariPool        : HikariPool-1 - Added connection com.mysql.cj.jdbc.ConnectionImpl@3514ac7d
2026-08-06T23:22:58.670+05:30  INFO 4408 --- [main] com.zaxxer.hikari.HikariDataSource       : HikariPool-1 - Start completed.
2026-08-06T23:22:58.737+05:30  WARN 4408 --- [main] org.hibernate.orm.deprecation            : HHH90000025: MySQLDialect does not need to be specified explicitly using 'hibernate.dialect' (remove the property setting and it will be selected by default)
2026-08-06T23:23:01.172+05:30  INFO 4408 --- [main] o.h.e.t.j.p.i.JtaPlatformInitiator       : HHH000489: No JTA platform available (set 'hibernate.transaction.jta.platform' to enable JTA platform integration)
2026-08-06T23:23:02.618+05:30  INFO 4408 --- [main] j.LocalContainerEntityManagerFactoryBean : Initialized JPA EntityManagerFactory for persistence unit 'default'
2026-08-06T23:23:02.955+05:30  INFO 4408 --- [main] o.s.d.j.r.query.QueryEnhancerFactory     : Hibernate is in classpath; If applicable, HQL parser will be used.
2026-08-06T23:23:05.565+05:30  WARN 4408 --- [main] JpaBaseConfiguration$JpaWebConfiguration : spring.jpa.open-in-view is enabled by default. Therefore, database queries may be performed during view rendering. Explicitly configure spring.jpa.open-in-view to disable this warning
2026-08-06T23:23:05.604+05:30  INFO 4408 --- [main] r$InitializeUserDetailsManagerConfigurer : Global AuthenticationManager configured with UserDetailsService bean with name customUserDetailsService
2026-08-06T23:23:06.402+05:30  INFO 4408 --- [main] o.s.b.w.embedded.tomcat.TomcatWebServer  : Tomcat started on port 5000 (http) with context path '/api'
2026-08-06T23:23:06.426+05:30  INFO 4408 --- [main] com.examind.ai.BackendApplication        : Started BackendApplication in 11.495 seconds (process running for 12.032)
2026-08-06T23:23:43.568+05:30  INFO 4408 --- [http-nio-5000-exec-3] o.a.c.c.C.[Tomcat].[localhost].[/api]    : Initializing Spring DispatcherServlet 'dispatcherServlet'
2026-08-06T23:23:43.569+05:30  INFO 4408 --- [http-nio-5000-exec-3] o.s.web.servlet.DispatcherServlet        : Initializing Servlet 'dispatcherServlet'
2026-08-06T23:23:43.572+05:30  INFO 4408 --- [http-nio-5000-exec-3] o.s.web.servlet.DispatcherServlet        : Completed initialization in 3 ms
2026-08-06T23:23:44.562+05:30  INFO 4408 --- [http-nio-5000-exec-10] c.e.a.service.impl.DashboardServiceImpl  : Loading faculty dashboard for: faculty@examind.ai
2026-08-06T23:23:44.563+05:30  INFO 4408 --- [http-nio-5000-exec-9] c.e.a.controller.NotificationController  : Fetching notifications for user: faculty@examind.ai
2026-08-06T23:23:44.644+05:30  INFO 4408 --- [http-nio-5000-exec-2] c.e.a.controller.NotificationController  : Fetching notifications for user: faculty@examind.ai
2026-08-06T23:23:44.980+05:30  INFO 4408 --- [http-nio-5000-exec-3] c.e.a.service.impl.DashboardServiceImpl  : Loading faculty dashboard for: faculty@examind.ai
2026-08-06T23:23:47.310+05:30  INFO 4408 --- [http-nio-5000-exec-1] c.e.a.controller.NotificationController  : Fetching notifications for user: faculty@examind.ai
2026-08-06T23:23:47.335+05:30  INFO 4408 --- [http-nio-5000-exec-4] c.e.a.controller.NotificationController  : Fetching notifications for user: faculty@examind.ai
2026-08-06T23:23:48.269+05:30  INFO 4408 --- [http-nio-5000-exec-5] c.e.a.controller.NotificationController  : Fetching notifications for user: faculty@examind.ai
2026-08-06T23:23:48.295+05:30  INFO 4408 --- [http-nio-5000-exec-9] c.e.a.controller.NotificationController  : Fetching notifications for user: faculty@examind.ai
2026-08-06T23:23:48.302+05:30  INFO 4408 --- [http-nio-5000-exec-8] c.e.ai.service.impl.QuizServiceImpl      : Loading quizzes for user: faculty@examind.ai, role: faculty
2026-08-06T23:23:48.528+05:30  INFO 4408 --- [http-nio-5000-exec-2] c.e.ai.service.impl.QuizServiceImpl      : Loading quizzes for user: faculty@examind.ai, role: faculty
2026-08-06T23:23:48.759+05:30  INFO 4408 --- [http-nio-5000-exec-10] c.e.a.controller.NotificationController  : Fetching notifications for user: faculty@examind.ai
2026-08-06T23:23:48.763+05:30  INFO 4408 --- [http-nio-5000-exec-3] c.e.a.service.impl.DashboardServiceImpl  : Loading faculty dashboard for: faculty@examind.ai
2026-08-06T23:23:48.796+05:30  INFO 4408 --- [http-nio-5000-exec-1] c.e.a.controller.NotificationController  : Fetching notifications for user: faculty@examind.ai
2026-08-06T23:23:48.936+05:30  INFO 4408 --- [http-nio-5000-exec-4] c.e.a.service.impl.DashboardServiceImpl  : Loading faculty dashboard for: faculty@examind.ai
2026-08-06T23:23:56.084+05:30  INFO 4408 --- [http-nio-5000-exec-6] c.e.a.controller.NotificationController  : Fetching notifications for user: faculty@examind.ai
2026-08-06T23:23:56.105+05:30  INFO 4408 --- [http-nio-5000-exec-7] c.e.a.controller.NotificationController  : Fetching notifications for user: faculty@examind.ai
2026-08-06T23:23:57.240+05:30  INFO 4408 --- [http-nio-5000-exec-9] c.e.a.controller.NotificationController  : Fetching notifications for user: faculty@examind.ai
2026-08-06T23:23:57.275+05:30  INFO 4408 --- [http-nio-5000-exec-10] c.e.a.controller.NotificationController  : Fetching notifications for user: faculty@examind.ai
2026-08-06T23:24:14.624+05:30  INFO 4408 --- [http-nio-5000-exec-4] c.e.ai.service.impl.AuthServiceImpl      : User login attempt from IP: 0:0:0:0:0:0:0:1, email: pratik.navale.cmfeb26@gmail.com
2026-08-06T23:24:14.916+05:30  INFO 4408 --- [http-nio-5000-exec-4] c.e.ai.service.impl.AuthServiceImpl      : User logged in successfully: pratik.navale.cmfeb26@gmail.com
2026-08-06T23:24:15.180+05:30  INFO 4408 --- [http-nio-5000-exec-5] c.e.a.controller.NotificationController  : Fetching notifications for user: pratik.navale.cmfeb26@gmail.com
2026-08-06T23:24:15.216+05:30  INFO 4408 --- [http-nio-5000-exec-10] c.e.a.controller.NotificationController  : Fetching notifications for user: pratik.navale.cmfeb26@gmail.com
2026-08-06T23:24:15.231+05:30  INFO 4408 --- [http-nio-5000-exec-9] c.e.ai.service.impl.AdminServiceImpl     : Compiling admin dashboard statistics
2026-08-06T23:24:15.357+05:30  INFO 4408 --- [http-nio-5000-exec-9] c.e.ai.service.impl.AdminServiceImpl     : Compiling admin dashboard statistics
2026-08-06T23:24:16.604+05:30  INFO 4408 --- [http-nio-5000-exec-1] c.e.a.controller.NotificationController  : Fetching notifications for user: pratik.navale.cmfeb26@gmail.com
2026-08-06T23:24:16.623+05:30  INFO 4408 --- [http-nio-5000-exec-6] c.e.ai.service.impl.AdminServiceImpl     : Admin fetching filtered users list: role=null, status=null, search=null
2026-08-06T23:24:16.638+05:30  INFO 4408 --- [http-nio-5000-exec-8] c.e.a.controller.NotificationController  : Fetching notifications for user: pratik.navale.cmfeb26@gmail.com
2026-08-06T23:24:16.692+05:30  INFO 4408 --- [http-nio-5000-exec-7] c.e.ai.service.impl.AdminServiceImpl     : Admin fetching filtered users list: role=null, status=null, search=null
2026-08-06T23:24:18.895+05:30  INFO 4408 --- [http-nio-5000-exec-10] c.e.ai.service.impl.AdminServiceImpl     : Admin fetching filtered users list: role=student, status=null, search=null
2026-08-06T23:24:19.473+05:30  INFO 4408 --- [http-nio-5000-exec-9] c.e.ai.service.impl.AdminServiceImpl     : Admin fetching filtered users list: role=faculty, status=null, search=null
2026-08-06T23:24:19.856+05:30  INFO 4408 --- [http-nio-5000-exec-4] c.e.ai.service.impl.AdminServiceImpl     : Admin fetching filtered users list: role=admin, status=null, search=null
2026-08-06T23:25:45.453+05:30  INFO 4408 --- [http-nio-5000-exec-10] c.e.ai.service.impl.AdminServiceImpl     : Admin fetching filtered users list: role=null, status=null, search=null
2026-08-06T23:25:45.991+05:30  INFO 4408 --- [http-nio-5000-exec-4] c.e.ai.service.impl.AdminServiceImpl     : Admin loading all groups
2026-08-06T23:25:45.999+05:30  INFO 4408 --- [http-nio-5000-exec-6] c.e.a.controller.NotificationController  : Fetching notifications for user: pratik.navale.cmfeb26@gmail.com
2026-08-06T23:25:46.002+05:30  INFO 4408 --- [http-nio-5000-exec-9] c.e.ai.service.impl.AdminServiceImpl     : Admin fetching filtered users list: role=faculty, status=null, search=null
2026-08-06T23:25:46.026+05:30  INFO 4408 --- [http-nio-5000-exec-10] c.e.ai.service.impl.AdminServiceImpl     : Admin fetching filtered users list: role=faculty, status=null, search=null
2026-08-06T23:25:46.027+05:30  INFO 4408 --- [http-nio-5000-exec-5] c.e.a.controller.NotificationController  : Fetching notifications for user: pratik.navale.cmfeb26@gmail.com
2026-08-06T23:25:46.065+05:30  INFO 4408 --- [http-nio-5000-exec-2] c.e.ai.service.impl.AdminServiceImpl     : Admin loading all groups
2026-08-06T23:25:47.719+05:30  INFO 4408 --- [http-nio-5000-exec-1] c.e.a.controller.NotificationController  : Fetching notifications for user: pratik.navale.cmfeb26@gmail.com
2026-08-06T23:25:47.732+05:30  INFO 4408 --- [http-nio-5000-exec-7] c.e.ai.service.impl.AdminServiceImpl     : Admin fetching quizzes list: search=null, published=null
2026-08-06T23:25:47.740+05:30  INFO 4408 --- [http-nio-5000-exec-1] c.e.a.controller.NotificationController  : Fetching notifications for user: pratik.navale.cmfeb26@gmail.com
2026-08-06T23:25:47.828+05:30  INFO 4408 --- [http-nio-5000-exec-9] c.e.ai.service.impl.AdminServiceImpl     : Admin fetching quizzes list: search=null, published=null
2026-08-06T23:25:48.196+05:30  INFO 4408 --- [http-nio-5000-exec-10] c.e.a.controller.NotificationController  : Fetching notifications for user: pratik.navale.cmfeb26@gmail.com
2026-08-06T23:25:48.199+05:30  INFO 4408 --- [http-nio-5000-exec-5] c.e.ai.service.impl.AdminServiceImpl     : Admin fetching filtered users list: role=null, status=null, search=null
2026-08-06T23:25:48.230+05:30  INFO 4408 --- [http-nio-5000-exec-4] c.e.a.controller.NotificationController  : Fetching notifications for user: pratik.navale.cmfeb26@gmail.com
2026-08-06T23:25:48.259+05:30  INFO 4408 --- [http-nio-5000-exec-2] c.e.ai.service.impl.AdminServiceImpl     : Admin fetching filtered users list: role=null, status=null, search=null
2026-08-06T23:25:54.312+05:30  INFO 4408 --- [http-nio-5000-exec-8] c.e.a.controller.NotificationController  : Fetching notifications for user: pratik.navale.cmfeb26@gmail.com
2026-08-06T23:25:54.312+05:30  INFO 4408 --- [http-nio-5000-exec-3] c.e.ai.service.impl.AdminServiceImpl     : Compiling admin dashboard statistics
2026-08-06T23:25:54.328+05:30  INFO 4408 --- [http-nio-5000-exec-6] c.e.a.controller.NotificationController  : Fetching notifications for user: pratik.navale.cmfeb26@gmail.com
2026-08-06T23:25:54.401+05:30  INFO 4408 --- [http-nio-5000-exec-1] c.e.ai.service.impl.AdminServiceImpl     : Compiling admin dashboard statistics
2026-08-06T23:25:57.550+05:30  INFO 4408 --- [http-nio-5000-exec-7] c.e.a.controller.NotificationController  : Fetching notifications for user: pratik.navale.cmfeb26@gmail.com
2026-08-06T23:25:57.552+05:30  INFO 4408 --- [http-nio-5000-exec-9] c.e.ai.service.impl.AdminServiceImpl     : Admin fetching filtered users list: role=null, status=null, search=null
2026-08-06T23:25:57.586+05:30  INFO 4408 --- [http-nio-5000-exec-10] c.e.a.controller.NotificationController  : Fetching notifications for user: pratik.navale.cmfeb26@gmail.com
2026-08-06T23:25:57.618+05:30  INFO 4408 --- [http-nio-5000-exec-4] c.e.ai.service.impl.AdminServiceImpl     : Admin fetching filtered users list: role=null, status=null, search=null
2026-08-06T23:25:58.988+05:30  INFO 4408 --- [http-nio-5000-exec-5] c.e.ai.service.impl.AdminServiceImpl     : Admin fetching filtered users list: role=student, status=null, search=null
2026-08-06T23:25:59.317+05:30  INFO 4408 --- [http-nio-5000-exec-2] c.e.ai.service.impl.AdminServiceImpl     : Admin fetching filtered users list: role=faculty, status=null, search=null
2026-08-06T23:25:59.589+05:30  INFO 4408 --- [http-nio-5000-exec-8] c.e.ai.service.impl.AdminServiceImpl     : Admin fetching filtered users list: role=admin, status=null, search=null
2026-08-06T23:26:00.077+05:30  INFO 4408 --- [http-nio-5000-exec-6] c.e.ai.service.impl.AdminServiceImpl     : Admin fetching filtered users list: role=null, status=null, search=null
2026-08-06T23:26:00.598+05:30  INFO 4408 --- [http-nio-5000-exec-3] c.e.ai.service.impl.AdminServiceImpl     : Admin fetching filtered users list: role=student, status=null, search=null
2026-08-06T23:26:00.957+05:30  INFO 4408 --- [http-nio-5000-exec-1] c.e.ai.service.impl.AdminServiceImpl     : Admin fetching filtered users list: role=faculty, status=null, search=null
2026-08-06T23:26:01.203+05:30  INFO 4408 --- [http-nio-5000-exec-7] c.e.ai.service.impl.AdminServiceImpl     : Admin fetching filtered users list: role=admin, status=null, search=null
2026-08-06T23:26:01.469+05:30  INFO 4408 --- [http-nio-5000-exec-9] c.e.ai.service.impl.AdminServiceImpl     : Admin fetching filtered users list: role=null, status=null, search=null
2026-08-06T23:26:02.170+05:30  INFO 4408 --- [http-nio-5000-exec-10] c.e.ai.service.impl.AdminServiceImpl     : Admin fetching filtered users list: role=student, status=null, search=null
2026-08-06T23:26:02.487+05:30  INFO 4408 --- [http-nio-5000-exec-4] c.e.ai.service.impl.AdminServiceImpl     : Admin fetching filtered users list: role=faculty, status=null, search=null
2026-08-06T23:26:02.744+05:30  INFO 4408 --- [http-nio-5000-exec-5] c.e.ai.service.impl.AdminServiceImpl     : Admin fetching filtered users list: role=admin, status=null, search=null
2026-08-06T23:26:12.083+05:30  INFO 4408 --- [http-nio-5000-exec-7] c.e.a.service.impl.DashboardServiceImpl  : Loading student dashboard for: pratiknavale21@gmail.com
2026-08-06T23:26:12.086+05:30  INFO 4408 --- [http-nio-5000-exec-9] c.e.a.controller.NotificationController  : Fetching notifications for user: pratiknavale21@gmail.com
2026-08-06T23:26:12.110+05:30  INFO 4408 --- [http-nio-5000-exec-10] c.e.a.controller.NotificationController  : Fetching notifications for user: pratiknavale21@gmail.com
2026-08-06T23:26:12.219+05:30  INFO 4408 --- [http-nio-5000-exec-1] c.e.a.service.impl.DashboardServiceImpl  : Loading student dashboard for: pratiknavale21@gmail.com
2026-08-06T23:26:21.248+05:30  INFO 4408 --- [http-nio-5000-exec-7] c.e.a.controller.NotificationController  : Fetching notifications for user: pratiknavale21@gmail.com
2026-08-06T23:26:21.266+05:30  INFO 4408 --- [http-nio-5000-exec-1] c.e.a.service.impl.DashboardServiceImpl  : Loading student dashboard for: pratiknavale21@gmail.com
2026-08-06T23:26:21.284+05:30  INFO 4408 --- [http-nio-5000-exec-5] c.e.a.controller.NotificationController  : Fetching notifications for user: pratiknavale21@gmail.com
2026-08-06T23:26:21.429+05:30  INFO 4408 --- [http-nio-5000-exec-2] c.e.a.service.impl.DashboardServiceImpl  : Loading student dashboard for: pratiknavale21@gmail.com
2026-08-06T23:26:35.769+05:30  INFO 4408 --- [http-nio-5000-exec-3] c.e.ai.service.impl.AuthServiceImpl      : User login attempt from IP: 0:0:0:0:0:0:0:1, email: pratik.navale.cmfeb26@gmail.com
2026-08-06T23:26:35.996+05:30  INFO 4408 --- [http-nio-5000-exec-3] c.e.ai.service.impl.AuthServiceImpl      : User logged in successfully: pratik.navale.cmfeb26@gmail.com
2026-08-06T23:26:36.328+05:30  INFO 4408 --- [http-nio-5000-exec-8] c.e.a.controller.NotificationController  : Fetching notifications for user: pratik.navale.cmfeb26@gmail.com
2026-08-06T23:26:36.338+05:30  INFO 4408 --- [http-nio-5000-exec-7] c.e.ai.service.impl.AdminServiceImpl     : Compiling admin dashboard statistics
2026-08-06T23:26:36.357+05:30  INFO 4408 --- [http-nio-5000-exec-5] c.e.a.controller.NotificationController  : Fetching notifications for user: pratik.navale.cmfeb26@gmail.com
2026-08-06T23:26:36.445+05:30  INFO 4408 --- [http-nio-5000-exec-1] c.e.ai.service.impl.AdminServiceImpl     : Compiling admin dashboard statistics
2026-08-06T23:26:44.852+05:30  INFO 4408 --- [http-nio-5000-exec-2] c.e.a.controller.NotificationController  : Fetching notifications for user: pratik.navale.cmfeb26@gmail.com
2026-08-06T23:26:44.861+05:30  INFO 4408 --- [http-nio-5000-exec-4] c.e.ai.service.impl.AdminServiceImpl     : Admin fetching filtered users list: role=null, status=null, search=null
2026-08-06T23:26:44.865+05:30  INFO 4408 --- [http-nio-5000-exec-9] c.e.a.controller.NotificationController  : Fetching notifications for user: pratik.navale.cmfeb26@gmail.com
2026-08-06T23:26:44.891+05:30  INFO 4408 --- [http-nio-5000-exec-10] c.e.ai.service.impl.AdminServiceImpl     : Admin fetching filtered users list: role=null, status=null, search=null
2026-08-06T23:26:46.016+05:30  INFO 4408 --- [http-nio-5000-exec-5] c.e.ai.service.impl.AdminServiceImpl     : Admin fetching filtered users list: role=student, status=null, search=null
2026-08-06T23:26:46.722+05:30  INFO 4408 --- [http-nio-5000-exec-1] c.e.ai.service.impl.AdminServiceImpl     : Admin fetching filtered users list: role=faculty, status=null, search=null
2026-08-06T23:26:47.004+05:30  INFO 4408 --- [http-nio-5000-exec-4] c.e.ai.service.impl.AdminServiceImpl     : Admin fetching filtered users list: role=admin, status=null, search=null
2026-08-06T23:26:47.728+05:30  INFO 4408 --- [http-nio-5000-exec-10] c.e.ai.service.impl.AdminServiceImpl     : Admin fetching filtered users list: role=null, status=null, search=null
2026-08-06T23:26:48.489+05:30  INFO 4408 --- [http-nio-5000-exec-8] c.e.ai.service.impl.AdminServiceImpl     : Admin fetching filtered users list: role=student, status=null, search=null
2026-08-06T23:26:48.839+05:30  INFO 4408 --- [http-nio-5000-exec-5] c.e.ai.service.impl.AdminServiceImpl     : Admin fetching filtered users list: role=faculty, status=null, search=null
2026-08-06T23:26:49.109+05:30  INFO 4408 --- [http-nio-5000-exec-7] c.e.ai.service.impl.AdminServiceImpl     : Admin fetching filtered users list: role=admin, status=null, search=null
2026-08-06T23:26:49.554+05:30  INFO 4408 --- [http-nio-5000-exec-1] c.e.ai.service.impl.AdminServiceImpl     : Admin fetching filtered users list: role=null, status=null, search=null
2026-08-06T23:26:49.909+05:30  INFO 4408 --- [http-nio-5000-exec-3] c.e.ai.service.impl.AdminServiceImpl     : Admin fetching filtered users list: role=student, status=null, search=null
2026-08-06T23:26:50.213+05:30  INFO 4408 --- [http-nio-5000-exec-2] c.e.ai.service.impl.AdminServiceImpl     : Admin fetching filtered users list: role=faculty, status=null, search=null
2026-08-06T23:26:50.480+05:30  INFO 4408 --- [http-nio-5000-exec-9] c.e.ai.service.impl.AdminServiceImpl     : Admin fetching filtered users list: role=admin, status=null, search=null
2026-08-06T23:26:51.230+05:30  INFO 4408 --- [http-nio-5000-exec-6] c.e.ai.service.impl.AdminServiceImpl     : Admin fetching filtered users list: role=null, status=null, search=null
2026-08-06T23:26:53.258+05:30  INFO 4408 --- [http-nio-5000-exec-4] c.e.a.controller.NotificationController  : Fetching notifications for user: pratik.navale.cmfeb26@gmail.com
2026-08-06T23:26:53.259+05:30  INFO 4408 --- [http-nio-5000-exec-10] c.e.ai.service.impl.AdminServiceImpl     : Compiling admin dashboard statistics
2026-08-06T23:26:53.274+05:30  INFO 4408 --- [http-nio-5000-exec-8] c.e.a.controller.NotificationController  : Fetching notifications for user: pratik.navale.cmfeb26@gmail.com
2026-08-06T23:26:53.360+05:30  INFO 4408 --- [http-nio-5000-exec-5] c.e.ai.service.impl.AdminServiceImpl     : Compiling admin dashboard statistics
2026-08-06T23:26:54.725+05:30  INFO 4408 --- [http-nio-5000-exec-7] c.e.a.controller.NotificationController  : Fetching notifications for user: pratik.navale.cmfeb26@gmail.com
2026-08-06T23:26:54.741+05:30  INFO 4408 --- [http-nio-5000-exec-7] c.e.a.controller.NotificationController  : Fetching notifications for user: pratik.navale.cmfeb26@gmail.com
2026-08-06T23:26:56.363+05:30  INFO 4408 --- [http-nio-5000-exec-2] c.e.a.controller.NotificationController  : Fetching notifications for user: pratik.navale.cmfeb26@gmail.com
2026-08-06T23:26:56.383+05:30  INFO 4408 --- [http-nio-5000-exec-9] c.e.a.controller.NotificationController  : Fetching notifications for user: pratik.navale.cmfeb26@gmail.com
2026-08-06T23:29:14.950+05:30  INFO 4408 --- [http-nio-5000-exec-2] c.e.ai.service.impl.AuthServiceImpl      : User login attempt from IP: 0:0:0:0:0:0:0:1, email: pratiknavale21@gmail.com
2026-08-06T23:29:15.161+05:30  INFO 4408 --- [http-nio-5000-exec-2] c.e.ai.service.impl.AuthServiceImpl      : User logged in successfully: pratiknavale21@gmail.com
2026-08-06T23:29:15.253+05:30  INFO 4408 --- [http-nio-5000-exec-4] c.e.a.controller.NotificationController  : Fetching notifications for user: pratiknavale21@gmail.com
2026-08-06T23:29:15.257+05:30  INFO 4408 --- [http-nio-5000-exec-10] c.e.a.service.impl.DashboardServiceImpl  : Loading student dashboard for: pratiknavale21@gmail.com
2026-08-06T23:29:15.269+05:30  INFO 4408 --- [http-nio-5000-exec-1] c.e.a.controller.NotificationController  : Fetching notifications for user: pratiknavale21@gmail.com
2026-08-06T23:29:15.344+05:30  INFO 4408 --- [http-nio-5000-exec-7] c.e.a.service.impl.DashboardServiceImpl  : Loading student dashboard for: pratiknavale21@gmail.com
2026-08-06T23:29:18.096+05:30  INFO 4408 --- [http-nio-5000-exec-2] c.e.a.controller.NotificationController  : Fetching notifications for user: pratiknavale21@gmail.com
2026-08-06T23:29:18.115+05:30  INFO 4408 --- [http-nio-5000-exec-8] c.e.a.controller.NotificationController  : Fetching notifications for user: pratiknavale21@gmail.com
2026-08-06T23:29:34.780+05:30  INFO 4408 --- [http-nio-5000-exec-8] c.e.a.controller.NotificationController  : Fetching notifications for user: pratiknavale21@gmail.com
2026-08-06T23:29:34.795+05:30  INFO 4408 --- [http-nio-5000-exec-4] c.e.ai.controller.AICoachController      : Generating AI Coach insights for student: pratiknavale21@gmail.com
2026-08-06T23:29:34.807+05:30  INFO 4408 --- [http-nio-5000-exec-1] c.e.a.controller.NotificationController  : Fetching notifications for user: pratiknavale21@gmail.com
2026-08-06T23:29:34.959+05:30  INFO 4408 --- [http-nio-5000-exec-10] c.e.ai.controller.AICoachController      : Generating AI Coach insights for student: pratiknavale21@gmail.com
2026-08-06T23:29:35.268+05:30  INFO 4408 --- [http-nio-5000-exec-7] c.e.a.controller.NotificationController  : Fetching notifications for user: pratiknavale21@gmail.com
2026-08-06T23:29:35.289+05:30  INFO 4408 --- [http-nio-5000-exec-6] c.e.a.controller.NotificationController  : Fetching notifications for user: pratiknavale21@gmail.com
2026-08-06T23:29:38.470+05:30  INFO 4408 --- [http-nio-5000-exec-1] c.e.a.controller.NotificationController  : Fetching notifications for user: pratiknavale21@gmail.com
2026-08-06T23:29:38.490+05:30  INFO 4408 --- [http-nio-5000-exec-9] c.e.a.controller.NotificationController  : Fetching notifications for user: pratiknavale21@gmail.com
2026-08-06T23:29:40.053+05:30  INFO 4408 --- [http-nio-5000-exec-7] c.e.a.controller.NotificationController  : Fetching notifications for user: pratiknavale21@gmail.com
2026-08-06T23:29:40.067+05:30  INFO 4408 --- [http-nio-5000-exec-5] c.e.a.controller.NotificationController  : Fetching notifications for user: pratiknavale21@gmail.com
2026-08-06T23:31:48.303+05:30  INFO 17316 --- [main] com.examind.ai.BackendApplication        : Starting BackendApplication using Java 21.0.10 with PID 17316 (F:\CDAC FINAL PROJECT DRAFT\Versions\removing unecessary code\examind-cleaned\examind-cleaned\backend\target\classes started by Dell in F:\CDAC FINAL PROJECT DRAFT\Versions\removing unecessary code\examind-cleaned\examind-cleaned\backend)
2026-08-06T23:31:48.306+05:30  INFO 17316 --- [main] com.examind.ai.BackendApplication        : No active profile set, falling back to 1 default profile: "default"
2026-08-06T23:31:49.404+05:30  INFO 17316 --- [main] .s.d.r.c.RepositoryConfigurationDelegate : Bootstrapping Spring Data JPA repositories in DEFAULT mode.
2026-08-06T23:31:49.615+05:30  INFO 17316 --- [main] .s.d.r.c.RepositoryConfigurationDelegate : Finished Spring Data repository scanning in 201 ms. Found 18 JPA repository interfaces.
2026-08-06T23:31:50.524+05:30  INFO 17316 --- [main] o.s.b.w.embedded.tomcat.TomcatWebServer  : Tomcat initialized with port 5000 (http)
2026-08-06T23:31:50.550+05:30  INFO 17316 --- [main] o.apache.catalina.core.StandardService   : Starting service [Tomcat]
2026-08-06T23:31:50.551+05:30  INFO 17316 --- [main] o.apache.catalina.core.StandardEngine    : Starting Servlet engine: [Apache Tomcat/10.1.26]
2026-08-06T23:31:50.650+05:30  INFO 17316 --- [main] o.a.c.c.C.[Tomcat].[localhost].[/api]    : Initializing Spring embedded WebApplicationContext
2026-08-06T23:31:50.650+05:30  INFO 17316 --- [main] w.s.c.ServletWebServerApplicationContext : Root WebApplicationContext: initialization completed in 2264 ms
2026-08-06T23:31:50.908+05:30  INFO 17316 --- [main] o.hibernate.jpa.internal.util.LogHelper  : HHH000204: Processing PersistenceUnitInfo [name: default]
2026-08-06T23:31:51.022+05:30  INFO 17316 --- [main] org.hibernate.Version                    : HHH000412: Hibernate ORM core version 6.5.2.Final
2026-08-06T23:31:51.084+05:30  INFO 17316 --- [main] o.h.c.internal.RegionFactoryInitiator    : HHH000026: Second-level cache disabled
2026-08-06T23:31:51.566+05:30  INFO 17316 --- [main] o.s.o.j.p.SpringPersistenceUnitInfo      : No LoadTimeWeaver setup: ignoring JPA class transformer
2026-08-06T23:31:51.616+05:30  INFO 17316 --- [main] com.zaxxer.hikari.HikariDataSource       : HikariPool-1 - Starting...
2026-08-06T23:31:51.839+05:30  INFO 17316 --- [main] com.zaxxer.hikari.pool.HikariPool        : HikariPool-1 - Added connection com.mysql.cj.jdbc.ConnectionImpl@21ea1d9d
2026-08-06T23:31:51.842+05:30  INFO 17316 --- [main] com.zaxxer.hikari.HikariDataSource       : HikariPool-1 - Start completed.
2026-08-06T23:31:51.919+05:30  WARN 17316 --- [main] org.hibernate.orm.deprecation            : HHH90000025: MySQLDialect does not need to be specified explicitly using 'hibernate.dialect' (remove the property setting and it will be selected by default)
2026-08-06T23:31:54.009+05:30  INFO 17316 --- [main] o.h.e.t.j.p.i.JtaPlatformInitiator       : HHH000489: No JTA platform available (set 'hibernate.transaction.jta.platform' to enable JTA platform integration)
2026-08-06T23:31:54.865+05:30  INFO 17316 --- [main] j.LocalContainerEntityManagerFactoryBean : Initialized JPA EntityManagerFactory for persistence unit 'default'
2026-08-06T23:31:55.324+05:30  INFO 17316 --- [main] o.s.d.j.r.query.QueryEnhancerFactory     : Hibernate is in classpath; If applicable, HQL parser will be used.
2026-08-06T23:31:58.114+05:30  WARN 17316 --- [main] JpaBaseConfiguration$JpaWebConfiguration : spring.jpa.open-in-view is enabled by default. Therefore, database queries may be performed during view rendering. Explicitly configure spring.jpa.open-in-view to disable this warning
2026-08-06T23:31:58.184+05:30  INFO 17316 --- [main] r$InitializeUserDetailsManagerConfigurer : Global AuthenticationManager configured with UserDetailsService bean with name customUserDetailsService
2026-08-06T23:31:59.329+05:30  INFO 17316 --- [main] o.s.b.w.embedded.tomcat.TomcatWebServer  : Tomcat started on port 5000 (http) with context path '/api'
2026-08-06T23:31:59.341+05:30  INFO 17316 --- [main] com.examind.ai.BackendApplication        : Started BackendApplication in 11.998 seconds (process running for 12.573)
2026-08-06T23:32:45.477+05:30  INFO 17316 --- [http-nio-5000-exec-1] o.a.c.c.C.[Tomcat].[localhost].[/api]    : Initializing Spring DispatcherServlet 'dispatcherServlet'
2026-08-06T23:32:45.478+05:30  INFO 17316 --- [http-nio-5000-exec-1] o.s.web.servlet.DispatcherServlet        : Initializing Servlet 'dispatcherServlet'
2026-08-06T23:32:45.479+05:30  INFO 17316 --- [http-nio-5000-exec-1] o.s.web.servlet.DispatcherServlet        : Completed initialization in 1 ms
2026-08-06T23:32:54.448+05:30  INFO 17316 --- [http-nio-5000-exec-1] c.e.a.controller.NotificationController  : Fetching notifications for user: pratiknavale21@gmail.com
2026-08-06T23:32:54.546+05:30  INFO 17316 --- [http-nio-5000-exec-4] c.e.a.controller.NotificationController  : Fetching notifications for user: pratiknavale21@gmail.com
2026-08-06T23:33:18.573+05:30  INFO 17316 --- [http-nio-5000-exec-9] c.e.a.controller.NotificationController  : Fetching notifications for user: pratiknavale21@gmail.com
2026-08-06T23:33:18.573+05:30  INFO 17316 --- [http-nio-5000-exec-10] c.e.ai.controller.AICoachController      : Generating AI Coach insights for student: pratiknavale21@gmail.com
2026-08-06T23:33:18.604+05:30  INFO 17316 --- [http-nio-5000-exec-9] c.e.a.controller.NotificationController  : Fetching notifications for user: pratiknavale21@gmail.com
2026-08-06T23:33:18.904+05:30  INFO 17316 --- [http-nio-5000-exec-8] c.e.ai.controller.AICoachController      : Generating AI Coach insights for student: pratiknavale21@gmail.com
2026-08-06T23:33:19.397+05:30  INFO 17316 --- [http-nio-5000-exec-1] c.e.a.controller.NotificationController  : Fetching notifications for user: pratiknavale21@gmail.com
2026-08-06T23:33:19.438+05:30  INFO 17316 --- [http-nio-5000-exec-2] c.e.a.controller.NotificationController  : Fetching notifications for user: pratiknavale21@gmail.com
2026-08-06T23:33:20.243+05:30  INFO 17316 --- [http-nio-5000-exec-3] c.e.a.controller.NotificationController  : Fetching notifications for user: pratiknavale21@gmail.com
2026-08-06T23:33:20.274+05:30  INFO 17316 --- [http-nio-5000-exec-3] c.e.a.controller.NotificationController  : Fetching notifications for user: pratiknavale21@gmail.com
2026-08-06T23:33:21.766+05:30  INFO 17316 --- [http-nio-5000-exec-10] c.e.a.controller.NotificationController  : Fetching notifications for user: pratiknavale21@gmail.com
2026-08-06T23:33:21.775+05:30  INFO 17316 --- [http-nio-5000-exec-2] c.e.ai.service.impl.AttemptServiceImpl   : Loading attempts list for student: pratiknavale21@gmail.com
2026-08-06T23:33:21.793+05:30  INFO 17316 --- [http-nio-5000-exec-4] c.e.a.controller.NotificationController  : Fetching notifications for user: pratiknavale21@gmail.com
2026-08-06T23:33:21.942+05:30  INFO 17316 --- [http-nio-5000-exec-5] c.e.ai.service.impl.AttemptServiceImpl   : Loading attempts list for student: pratiknavale21@gmail.com
2026-08-06T23:33:26.803+05:30  INFO 17316 --- [http-nio-5000-exec-7] c.e.a.controller.NotificationController  : Fetching notifications for user: pratiknavale21@gmail.com
2026-08-06T23:33:26.806+05:30  INFO 17316 --- [http-nio-5000-exec-9] c.e.ai.controller.AnalyticsController    : Loading personal analytics for student: pratiknavale21@gmail.com
2026-08-06T23:33:26.866+05:30  INFO 17316 --- [http-nio-5000-exec-8] c.e.a.controller.NotificationController  : Fetching notifications for user: pratiknavale21@gmail.com
2026-08-06T23:33:26.918+05:30  INFO 17316 --- [http-nio-5000-exec-1] c.e.ai.controller.AnalyticsController    : Loading personal analytics for student: pratiknavale21@gmail.com
2026-08-06T23:33:28.090+05:30  INFO 17316 --- [http-nio-5000-exec-10] c.e.a.controller.NotificationController  : Fetching notifications for user: pratiknavale21@gmail.com
2026-08-06T23:33:28.090+05:30  INFO 17316 --- [http-nio-5000-exec-4] c.e.a.service.impl.DashboardServiceImpl  : Loading student dashboard for: pratiknavale21@gmail.com
2026-08-06T23:33:28.112+05:30  INFO 17316 --- [http-nio-5000-exec-2] c.e.a.controller.NotificationController  : Fetching notifications for user: pratiknavale21@gmail.com
2026-08-06T23:33:28.192+05:30  INFO 17316 --- [http-nio-5000-exec-5] c.e.a.service.impl.DashboardServiceImpl  : Loading student dashboard for: pratiknavale21@gmail.com
2026-08-06T23:33:54.796+05:30  INFO 17316 --- [http-nio-5000-exec-7] c.e.a.controller.NotificationController  : Fetching notifications for user: pratiknavale21@gmail.com
2026-08-06T23:33:54.798+05:30  INFO 17316 --- [http-nio-5000-exec-9] c.e.ai.service.impl.AttemptServiceImpl   : Loading attempts list for student: pratiknavale21@gmail.com
2026-08-06T23:33:54.829+05:30  INFO 17316 --- [http-nio-5000-exec-7] c.e.a.controller.NotificationController  : Fetching notifications for user: pratiknavale21@gmail.com
2026-08-06T23:33:54.892+05:30  INFO 17316 --- [http-nio-5000-exec-8] c.e.ai.service.impl.AttemptServiceImpl   : Loading attempts list for student: pratiknavale21@gmail.com
2026-08-06T23:34:07.003+05:30  INFO 17316 --- [http-nio-5000-exec-10] c.e.ai.controller.AnalyticsController    : Loading personal analytics for student: pratiknavale21@gmail.com
2026-08-06T23:34:07.003+05:30  INFO 17316 --- [http-nio-5000-exec-1] c.e.a.controller.NotificationController  : Fetching notifications for user: pratiknavale21@gmail.com
2026-08-06T23:34:07.024+05:30  INFO 17316 --- [http-nio-5000-exec-2] c.e.a.controller.NotificationController  : Fetching notifications for user: pratiknavale21@gmail.com
2026-08-06T23:34:07.118+05:30  INFO 17316 --- [http-nio-5000-exec-4] c.e.ai.controller.AnalyticsController    : Loading personal analytics for student: pratiknavale21@gmail.com
2026-08-06T23:34:10.177+05:30  INFO 17316 --- [http-nio-5000-exec-5] c.e.a.controller.NotificationController  : Fetching notifications for user: pratiknavale21@gmail.com
2026-08-06T23:34:10.211+05:30  INFO 17316 --- [http-nio-5000-exec-9] c.e.a.controller.NotificationController  : Fetching notifications for user: pratiknavale21@gmail.com
2026-08-06T23:34:11.177+05:30  INFO 17316 --- [http-nio-5000-exec-2] c.e.ai.service.impl.AttemptServiceImpl   : Loading attempts list for student: pratiknavale21@gmail.com
2026-08-06T23:34:11.180+05:30  INFO 17316 --- [http-nio-5000-exec-1] c.e.a.controller.NotificationController  : Fetching notifications for user: pratiknavale21@gmail.com
2026-08-06T23:34:11.207+05:30  INFO 17316 --- [http-nio-5000-exec-10] c.e.a.controller.NotificationController  : Fetching notifications for user: pratiknavale21@gmail.com
2026-08-06T23:34:11.303+05:30  INFO 17316 --- [http-nio-5000-exec-4] c.e.ai.service.impl.AttemptServiceImpl   : Loading attempts list for student: pratiknavale21@gmail.com
2026-08-06T23:34:13.630+05:30  INFO 17316 --- [http-nio-5000-exec-3] c.e.a.controller.NotificationController  : Fetching notifications for user: pratiknavale21@gmail.com
2026-08-06T23:34:13.655+05:30  INFO 17316 --- [http-nio-5000-exec-7] c.e.a.controller.NotificationController  : Fetching notifications for user: pratiknavale21@gmail.com
2026-08-06T23:34:14.393+05:30  INFO 17316 --- [http-nio-5000-exec-1] c.e.a.controller.NotificationController  : Fetching notifications for user: pratiknavale21@gmail.com
2026-08-06T23:34:14.393+05:30  INFO 17316 --- [http-nio-5000-exec-10] c.e.a.service.impl.DashboardServiceImpl  : Loading student dashboard for: pratiknavale21@gmail.com
2026-08-06T23:34:14.423+05:30  INFO 17316 --- [http-nio-5000-exec-2] c.e.a.controller.NotificationController  : Fetching notifications for user: pratiknavale21@gmail.com
2026-08-06T23:34:14.495+05:30  INFO 17316 --- [http-nio-5000-exec-4] c.e.a.service.impl.DashboardServiceImpl  : Loading student dashboard for: pratiknavale21@gmail.com
2026-08-06T23:34:15.821+05:30  INFO 17316 --- [http-nio-5000-exec-6] c.e.a.controller.NotificationController  : Fetching notifications for user: pratiknavale21@gmail.com
2026-08-06T23:34:15.846+05:30  INFO 17316 --- [http-nio-5000-exec-6] c.e.a.controller.NotificationController  : Fetching notifications for user: pratiknavale21@gmail.com
2026-08-06T23:34:22.792+05:30  INFO 17316 --- [http-nio-5000-exec-9] c.e.a.controller.NotificationController  : Fetching notifications for user: pratiknavale21@gmail.com
2026-08-06T23:34:22.793+05:30  INFO 17316 --- [http-nio-5000-exec-1] c.e.ai.service.impl.AttemptServiceImpl   : Loading attempts list for student: pratiknavale21@gmail.com
2026-08-06T23:34:22.801+05:30  INFO 17316 --- [http-nio-5000-exec-8] c.e.ai.service.impl.QuizServiceImpl      : Loading quizzes for user: pratiknavale21@gmail.com, role: student
2026-08-06T23:34:22.819+05:30  INFO 17316 --- [http-nio-5000-exec-2] c.e.a.controller.NotificationController  : Fetching notifications for user: pratiknavale21@gmail.com
2026-08-06T23:34:22.872+05:30  INFO 17316 --- [http-nio-5000-exec-10] c.e.ai.service.impl.AttemptServiceImpl   : Loading attempts list for student: pratiknavale21@gmail.com
2026-08-06T23:34:22.903+05:30  INFO 17316 --- [http-nio-5000-exec-4] c.e.ai.service.impl.QuizServiceImpl      : Loading quizzes for user: pratiknavale21@gmail.com, role: student
2026-08-06T23:34:24.101+05:30  INFO 17316 --- [http-nio-5000-exec-3] c.e.a.controller.NotificationController  : Fetching notifications for user: pratiknavale21@gmail.com
2026-08-06T23:34:24.120+05:30  INFO 17316 --- [http-nio-5000-exec-6] c.e.a.controller.NotificationController  : Fetching notifications for user: pratiknavale21@gmail.com
2026-08-06T23:34:24.470+05:30  INFO 17316 --- [http-nio-5000-exec-9] c.e.a.controller.NotificationController  : Fetching notifications for user: pratiknavale21@gmail.com
2026-08-06T23:34:24.470+05:30  INFO 17316 --- [http-nio-5000-exec-2] c.e.a.service.impl.DashboardServiceImpl  : Loading student dashboard for: pratiknavale21@gmail.com
2026-08-06T23:34:24.503+05:30  INFO 17316 --- [http-nio-5000-exec-1] c.e.a.controller.NotificationController  : Fetching notifications for user: pratiknavale21@gmail.com
2026-08-06T23:34:24.566+05:30  INFO 17316 --- [http-nio-5000-exec-8] c.e.a.service.impl.DashboardServiceImpl  : Loading student dashboard for: pratiknavale21@gmail.com
2026-08-06T23:37:37.503+05:30  INFO 17316 --- [http-nio-5000-exec-5] c.e.a.controller.NotificationController  : Fetching notifications for user: pratiknavale21@gmail.com
2026-08-06T23:37:37.513+05:30  INFO 17316 --- [http-nio-5000-exec-3] c.e.a.service.impl.DashboardServiceImpl  : Loading student dashboard for: pratiknavale21@gmail.com
2026-08-06T23:37:37.532+05:30  INFO 17316 --- [http-nio-5000-exec-6] c.e.a.controller.NotificationController  : Fetching notifications for user: pratiknavale21@gmail.com
2026-08-06T23:37:37.646+05:30  INFO 17316 --- [http-nio-5000-exec-9] c.e.a.service.impl.DashboardServiceImpl  : Loading student dashboard for: pratiknavale21@gmail.com
2026-08-06T23:37:46.191+05:30  INFO 17316 --- [http-nio-5000-exec-7] c.e.a.controller.NotificationController  : Fetching notifications for user: pratiknavale21@gmail.com
2026-08-06T23:37:46.192+05:30  INFO 17316 --- [http-nio-5000-exec-1] c.e.ai.service.impl.AttemptServiceImpl   : Loading attempts list for student: pratiknavale21@gmail.com
2026-08-06T23:37:46.233+05:30  INFO 17316 --- [http-nio-5000-exec-2] c.e.a.controller.NotificationController  : Fetching notifications for user: pratiknavale21@gmail.com
2026-08-06T23:37:46.296+05:30  INFO 17316 --- [http-nio-5000-exec-8] c.e.ai.service.impl.AttemptServiceImpl   : Loading attempts list for student: pratiknavale21@gmail.com
2026-08-06T23:41:48.564+05:30  INFO 17316 --- [http-nio-5000-exec-1] c.e.ai.service.impl.AuthServiceImpl      : User login attempt from IP: 0:0:0:0:0:0:0:1, email: maneprasad1610@gmail.com
2026-08-06T23:41:48.797+05:30  INFO 17316 --- [http-nio-5000-exec-1] c.e.ai.service.impl.AuthServiceImpl      : User logged in successfully: maneprasad1610@gmail.com
2026-08-06T23:41:48.878+05:30  INFO 17316 --- [http-nio-5000-exec-4] c.e.a.controller.NotificationController  : Fetching notifications for user: maneprasad1610@gmail.com
2026-08-06T23:41:48.878+05:30  INFO 17316 --- [http-nio-5000-exec-10] c.e.a.service.impl.DashboardServiceImpl  : Loading student dashboard for: maneprasad1610@gmail.com
2026-08-06T23:41:48.894+05:30  INFO 17316 --- [http-nio-5000-exec-5] c.e.a.controller.NotificationController  : Fetching notifications for user: maneprasad1610@gmail.com
2026-08-06T23:41:48.907+05:30  INFO 17316 --- [http-nio-5000-exec-6] c.e.a.service.impl.DashboardServiceImpl  : Loading student dashboard for: maneprasad1610@gmail.com
2026-08-06T23:41:50.265+05:30  INFO 17316 --- [http-nio-5000-exec-3] c.e.a.controller.NotificationController  : Fetching notifications for user: maneprasad1610@gmail.com
2026-08-06T23:41:50.291+05:30  INFO 17316 --- [http-nio-5000-exec-1] c.e.a.controller.NotificationController  : Fetching notifications for user: maneprasad1610@gmail.com
2026-08-06T23:41:50.789+05:30  INFO 17316 --- [http-nio-5000-exec-4] c.e.a.controller.NotificationController  : Fetching notifications for user: maneprasad1610@gmail.com
2026-08-06T23:41:50.796+05:30  INFO 17316 --- [http-nio-5000-exec-3] c.e.ai.service.impl.AttemptServiceImpl   : Loading attempts list for student: maneprasad1610@gmail.com
2026-08-06T23:41:50.813+05:30  INFO 17316 --- [http-nio-5000-exec-7] c.e.ai.service.impl.QuizServiceImpl      : Loading quizzes for user: maneprasad1610@gmail.com, role: student
2026-08-06T23:41:50.814+05:30  INFO 17316 --- [http-nio-5000-exec-2] c.e.a.controller.NotificationController  : Fetching notifications for user: maneprasad1610@gmail.com
2026-08-06T23:41:50.836+05:30  INFO 17316 --- [http-nio-5000-exec-1] c.e.ai.service.impl.AttemptServiceImpl   : Loading attempts list for student: maneprasad1610@gmail.com
2026-08-06T23:41:50.897+05:30  INFO 17316 --- [http-nio-5000-exec-8] c.e.ai.service.impl.QuizServiceImpl      : Loading quizzes for user: maneprasad1610@gmail.com, role: student
2026-08-06T23:41:51.166+05:30  INFO 17316 --- [http-nio-5000-exec-5] c.e.a.controller.NotificationController  : Fetching notifications for user: maneprasad1610@gmail.com
2026-08-06T23:41:51.193+05:30  INFO 17316 --- [http-nio-5000-exec-4] c.e.a.controller.NotificationController  : Fetching notifications for user: maneprasad1610@gmail.com
2026-08-06T23:41:51.963+05:30  INFO 17316 --- [http-nio-5000-exec-3] c.e.a.controller.NotificationController  : Fetching notifications for user: maneprasad1610@gmail.com
2026-08-06T23:41:51.979+05:30  INFO 17316 --- [http-nio-5000-exec-1] c.e.a.controller.NotificationController  : Fetching notifications for user: maneprasad1610@gmail.com
2026-08-06T23:41:52.930+05:30  INFO 17316 --- [http-nio-5000-exec-7] c.e.a.controller.NotificationController  : Fetching notifications for user: maneprasad1610@gmail.com
2026-08-06T23:41:52.930+05:30  INFO 17316 --- [http-nio-5000-exec-8] c.e.ai.service.impl.AttemptServiceImpl   : Loading attempts list for student: maneprasad1610@gmail.com
2026-08-06T23:41:52.947+05:30  INFO 17316 --- [http-nio-5000-exec-6] c.e.a.controller.NotificationController  : Fetching notifications for user: maneprasad1610@gmail.com
2026-08-06T23:41:52.961+05:30  INFO 17316 --- [http-nio-5000-exec-10] c.e.ai.service.impl.AttemptServiceImpl   : Loading attempts list for student: maneprasad1610@gmail.com
2026-08-06T23:41:54.376+05:30  INFO 17316 --- [http-nio-5000-exec-9] c.e.a.service.impl.DashboardServiceImpl  : Loading student dashboard for: maneprasad1610@gmail.com
2026-08-06T23:41:54.376+05:30  INFO 17316 --- [http-nio-5000-exec-5] c.e.a.controller.NotificationController  : Fetching notifications for user: maneprasad1610@gmail.com
2026-08-06T23:41:54.394+05:30  INFO 17316 --- [http-nio-5000-exec-2] c.e.a.controller.NotificationController  : Fetching notifications for user: maneprasad1610@gmail.com
2026-08-06T23:41:54.397+05:30  INFO 17316 --- [http-nio-5000-exec-4] c.e.a.service.impl.DashboardServiceImpl  : Loading student dashboard for: maneprasad1610@gmail.com
2026-08-06T23:42:08.234+05:30  INFO 17316 --- [http-nio-5000-exec-4] c.e.a.service.impl.DashboardServiceImpl  : Loading student dashboard for: maneprasad1610@gmail.com
2026-08-06T23:42:08.234+05:30  INFO 17316 --- [http-nio-5000-exec-2] c.e.a.controller.NotificationController  : Fetching notifications for user: maneprasad1610@gmail.com
2026-08-06T23:42:08.293+05:30  INFO 17316 --- [http-nio-5000-exec-1] c.e.a.controller.NotificationController  : Fetching notifications for user: maneprasad1610@gmail.com
2026-08-06T23:42:08.294+05:30  INFO 17316 --- [http-nio-5000-exec-7] c.e.a.service.impl.DashboardServiceImpl  : Loading student dashboard for: maneprasad1610@gmail.com
2026-08-06T23:42:10.593+05:30  INFO 17316 --- [http-nio-5000-exec-3] c.e.a.controller.NotificationController  : Fetching notifications for user: maneprasad1610@gmail.com
2026-08-06T23:42:10.616+05:30  INFO 17316 --- [http-nio-5000-exec-3] c.e.a.controller.NotificationController  : Fetching notifications for user: maneprasad1610@gmail.com
2026-08-06T23:42:10.895+05:30  INFO 17316 --- [http-nio-5000-exec-5] c.e.a.controller.NotificationController  : Fetching notifications for user: maneprasad1610@gmail.com
2026-08-06T23:42:10.895+05:30  INFO 17316 --- [http-nio-5000-exec-9] c.e.ai.service.impl.AttemptServiceImpl   : Loading attempts list for student: maneprasad1610@gmail.com
2026-08-06T23:42:10.911+05:30  INFO 17316 --- [http-nio-5000-exec-2] c.e.a.controller.NotificationController  : Fetching notifications for user: maneprasad1610@gmail.com
2026-08-06T23:42:10.941+05:30  INFO 17316 --- [http-nio-5000-exec-4] c.e.ai.service.impl.AttemptServiceImpl   : Loading attempts list for student: maneprasad1610@gmail.com
2026-08-06T23:42:11.697+05:30  INFO 17316 --- [http-nio-5000-exec-7] c.e.a.controller.NotificationController  : Fetching notifications for user: maneprasad1610@gmail.com
2026-08-06T23:42:11.728+05:30  INFO 17316 --- [http-nio-5000-exec-7] c.e.a.controller.NotificationController  : Fetching notifications for user: maneprasad1610@gmail.com
2026-08-06T23:42:12.897+05:30  INFO 17316 --- [http-nio-5000-exec-5] c.e.a.controller.NotificationController  : Fetching notifications for user: maneprasad1610@gmail.com
2026-08-06T23:42:12.898+05:30  INFO 17316 --- [http-nio-5000-exec-2] c.e.ai.service.impl.AttemptServiceImpl   : Loading attempts list for student: maneprasad1610@gmail.com
2026-08-06T23:42:12.900+05:30  INFO 17316 --- [http-nio-5000-exec-9] c.e.ai.service.impl.QuizServiceImpl      : Loading quizzes for user: maneprasad1610@gmail.com, role: student
2026-08-06T23:42:12.912+05:30  INFO 17316 --- [http-nio-5000-exec-4] c.e.a.controller.NotificationController  : Fetching notifications for user: maneprasad1610@gmail.com
2026-08-06T23:42:12.927+05:30  INFO 17316 --- [http-nio-5000-exec-1] c.e.ai.service.impl.AttemptServiceImpl   : Loading attempts list for student: maneprasad1610@gmail.com
2026-08-06T23:42:12.974+05:30  INFO 17316 --- [http-nio-5000-exec-10] c.e.ai.service.impl.QuizServiceImpl      : Loading quizzes for user: maneprasad1610@gmail.com, role: student
2026-08-06T23:42:13.283+05:30  INFO 17316 --- [http-nio-5000-exec-3] c.e.a.controller.NotificationController  : Fetching notifications for user: maneprasad1610@gmail.com
2026-08-06T23:42:13.284+05:30  INFO 17316 --- [http-nio-5000-exec-6] c.e.a.service.impl.DashboardServiceImpl  : Loading student dashboard for: maneprasad1610@gmail.com
2026-08-06T23:42:13.299+05:30  INFO 17316 --- [http-nio-5000-exec-8] c.e.a.controller.NotificationController  : Fetching notifications for user: maneprasad1610@gmail.com
2026-08-06T23:42:13.309+05:30  INFO 17316 --- [http-nio-5000-exec-7] c.e.a.service.impl.DashboardServiceImpl  : Loading student dashboard for: maneprasad1610@gmail.com
2026-08-06T23:42:13.800+05:30  INFO 17316 --- [http-nio-5000-exec-5] c.e.a.controller.NotificationController  : Fetching notifications for user: maneprasad1610@gmail.com
2026-08-06T23:42:13.800+05:30  INFO 17316 --- [http-nio-5000-exec-2] c.e.ai.service.impl.QuizServiceImpl      : Loading quizzes for user: maneprasad1610@gmail.com, role: student
2026-08-06T23:42:13.801+05:30  INFO 17316 --- [http-nio-5000-exec-4] c.e.ai.service.impl.AttemptServiceImpl   : Loading attempts list for student: maneprasad1610@gmail.com
2026-08-06T23:42:13.817+05:30  INFO 17316 --- [http-nio-5000-exec-1] c.e.a.controller.NotificationController  : Fetching notifications for user: maneprasad1610@gmail.com
2026-08-06T23:42:13.834+05:30  INFO 17316 --- [http-nio-5000-exec-9] c.e.ai.service.impl.AttemptServiceImpl   : Loading attempts list for student: maneprasad1610@gmail.com
2026-08-06T23:42:13.871+05:30  INFO 17316 --- [http-nio-5000-exec-10] c.e.ai.service.impl.QuizServiceImpl      : Loading quizzes for user: maneprasad1610@gmail.com, role: student
2026-08-06T23:42:14.174+05:30  INFO 17316 --- [http-nio-5000-exec-6] c.e.a.service.impl.DashboardServiceImpl  : Loading student dashboard for: maneprasad1610@gmail.com
2026-08-06T23:42:14.174+05:30  INFO 17316 --- [http-nio-5000-exec-3] c.e.a.controller.NotificationController  : Fetching notifications for user: maneprasad1610@gmail.com
2026-08-06T23:42:14.200+05:30  INFO 17316 --- [http-nio-5000-exec-8] c.e.a.controller.NotificationController  : Fetching notifications for user: maneprasad1610@gmail.com
2026-08-06T23:42:14.203+05:30  INFO 17316 --- [http-nio-5000-exec-7] c.e.a.service.impl.DashboardServiceImpl  : Loading student dashboard for: maneprasad1610@gmail.com
2026-08-06T23:42:14.941+05:30  INFO 17316 --- [http-nio-5000-exec-5] c.e.a.controller.NotificationController  : Fetching notifications for user: maneprasad1610@gmail.com
2026-08-06T23:42:14.955+05:30  INFO 17316 --- [http-nio-5000-exec-1] c.e.a.controller.NotificationController  : Fetching notifications for user: maneprasad1610@gmail.com
2026-08-06T23:42:15.318+05:30  INFO 17316 --- [http-nio-5000-exec-2] c.e.a.controller.NotificationController  : Fetching notifications for user: maneprasad1610@gmail.com
2026-08-06T23:42:15.318+05:30  INFO 17316 --- [http-nio-5000-exec-10] c.e.ai.service.impl.QuizServiceImpl      : Loading quizzes for user: maneprasad1610@gmail.com, role: student
2026-08-06T23:42:15.322+05:30  INFO 17316 --- [http-nio-5000-exec-3] c.e.ai.service.impl.AttemptServiceImpl   : Loading attempts list for student: maneprasad1610@gmail.com
2026-08-06T23:42:15.329+05:30  INFO 17316 --- [http-nio-5000-exec-6] c.e.a.controller.NotificationController  : Fetching notifications for user: maneprasad1610@gmail.com
2026-08-06T23:42:15.343+05:30  INFO 17316 --- [http-nio-5000-exec-8] c.e.ai.service.impl.AttemptServiceImpl   : Loading attempts list for student: maneprasad1610@gmail.com
2026-08-06T23:42:15.384+05:30  INFO 17316 --- [http-nio-5000-exec-7] c.e.ai.service.impl.QuizServiceImpl      : Loading quizzes for user: maneprasad1610@gmail.com, role: student
2026-08-06T23:42:15.711+05:30  INFO 17316 --- [http-nio-5000-exec-5] c.e.a.controller.NotificationController  : Fetching notifications for user: maneprasad1610@gmail.com
2026-08-06T23:42:15.712+05:30  INFO 17316 --- [http-nio-5000-exec-4] c.e.ai.service.impl.AttemptServiceImpl   : Loading attempts list for student: maneprasad1610@gmail.com
2026-08-06T23:42:15.747+05:30  INFO 17316 --- [http-nio-5000-exec-1] c.e.a.controller.NotificationController  : Fetching notifications for user: maneprasad1610@gmail.com
2026-08-06T23:42:15.763+05:30  INFO 17316 --- [http-nio-5000-exec-9] c.e.ai.service.impl.AttemptServiceImpl   : Loading attempts list for student: maneprasad1610@gmail.com
2026-08-06T23:42:16.696+05:30  INFO 17316 --- [http-nio-5000-exec-3] c.e.a.controller.NotificationController  : Fetching notifications for user: maneprasad1610@gmail.com
2026-08-06T23:42:16.699+05:30  INFO 17316 --- [http-nio-5000-exec-8] c.e.ai.controller.AnalyticsController    : Loading personal analytics for student: maneprasad1610@gmail.com
2026-08-06T23:42:16.712+05:30  INFO 17316 --- [http-nio-5000-exec-10] c.e.a.controller.NotificationController  : Fetching notifications for user: maneprasad1610@gmail.com
2026-08-06T23:42:16.724+05:30  INFO 17316 --- [http-nio-5000-exec-7] c.e.ai.controller.AnalyticsController    : Loading personal analytics for student: maneprasad1610@gmail.com
2026-08-06T23:42:19.074+05:30  INFO 17316 --- [http-nio-5000-exec-5] c.e.a.controller.NotificationController  : Fetching notifications for user: maneprasad1610@gmail.com
2026-08-06T23:42:19.074+05:30  INFO 17316 --- [http-nio-5000-exec-4] c.e.a.service.impl.DashboardServiceImpl  : Loading student dashboard for: maneprasad1610@gmail.com
2026-08-06T23:42:19.087+05:30  INFO 17316 --- [http-nio-5000-exec-1] c.e.a.controller.NotificationController  : Fetching notifications for user: maneprasad1610@gmail.com
2026-08-06T23:42:19.094+05:30  INFO 17316 --- [http-nio-5000-exec-9] c.e.a.service.impl.DashboardServiceImpl  : Loading student dashboard for: maneprasad1610@gmail.com
2026-08-06T23:42:23.850+05:30  INFO 17316 --- [http-nio-5000-exec-1] c.e.ai.service.impl.AttemptServiceImpl   : Loading attempts list for student: pratiknavale21@gmail.com
2026-08-06T23:42:23.855+05:30  INFO 17316 --- [http-nio-5000-exec-4] c.e.a.controller.NotificationController  : Fetching notifications for user: pratiknavale21@gmail.com
2026-08-06T23:42:23.889+05:30  INFO 17316 --- [http-nio-5000-exec-4] c.e.a.controller.NotificationController  : Fetching notifications for user: pratiknavale21@gmail.com
2026-08-06T23:42:23.963+05:30  INFO 17316 --- [http-nio-5000-exec-2] c.e.ai.service.impl.AttemptServiceImpl   : Loading attempts list for student: pratiknavale21@gmail.com
